frame,timestamp,class,model_class,track_id,confidence,x1,y1,x2,y2
0,0.0,person,person,1,0.9089,1185.47,277.31,1264.24,439.21
0,0.0,person,person,2,0.841,981.98,17.98,1019.3,80.61
0,0.0,person,person,3,0.8071,1093.69,58.4,1135.3,136.74
0,0.0,person,person,4,0.7888,648.24,671.09,786.87,857.03
0,0.0,person,person,5,0.7804,1842.93,454.24,1919.77,550.88
0,0.0,person,person,6,0.7704,137.09,218.26,197.21,292.74
0,0.0,racket,tennis racket,7,0.7105,759.31,720.06,800.18,757.94
0,0.0,person,person,8,0.6987,867.12,2.81,897.58,55.25
0,0.0,person,person,9,0.6547,768.62,54.7,816.04,133.7
0,0.0,person,person,10,0.5595,365.44,84.3,389.29,134.06
0,0.0,ball,sports ball,11,0.4438,1023.04,273.19,1034.04,281.47
0,0.0,person,person,12,0.4377,63.47,424.26,108.41,478.54
0,0.0,person,person,13,0.3317,774.64,53.63,807.96,133.32
0,0.0,person,person,14,0.3226,1430.63,55.42,1470.94,87.17
1,0.033,person,person,1,0.901,1185.8,277.26,1264.68,439.4
1,0.033,person,person,2,0.8315,983.03,18.11,1020.27,80.65
1,0.033,person,person,3,0.8028,1093.65,57.75,1135.52,136.53
1,0.033,person,person,4,0.7634,644.3,669.18,778.43,848.99
1,0.033,person,person,5,0.7662,1844.41,456.71,1919.35,550.94
1,0.033,person,person,6,0.765,136.76,218.28,196.86,292.72
1,0.033,racket,tennis racket,7,0.7243,752.29,714.3,794.33,753.29
1,0.033,person,person,8,0.738,865.85,3.29,895.99,55.29
1,0.033,person,person,9,0.7609,770.46,54.01,818.12,133.51
1,0.033,person,person,10,0.3769,365.73,85.8,389.49,135.39
1,0.033,ball,sports ball,11,0.4638,1023.07,273.22,1034.06,281.49
1,0.033,person,person,12,0.443,63.59,424.28,108.45,478.46
1,0.033,person,person,14,0.285,1430.65,55.47,1470.92,87.2
2,0.067,person,person,1,0.8925,1186.61,278.15,1265.24,439.69
2,0.067,person,person,2,0.8389,984.2,17.85,1021.51,80.7
2,0.067,person,person,3,0.8134,1093.24,57.14,1135.34,136.16
2,0.067,person,person,4,0.8354,638.42,667.02,772.16,846.15
2,0.067,person,person,5,0.8349,1845.14,457.29,1919.78,551.15
2,0.067,person,person,6,0.7806,136.77,218.29,196.85,292.68
2,0.067,racket,tennis racket,7,0.7537,745.55,708.52,787.42,747.36
2,0.067,person,person,8,0.7324,865.01,3.64,894.82,55.14
2,0.067,person,person,9,0.8004,770.71,53.53,818.35,133.36
2,0.067,person,person,10,0.3995,365.74,83.99,390.09,134.84
2,0.067,ball,sports ball,11,0.4354,1023.09,273.21,1034.06,281.46
2,0.067,person,person,12,0.4562,63.63,424.31,108.4,478.38
2,0.067,person,person,14,0.3424,1430.59,55.43,1470.95,87.23
2,0.067,person,person,15,0.3703,980.28,0.08,994.12,12.87
3,0.1,person,person,1,0.8931,1186.9,278.44,1265.46,439.78
3,0.1,person,person,2,0.8345,984.6,17.8,1021.79,80.69
3,0.1,person,person,3,0.8144,1093.09,56.95,1135.36,136.09
3,0.1,person,person,4,0.8318,636.69,666.37,770.51,845.42
3,0.1,person,person,5,0.8346,1845.1,456.88,1920.0,551.23
3,0.1,person,person,6,0.7768,136.75,218.29,196.86,292.66
3,0.1,racket,tennis racket,7,0.7476,743.48,706.72,785.32,745.55
3,0.1,person,person,8,0.7332,864.76,3.71,894.44,55.08
3,0.1,person,person,10,0.417,365.82,83.34,390.33,134.61
3,0.1,ball,sports ball,11,0.446,1023.11,273.22,1034.05,281.45
3,0.1,person,person,12,0.4581,63.57,424.39,108.2,478.29
3,0.1,person,person,14,0.3048,1430.6,55.42,1470.93,87.21
3,0.1,person,person,15,0.3705,980.35,0.08,994.16,12.83
3,0.1,person,person,13,0.8023,777.31,53.47,810.92,133.29
4,0.133,person,person,1,0.8839,1187.36,279.42,1265.51,439.57
4,0.133,person,person,2,0.8352,985.89,18.01,1022.75,80.85
4,0.133,person,person,3,0.7624,1094.98,56.34,1137.14,135.2
4,0.133,person,person,4,0.8859,631.75,664.33,767.67,845.77
4,0.133,person,person,5,0.81,1846.99,460.12,1919.43,551.18
4,0.133,person,person,6,0.7752,136.87,218.25,197.0,292.64
4,0.133,racket,tennis racket,7,0.7208,738.54,702.39,783.53,744.42
4,0.133,person,person,8,0.7819,863.62,3.96,893.32,55.44
4,0.133,person,person,10,0.292,366.88,83.0,391.31,134.45
4,0.133,ball,sports ball,11,0.4645,1023.12,273.22,1034.04,281.43
4,0.133,person,person,12,0.4898,63.6,424.28,107.99,477.87
4,0.133,person,person,14,0.3282,1430.56,55.36,1470.95,87.2
4,0.133,person,person,15,0.4109,979.29,0.02,994.16,13.73
4,0.133,person,person,13,0.7672,779.21,53.77,813.01,133.68
5,0.167,person,person,1,0.8666,1188.27,280.04,1266.23,439.49
5,0.167,person,person,2,0.8223,986.82,17.87,1023.45,80.99
5,0.167,person,person,3,0.7621,1098.4,55.63,1140.12,133.93
5,0.167,person,person,4,0.8641,626.95,662.66,765.02,846.23
5,0.167,person,person,5,0.8379,1848.91,464.0,1918.4,551.1
5,0.167,person,person,6,0.7804,136.8,218.28,197.01,292.72
5,0.167,racket,tennis racket,7,0.7152,731.79,698.26,780.72,744.37
5,0.167,person,person,8,0.7999,862.06,3.89,892.09,56.24
5,0.167,ball,sports ball,11,0.4588,1023.15,273.23,1034.04,281.42
5,0.167,person,person,12,0.4958,63.58,424.23,107.88,477.7
5,0.167,person,person,14,0.3255,1430.51,55.36,1470.91,87.22
5,0.167,person,person,15,0.4105,979.3,0.08,994.41,14.04
5,0.167,person,person,13,0.6347,781.85,53.66,815.44,133.31
6,0.2,person,person,1,0.8685,1190.79,280.34,1268.54,439.58
6,0.2,person,person,2,0.8155,987.54,17.77,1023.92,81.15
6,0.2,person,person,3,0.7359,1100.55,55.39,1141.64,132.68
6,0.2,person,person,4,0.6279,622.71,661.46,762.91,846.7
6,0.2,person,person,5,0.8343,1850.05,464.77,1918.96,551.07
6,0.2,person,person,6,0.7719,136.65,218.3,197.01,292.89
6,0.2,racket,tennis racket,7,0.7426,728.24,695.9,777.17,742.33
6,0.2,person,person,8,0.7737,861.0,4.06,891.07,56.69
6,0.2,ball,sports ball,11,0.4186,1023.13,273.25,1034.04,281.46
6,0.2,person,person,12,0.4948,63.52,424.27,107.78,477.7
6,0.2,person,person,14,0.4537,1430.49,55.3,1470.99,87.25
6,0.2,person,person,15,0.4037,979.34,0.11,994.47,14.12
6,0.2,person,person,13,0.7484,784.72,53.43,818.34,133.66
6,0.2,person,person,10,0.3321,368.48,82.11,392.88,133.94
7,0.233,person,person,1,0.8823,1195.01,281.47,1271.8,439.54
7,0.233,person,person,2,0.8117,988.49,18.57,1024.06,81.14
7,0.233,person,person,3,0.7071,1101.89,55.32,1142.67,132.04
7,0.233,person,person,4,0.8342,617.55,660.72,760.01,847.34
7,0.233,person,person,5,0.8267,1851.63,465.42,1919.63,550.66
7,0.233,person,person,6,0.7672,136.6,218.31,197.03,292.93
7,0.233,racket,tennis racket,7,0.7633,723.99,693.77,774.52,742.06
7,0.233,person,person,8,0.7615,859.78,3.98,889.9,56.88
7,0.233,ball,sports ball,11,0.395,1023.13,273.25,1034.06,281.48
7,0.233,person,person,12,0.4945,63.49,424.33,107.62,477.62
7,0.233,person,person,14,0.3864,1430.53,55.32,1470.94,87.23
7,0.233,person,person,15,0.406,979.49,0.13,994.56,14.11
7,0.233,person,person,13,0.7957,786.62,53.34,820.17,133.95
7,0.233,person,person,10,0.281,369.91,82.45,392.73,131.28
8,0.267,person,person,1,0.8629,1199.63,281.85,1275.28,439.31
8,0.267,person,person,2,0.8128,989.28,18.87,1024.22,80.95
8,0.267,person,person,3,0.767,1102.9,55.19,1143.7,131.92
8,0.267,person,person,4,0.8693,611.74,659.69,756.91,848.03
8,0.267,person,person,5,0.7862,1852.99,463.62,1920.0,550.92
8,0.267,person,person,6,0.7633,136.72,218.32,197.19,293.0
8,0.267,racket,tennis racket,7,0.7095,720.58,693.23,770.77,741.26
8,0.267,person,person,8,0.7945,858.5,4.89,888.32,57.06
8,0.267,ball,sports ball,11,0.3578,1023.13,273.25,1034.03,281.46
8,0.267,person,person,12,0.4766,63.42,424.38,107.53,477.67
8,0.267,person,person,14,0.322,1430.49,55.33,1470.73,87.09
8,0.267,person,person,15,0.4306,979.49,0.14,994.52,14.11
8,0.267,person,person,13,0.7441,789.01,53.44,822.47,134.23
9,0.3,person,person,1,0.8602,1201.44,281.92,1276.18,439.17
9,0.3,person,person,2,0.8102,989.67,18.92,1024.15,80.83
9,0.3,person,person,3,0.7711,1103.26,55.19,1144.04,131.87
9,0.3,person,person,4,0.8697,609.28,659.35,756.27,848.29
9,0.3,person,person,5,0.7897,1853.57,462.87,1920.0,551.05
9,0.3,person,person,6,0.751,136.77,218.31,197.2,292.91
9,0.3,racket,tennis racket,7,0.7164,719.51,693.23,769.41,741.04
9,0.3,person,person,8,0.7908,858.04,5.26,887.78,57.08
9,0.3,ball,sports ball,11,0.3788,1023.15,273.25,1034.03,281.44
9,0.3,person,person,12,0.4742,63.33,424.42,107.37,477.68
9,0.3,person,person,14,0.3328,1430.33,55.34,1470.67,87.18
9,0.3,person,person,15,0.4326,979.5,0.15,994.47,14.09
9,0.3,person,person,13,0.7443,789.85,53.47,823.14,134.27
10,0.333,person,person,1,0.8785,1204.48,282.22,1277.96,439.16
10,0.333,person,person,2,0.8199,990.04,18.95,1024.22,80.86
10,0.333,person,person,3,0.7226,1103.4,54.87,1144.54,132.3
10,0.333,person,person,4,0.8536,605.57,658.05,755.11,848.12
10,0.333,person,person,5,0.7583,1855.78,462.75,1920.0,550.98
10,0.333,person,person,6,0.772,136.98,218.31,197.32,292.83
10,0.333,racket,tennis racket,7,0.6092,712.76,693.78,768.93,748.11
10,0.333,person,person,8,0.7762,857.33,5.63,887.42,57.82
10,0.333,ball,sports ball,11,0.4006,1023.13,273.24,1034.01,281.43
10,0.333,person,person,12,0.4666,63.41,424.37,107.56,477.78
10,0.333,person,person,14,0.3148,1430.34,55.39,1470.59,87.15
10,0.333,person,person,15,0.4266,979.47,0.14,994.46,14.13
10,0.333,person,person,13,0.7673,792.79,53.42,826.24,134.1
11,0.367,person,person,1,0.8595,1206.68,283.0,1278.97,439.65
11,0.367,person,person,2,0.8136,990.27,18.95,1024.14,80.86
11,0.367,person,person,3,0.7384,1103.72,54.58,1145.05,132.29
11,0.367,person,person,4,0.4125,601.67,656.54,751.58,844.55
11,0.367,person,person,5,0.7217,1859.24,465.27,1920.0,550.96
11,0.367,person,person,6,0.758,137.04,218.39,197.28,292.78
11,0.367,racket,tennis racket,7,0.5679,707.57,695.68,764.63,750.86
11,0.367,person,person,8,0.7581,857.25,6.1,887.54,58.42
11,0.367,ball,sports ball,11,0.3937,1023.14,273.23,1034.02,281.42
11,0.367,person,person,12,0.4718,63.34,424.41,107.42,477.78
11,0.367,person,person,14,0.3236,1430.36,55.36,1470.63,87.12
11,0.367,person,person,15,0.407,979.65,0.15,994.57,14.07
11,0.367,person,person,13,0.775,796.07,53.51,829.96,133.94
12,0.4,person,person,1,0.8636,1207.58,283.37,1278.85,439.46
12,0.4,person,person,2,0.7999,990.35,18.9,1024.04,80.96
12,0.4,person,person,3,0.685,1103.46,54.27,1145.24,132.49
12,0.4,person,person,4,0.5748,597.85,655.58,718.75,803.86
12,0.4,person,person,5,0.7348,1862.95,466.36,1920.0,551.01
12,0.4,person,person,6,0.7585,136.97,218.44,197.17,292.78
12,0.4,racket,tennis racket,7,0.614,702.12,699.02,758.61,753.21
12,0.4,person,person,8,0.7465,856.76,6.47,887.33,58.86
12,0.4,ball,sports ball,11,0.3807,1023.12,273.22,1034.0,281.41
12,0.4,person,person,12,0.469,63.38,424.34,107.57,477.87
12,0.4,person,person,14,0.371,1430.36,55.33,1470.68,87.13
12,0.4,person,person,15,0.3763,979.69,0.15,994.62,14.1
12,0.4,person,person,13,0.7625,799.59,53.55,834.31,133.65
13,0.433,person,person,1,0.8469,1208.51,283.79,1278.81,439.04
13,0.433,person,person,2,0.7887,990.85,18.92,1024.5,81.13
13,0.433,person,person,3,0.6984,1102.78,54.17,1144.62,132.19
13,0.433,person,person,4,0.6461,593.29,654.8,703.44,787.05
13,0.433,person,person,5,0.7726,1866.29,467.04,1920.0,550.98
13,0.433,person,person,6,0.7601,137.05,218.45,197.07,292.55
13,0.433,racket,tennis racket,7,0.587,701.02,703.62,751.15,750.85
13,0.433,person,person,8,0.7366,855.92,6.72,886.87,59.61
13,0.433,ball,sports ball,11,0.4191,1023.12,273.21,1034.0,281.4
13,0.433,person,person,12,0.5026,63.57,424.22,107.83,477.83
13,0.433,person,person,14,0.377,1430.35,55.32,1470.63,87.06
13,0.433,person,person,15,0.3759,979.72,0.14,994.6,14.07
13,0.433,person,person,13,0.8254,801.15,53.41,836.88,133.48
14,0.467,person,person,1,0.8479,1207.44,284.23,1277.46,438.88
14,0.467,person,person,2,0.7918,991.08,18.34,1024.78,80.94
14,0.467,person,person,3,0.6942,1101.97,54.07,1143.33,130.88
14,0.467,person,person,4,0.7159,584.26,654.52,696.62,788.15
14,0.467,person,person,5,0.7399,1870.09,467.76,1920.0,551.05
14,0.467,person,person,6,0.7523,137.01,218.43,196.99,292.45
14,0.467,racket,tennis racket,7,0.5917,695.49,708.44,745.13,754.28
14,0.467,person,person,8,0.7415,855.21,7.18,886.17,60.05
14,0.467,ball,sports ball,11,0.4068,1023.12,273.21,1034.0,281.41
14,0.467,person,person,12,0.5041,63.63,424.17,107.94,477.8
14,0.467,person,person,14,0.4038,1430.32,55.3,1470.68,87.09
14,0.467,person,person,15,0.3469,979.77,0.15,994.59,14.02
14,0.467,person,person,13,0.8243,802.17,53.33,838.8,133.27
14,0.467,racket,tennis racket,29,0.4451,676.86,709.94,748.68,761.25
15,0.5,person,person,1,0.8486,1207.0,284.4,1276.9,438.82
15,0.5,person,person,2,0.7921,991.19,18.12,1024.82,80.86
15,0.5,person,person,3,0.6955,1101.52,54.02,1142.84,130.43
15,0.5,person,person,4,0.7162,581.11,654.44,694.86,788.54
15,0.5,person,person,5,0.7418,1871.95,467.99,1920.0,551.08
15,0.5,person,person,6,0.7523,137.0,218.44,196.96,292.42
15,0.5,racket,tennis racket,7,0.5913,693.36,710.12,743.38,755.47
15,0.5,person,person,8,0.7386,854.94,7.3,885.92,60.16
15,0.5,ball,sports ball,11,0.4054,1023.12,273.21,1034.0,281.41
15,0.5,person,person,12,0.5039,63.65,424.15,107.99,477.79
15,0.5,person,person,14,0.4115,1430.31,55.29,1470.7,87.09
15,0.5,person,person,15,0.3459,979.79,0.15,994.58,14.0
15,0.5,person,person,13,0.8235,802.18,53.3,839.69,133.19
15,0.5,racket,tennis racket,29,0.4456,675.71,710.66,747.78,762.11
16,0.533,person,person,1,0.8386,1209.99,284.29,1279.48,438.83
16,0.533,person,person,2,0.7814,991.5,18.1,1025.01,80.66
16,0.533,person,person,3,0.7956,1101.63,53.93,1142.54,130.08
16,0.533,person,person,4,0.7691,578.57,655.26,686.61,781.2
16,0.533,person,person,5,0.746,1873.78,468.7,1920.0,551.18
16,0.533,person,person,6,0.7693,136.85,218.46,196.85,292.41
16,0.533,racket,tennis racket,7,0.2978,689.75,713.65,738.52,756.65
16,0.533,person,person,8,0.7475,854.11,7.53,884.84,60.04
16,0.533,ball,sports ball,11,0.395,1023.13,273.21,1033.99,281.4
16,0.533,person,person,12,0.5174,63.69,424.13,107.95,477.63
16,0.533,person,person,14,0.369,1430.37,55.31,1470.65,87.01
16,0.533,person,person,15,0.3722,979.76,0.15,994.57,14.03
16,0.533,person,person,13,0.8244,802.33,53.42,840.77,133.14
16,0.533,racket,tennis racket,29,0.7028,671.54,714.25,742.27,764.58
17,0.567,person,person,1,0.8547,1212.11,285.02,1281.16,438.94
17,0.567,person,person,2,0.7668,991.2,18.04,1024.61,80.7
17,0.567,person,person,3,0.7775,1101.02,53.9,1141.59,130.22
17,0.567,person,person,4,0.7988,554.58,657.07,704.37,836.55
17,0.567,person,person,5,0.7094,1875.13,470.45,1920.0,551.45
17,0.567,person,person,6,0.7719,136.81,218.48,196.82,292.37
17,0.567,person,person,8,0.7434,852.88,7.65,883.29,59.95
17,0.567,ball,sports ball,11,0.421,1023.13,273.21,1033.98,281.39
17,0.567,person,person,12,0.4961,63.75,424.11,107.96,477.49
17,0.567,person,person,14,0.3576,1430.36,55.33,1470.57,86.95
17,0.567,person,person,15,0.343,979.79,0.17,994.71,14.12
17,0.567,person,person,13,0.846,802.37,53.56,841.92,133.12
17,0.567,racket,tennis racket,29,0.7327,675.6,718.13,739.84,763.76
17,0.567,racket,tennis racket,34,0.3829,1202.82,353.05,1230.23,373.39
18,0.6,person,person,1,0.8721,1213.95,285.35,1282.92,438.95
18,0.6,person,person,2,0.7763,991.2,18.08,1024.37,80.46
18,0.6,person,person,3,0.7298,1099.46,53.54,1139.66,130.17
18,0.6,person,person,4,0.7735,559.86,655.93,686.82,807.15
18,0.6,person,person,5,0.6779,1876.25,472.51,1920.0,551.9
18,0.6,person,person,6,0.7771,136.48,218.46,196.63,292.39
18,0.6,person,person,8,0.7465,851.77,7.58,882.04,60.09
18,0.6,ball,sports ball,11,0.4157,1023.14,273.22,1033.97,281.39
18,0.6,person,person,12,0.4968,63.81,424.16,107.99,477.43
18,0.6,person,person,14,0.3391,1430.33,55.34,1470.45,86.85
18,0.6,person,person,15,0.3408,979.7,0.18,994.53,13.97
18,0.6,person,person,13,0.8457,802.85,53.5,843.51,133.39
18,0.6,racket,tennis racket,29,0.5882,662.74,722.06,733.38,771.96
18,0.6,racket,tennis racket,34,0.4338,1202.94,352.68,1229.88,372.59
18,0.6,racket,tennis racket,36,0.3214,1077.81,81.1,1106.03,104.46
18,0.6,person,person,10,0.3772,377.94,84.2,401.89,134.11
19,0.633,person,person,1,0.8686,1215.59,285.47,1284.94,439.15
19,0.633,person,person,2,0.7585,991.27,18.51,1023.98,80.23
19,0.633,person,person,3,0.8036,1098.55,53.25,1138.54,130.54
19,0.633,person,person,4,0.8048,560.32,651.97,678.49,792.31
19,0.633,person,person,5,0.7341,1877.13,473.85,1920.0,551.76
19,0.633,person,person,6,0.7804,136.49,218.61,196.6,292.37
19,0.633,person,person,8,0.7369,850.82,7.36,881.1,60.2
19,0.633,ball,sports ball,11,0.4138,1023.14,273.24,1033.96,281.39
19,0.633,person,person,12,0.5118,63.7,424.25,107.94,477.6
19,0.633,person,person,14,0.3275,1430.34,55.33,1470.47,86.82
19,0.633,person,person,15,0.3551,979.66,0.18,994.43,13.84
19,0.633,person,person,13,0.8483,803.6,53.43,844.92,133.36
19,0.633,racket,tennis racket,29,0.4465,654.29,725.09,727.95,776.77
19,0.633,racket,tennis racket,34,0.4561,1203.36,352.73,1229.66,372.05
19,0.633,racket,tennis racket,36,0.4209,1077.18,80.66,1105.92,104.43
19,0.633,person,person,10,0.5426,377.15,82.35,402.5,134.59
19,0.633,racket,tennis racket,7,0.5197,675.36,724.14,724.79,766.21
20,0.667,person,person,1,0.8606,1216.8,285.33,1287.0,439.82
20,0.667,person,person,2,0.7727,990.52,18.5,1022.98,80.31
20,0.667,person,person,3,0.7818,1097.79,52.96,1137.7,131.03
20,0.667,person,person,4,0.8281,554.68,642.45,676.53,787.97
20,0.667,person,person,5,0.7499,1877.86,475.26,1920.0,551.93
20,0.667,person,person,6,0.7744,136.57,218.73,196.64,292.33
20,0.667,person,person,8,0.7646,850.25,7.42,880.46,60.29
20,0.667,ball,sports ball,11,0.4442,1023.14,273.23,1033.96,281.39
20,0.667,person,person,12,0.5366,63.79,424.29,107.95,477.53
20,0.667,person,person,14,0.3313,1430.32,55.34,1470.48,86.82
20,0.667,person,person,15,0.3748,979.67,0.18,994.41,13.76
20,0.667,person,person,13,0.813,804.54,53.79,846.15,133.37
20,0.667,racket,tennis racket,29,0.356,648.54,728.64,721.39,779.28
20,0.667,racket,tennis racket,34,0.4701,1204.29,352.4,1231.18,371.94
20,0.667,racket,tennis racket,36,0.4411,1079.88,85.31,1102.76,103.98
20,0.667,person,person,10,0.3313,377.17,82.03,403.12,134.74
20,0.667,racket,tennis racket,7,0.6305,668.13,728.22,719.01,770.2
21,0.7,person,person,1,0.8608,1217.05,285.25,1287.85,440.08
21,0.7,person,person,2,0.7731,990.36,18.43,1022.6,80.33
21,0.7,person,person,3,0.7832,1097.65,52.84,1137.28,131.2
21,0.7,person,person,4,0.8269,552.91,639.13,675.62,786.43
21,0.7,person,person,5,0.7515,1878.33,475.75,1920.0,551.93
21,0.7,person,person,6,0.7735,136.62,218.78,196.7,292.31
21,0.7,person,person,8,0.7658,850.09,7.44,880.23,60.32
21,0.7,ball,sports ball,11,0.4431,1023.14,273.23,1033.97,281.38
21,0.7,person,person,12,0.5393,63.78,424.31,107.99,477.58
21,0.7,person,person,14,0.33,1430.31,55.34,1470.5,86.82
21,0.7,person,person,15,0.3729,979.66,0.18,994.4,13.71
21,0.7,person,person,13,0.8162,804.7,53.94,846.67,133.38
21,0.7,racket,tennis racket,29,0.3591,646.6,729.78,719.26,779.82
21,0.7,racket,tennis racket,34,0.4627,1204.45,352.34,1231.76,371.93
21,0.7,racket,tennis racket,36,0.4376,1080.59,86.7,1101.98,103.85
21,0.7,person,person,10,0.3394,377.01,81.83,403.38,134.75
21,0.7,racket,tennis racket,7,0.6254,665.22,729.56,717.51,771.58
21,0.7,ball,sports ball,43,0.6786,614.1,639.54,633.18,653.81
22,0.733,person,person,1,0.8647,1217.31,284.91,1289.1,440.88
22,0.733,person,person,2,0.7714,989.57,18.29,1021.59,80.29
22,0.733,person,person,3,0.7162,1097.76,52.93,1136.91,130.92
22,0.733,person,person,4,0.8299,547.07,632.07,676.11,788.54
22,0.733,person,person,5,0.7328,1878.76,476.69,1920.0,552.31
22,0.733,person,person,6,0.7616,136.39,218.8,196.63,292.37
22,0.733,person,person,8,0.7653,849.85,7.6,880.1,60.71
22,0.733,ball,sports ball,11,0.4233,1023.13,273.23,1033.96,281.39
22,0.733,person,person,12,0.5333,63.82,424.32,108.16,477.67
22,0.733,person,person,14,0.3436,1430.29,55.35,1470.56,86.88
22,0.733,person,person,15,0.3306,979.28,0.06,994.66,14.03
22,0.733,person,person,13,0.7733,805.44,53.68,847.88,133.51
22,0.733,racket,tennis racket,29,0.2642,643.89,731.92,714.42,779.82
22,0.733,racket,tennis racket,34,0.5778,1204.94,352.7,1232.64,372.31
22,0.733,person,person,10,0.3515,377.71,80.8,404.57,134.46
22,0.733,racket,tennis racket,7,0.7369,661.96,731.49,715.48,773.83
23,0.767,person,person,1,0.8745,1216.99,284.55,1289.85,441.77
23,0.767,person,person,2,0.7691,988.81,18.3,1020.6,80.23
23,0.767,person,person,3,0.7388,1098.04,53.07,1136.64,130.23
23,0.767,person,person,4,0.6555,540.86,626.64,673.55,789.65
23,0.767,person,person,5,0.7583,1879.53,478.62,1920.0,551.83
23,0.767,person,person,6,0.7559,136.55,218.86,196.82,292.39
23,0.767,person,person,8,0.73,849.41,7.74,879.97,61.56
23,0.767,ball,sports ball,11,0.4477,1023.13,273.19,1033.94,281.32
23,0.767,person,person,12,0.5532,63.91,424.32,108.21,477.55
23,0.767,person,person,14,0.3083,1430.31,55.37,1470.54,86.83
23,0.767,person,person,15,0.3411,979.11,0.02,994.81,14.11
23,0.767,person,person,13,0.7589,807.38,53.17,849.94,133.5
23,0.767,racket,tennis racket,29,0.6768,637.79,735.54,712.19,785.87
23,0.767,racket,tennis racket,34,0.4269,1206.12,353.17,1233.81,372.64
23,0.767,person,person,10,0.4077,378.32,80.02,405.24,133.65
23,0.767,racket,tennis racket,7,0.4619,655.06,735.25,709.28,777.05
23,0.767,racket,tennis racket,44,0.3427,1076.71,86.62,1106.05,103.89
24,0.8,person,person,1,0.8742,1217.24,284.06,1291.25,442.36
24,0.8,person,person,2,0.8099,987.54,18.46,1019.31,80.22
24,0.8,person,person,3,0.7662,1098.33,53.07,1136.82,130.01
24,0.8,person,person,4,0.5736,534.88,621.83,669.21,789.07
24,0.8,person,person,5,0.7687,1880.14,479.98,1920.0,551.42
24,0.8,person,person,6,0.7474,136.88,218.88,197.17,292.46
24,0.8,person,person,8,0.7715,848.12,8.42,878.69,62.06
24,0.8,ball,sports ball,11,0.4061,1023.13,273.17,1033.9,281.27
24,0.8,person,person,12,0.5294,63.81,424.36,108.26,477.72
24,0.8,person,person,14,0.2949,1430.31,55.39,1470.54,86.8
24,0.8,person,person,15,0.3545,978.97,0.0,994.93,14.16
24,0.8,person,person,13,0.6771,809.97,52.92,852.06,133.69
24,0.8,racket,tennis racket,29,0.5933,632.93,738.98,707.43,788.89
24,0.8,racket,tennis racket,7,0.3726,650.57,738.43,705.68,780.25
24,0.8,racket,tennis racket,44,0.2903,1077.5,87.6,1105.31,103.96
24,0.8,person,person,46,0.5343,542.55,621.29,665.29,872.82
25,0.833,person,person,1,0.8699,1217.19,283.1,1292.73,443.17
25,0.833,person,person,2,0.8245,986.26,18.69,1018.14,80.21
25,0.833,person,person,3,0.7679,1097.8,52.77,1136.9,130.26
25,0.833,person,person,4,0.4541,527.86,618.61,663.35,790.35
25,0.833,person,person,5,0.7454,1880.43,480.43,1920.0,551.24
25,0.833,person,person,6,0.7709,137.23,219.25,197.24,292.42
25,0.833,person,person,8,0.7016,847.32,9.52,877.32,61.84
25,0.833,ball,sports ball,11,0.3713,1023.14,273.17,1033.91,281.26
25,0.833,person,person,12,0.5115,63.71,424.38,108.26,477.82
25,0.833,person,person,14,0.2769,1430.32,55.39,1470.59,86.79
25,0.833,person,person,15,0.3216,978.92,0.0,994.95,14.06
25,0.833,person,person,13,0.7486,812.33,52.61,853.55,133.6
25,0.833,racket,tennis racket,29,0.6639,628.63,742.94,701.22,790.99
25,0.833,racket,tennis racket,7,0.5361,645.86,742.33,701.57,784.12
25,0.833,racket,tennis racket,44,0.2955,1078.01,88.51,1104.26,103.93
25,0.833,person,person,10,0.2515,379.89,79.27,405.43,129.66
26,0.867,person,person,1,0.8808,1218.19,282.58,1294.96,443.61
26,0.867,person,person,2,0.8199,984.99,18.47,1017.37,80.34
26,0.867,person,person,3,0.7373,1097.63,52.51,1137.25,130.15
26,0.867,person,person,4,0.5844,516.46,616.54,650.39,791.87
26,0.867,person,person,5,0.7119,1881.66,484.93,1919.79,551.1
26,0.867,person,person,6,0.7423,136.77,219.21,196.97,292.43
26,0.867,person,person,8,0.7283,845.88,10.58,875.67,62.39
26,0.867,ball,sports ball,11,0.3229,1023.14,273.14,1033.91,281.23
26,0.867,person,person,12,0.4719,63.69,424.27,108.44,477.9
26,0.867,person,person,14,0.3041,1430.13,55.33,1470.62,86.84
26,0.867,person,person,15,0.3329,978.96,0.0,995.11,14.03
26,0.867,person,person,13,0.7313,814.26,52.35,854.71,133.59
26,0.867,racket,tennis racket,7,0.6258,641.88,745.98,696.93,787.18
26,0.867,racket,tennis racket,44,0.2521,1077.84,87.98,1105.23,104.12
26,0.867,person,person,10,0.4146,379.85,79.03,406.1,130.84
27,0.9,person,person,1,0.881,1218.34,282.38,1295.97,443.75
27,0.9,person,person,2,0.8199,984.44,18.38,1017.18,80.38
27,0.9,person,person,3,0.7341,1097.48,52.43,1137.51,130.09
27,0.9,person,person,4,0.58,513.32,615.86,644.19,792.45
27,0.9,person,person,5,0.7109,1882.05,486.52,1919.31,551.04
27,0.9,person,person,6,0.7398,136.56,219.2,196.92,292.43
27,0.9,person,person,8,0.7259,845.37,11.01,875.08,62.56
27,0.9,ball,sports ball,11,0.3448,1023.09,273.11,1033.94,281.26
27,0.9,person,person,12,0.4698,63.67,424.23,108.52,477.94
27,0.9,person,person,14,0.3086,1430.01,55.3,1470.62,86.85
27,0.9,person,person,15,0.3329,978.94,0.0,995.21,14.02
27,0.9,person,person,13,0.7314,815.16,52.24,854.84,133.59
27,0.9,racket,tennis racket,7,0.629,640.54,747.25,695.41,788.25
27,0.9,person,person,10,0.4179,379.84,78.92,406.36,131.33
28,0.933,person,person,1,0.8903,1219.16,282.1,1297.92,444.0
28,0.933,person,person,2,0.818,983.26,18.51,1016.34,80.38
28,0.933,person,person,3,0.7348,1098.4,52.41,1138.78,130.28
28,0.933,person,person,4,0.5491,511.82,616.43,638.2,791.57
28,0.933,person,person,5,0.617,1883.14,490.46,1918.57,551.24
28,0.933,person,person,6,0.7044,136.21,219.01,196.93,292.51
28,0.933,person,person,8,0.721,842.88,10.53,873.41,63.39
28,0.933,ball,sports ball,11,0.3017,1023.1,273.12,1033.92,281.25
28,0.933,person,person,12,0.4557,63.55,424.28,108.49,478.07
28,0.933,person,person,14,0.3638,1429.8,55.29,1470.54,86.85
28,0.933,person,person,15,0.3439,978.92,0.0,995.3,14.01
28,0.933,person,person,13,0.6506,817.28,52.18,856.18,133.55
28,0.933,racket,tennis racket,7,0.5472,636.56,750.66,691.32,791.48
28,0.933,person,person,10,0.5118,380.63,78.56,407.14,130.96
29,0.967,person,person,1,0.8976,1219.44,281.85,1299.38,444.14
29,0.967,person,person,2,0.8217,982.28,18.54,1015.84,80.4
29,0.967,person,person,3,0.7674,1099.64,52.43,1140.0,130.3
29,0.967,person,person,4,0.6055,510.36,617.33,633.96,792.22
29,0.967,person,person,5,0.5742,1885.75,500.1,1916.29,550.75
29,0.967,person,person,6,0.7279,136.18,219.36,196.79,292.52
29,0.967,person,person,8,0.712,840.69,10.24,871.88,64.22
29,0.967,ball,sports ball,11,0.3189,1023.11,273.14,1033.88,281.25
29,0.967,person,person,12,0.4605,63.56,424.29,108.5,478.06
29,0.967,person,person,14,0.336,1429.74,55.31,1470.51,86.82
29,0.967,person,person,15,0.3375,978.87,0.0,995.26,13.93
29,0.967,person,person,13,0.7479,819.57,52.02,857.77,133.04
29,0.967,racket,tennis racket,7,0.6512,632.11,753.4,685.48,793.03
29,0.967,person,person,10,0.3827,381.63,78.25,407.74,129.44
29,0.967,racket,tennis racket,29,0.4842,605.51,753.53,705.86,823.57
29,0.967,racket,tennis racket,44,0.2827,1079.28,87.91,1106.69,104.2
30,1.0,person,person,1,0.9032,1219.74,281.44,1301.17,444.37
30,1.0,person,person,2,0.8048,981.82,18.45,1016.28,80.76
30,1.0,person,person,3,0.7725,1100.39,52.44,1140.58,130.02
30,1.0,person,person,4,0.5186,491.48,618.66,644.86,845.47
30,1.0,person,person,5,0.6637,1887.92,507.1,1915.27,550.74
30,1.0,person,person,6,0.6564,135.89,219.36,196.67,292.54
30,1.0,person,person,8,0.6746,838.17,10.54,869.37,64.88
30,1.0,person,person,12,0.3951,60.42,423.9,113.61,488.52
30,1.0,person,person,15,0.3824,978.86,0.0,995.33,13.98
30,1.0,person,person,13,0.7559,822.77,51.77,861.19,133.24
30,1.0,racket,tennis racket,7,0.6241,628.8,756.68,678.63,793.18
30,1.0,person,person,10,0.5528,384.77,77.95,410.26,128.48
31,1.033,person,person,1,0.9106,1220.37,281.13,1303.29,444.45
31,1.033,person,person,2,0.809,981.18,18.28,1016.35,80.89
31,1.033,person,person,3,0.784,1100.94,52.45,1141.06,129.94
31,1.033,person,person,4,0.4323,485.44,619.69,644.61,864.52
31,1.033,person,person,5,0.5245,1888.88,508.6,1915.75,550.29
31,1.033,person,person,6,0.6639,135.77,219.33,196.7,292.52
31,1.033,person,person,8,0.6639,836.96,10.79,867.61,64.48
31,1.033,person,person,12,0.3937,59.59,423.81,115.21,492.32
31,1.033,person,person,15,0.3678,978.86,0.0,995.31,13.94
31,1.033,person,person,13,0.6626,826.31,51.85,864.94,133.01
31,1.033,racket,tennis racket,7,0.507,625.38,759.41,672.37,793.14
31,1.033,person,person,10,0.5101,386.53,77.78,411.8,128.26
31,1.033,racket,tennis racket,44,0.3344,1081.89,89.82,1105.39,103.88
32,1.067,person,person,1,0.9039,1220.85,281.02,1305.17,444.45
32,1.067,person,person,2,0.8102,980.71,18.24,1016.57,80.99
32,1.067,person,person,3,0.7949,1101.28,52.48,1141.37,129.88
32,1.067,person,person,4,0.479,485.37,625.48,640.82,872.71
32,1.067,person,person,5,0.4606,1889.31,509.02,1917.03,551.38
32,1.067,person,person,6,0.6673,135.61,219.29,196.73,292.55
32,1.067,person,person,8,0.5937,836.93,10.82,867.18,64.34
32,1.067,person,person,12,0.3996,59.4,423.78,115.63,493.97
32,1.067,person,person,15,0.3281,978.96,0.0,995.26,13.78
32,1.067,person,person,13,0.6591,829.92,52.12,869.08,132.97
32,1.067,racket,tennis racket,7,0.5929,622.33,761.6,667.3,793.03
32,1.067,person,person,10,0.5299,387.99,76.84,414.09,128.82
32,1.067,racket,tennis racket,44,0.2842,1082.48,90.05,1105.28,103.83
32,1.067,racket,tennis racket,29,0.423,594.17,761.8,692.26,834.0
33,1.1,person,person,1,0.9043,1220.6,280.98,1306.15,444.44
33,1.1,person,person,2,0.8102,980.52,18.62,1016.71,80.87
33,1.1,person,person,3,0.7955,1101.39,52.49,1141.47,129.85
33,1.1,person,person,4,0.4719,487.01,627.99,638.01,875.8
33,1.1,person,person,5,0.4592,1889.27,509.07,1917.58,551.74
33,1.1,person,person,6,0.6674,135.53,219.27,196.79,292.56
33,1.1,person,person,8,0.5986,837.05,10.75,866.97,64.2
33,1.1,person,person,12,0.3994,59.54,423.77,115.58,494.56
33,1.1,person,person,15,0.3288,978.99,0.0,995.25,13.71
33,1.1,person,person,13,0.6546,830.95,52.23,870.64,132.96
33,1.1,racket,tennis racket,7,0.5902,621.15,762.21,666.1,792.91
33,1.1,person,person,10,0.544,388.55,76.57,414.99,129.08
33,1.1,racket,tennis racket,44,0.2861,1082.71,90.12,1105.16,103.83
33,1.1,ball,sports ball,65,0.5542,581.59,628.71,600.9,644.74
33,1.1,racket,tennis racket,29,0.4361,594.83,762.68,688.56,835.0
34,1.133,person,person,1,0.9064,1220.18,280.45,1307.53,444.72
34,1.133,person,person,2,0.813,980.29,19.03,1016.57,80.49
34,1.133,person,person,3,0.7936,1101.42,52.51,1141.52,129.93
34,1.133,person,person,4,0.3784,489.96,634.98,633.57,876.72
34,1.133,person,person,5,0.3178,1890.66,510.34,1918.51,552.07
34,1.133,person,person,6,0.6333,135.41,219.14,196.88,292.55
34,1.133,person,person,8,0.6664,835.89,10.61,866.12,65.08
34,1.133,person,person,12,0.4472,59.75,424.09,115.11,494.83
34,1.133,person,person,15,0.3131,979.11,0.0,995.24,13.58
34,1.133,person,person,13,0.6154,829.3,52.34,868.74,132.85
34,1.133,racket,tennis racket,7,0.4451,618.94,763.68,662.04,792.24
34,1.133,person,person,10,0.5674,389.42,75.96,416.25,128.96
34,1.133,racket,tennis racket,29,0.5209,595.58,764.28,683.13,834.78
34,1.133,ball,sports ball,11,0.2562,1022.75,273.0,1034.06,281.53
35,1.167,person,person,1,0.9107,1220.31,280.75,1308.99,444.68
35,1.167,person,person,2,0.8117,979.94,19.16,1016.69,80.67
35,1.167,person,person,3,0.7863,1101.72,52.35,1141.7,129.63
35,1.167,person,person,6,0.6262,135.0,218.84,196.85,292.58
35,1.167,person,person,8,0.5433,833.33,11.18,863.34,64.7
35,1.167,person,person,12,0.4636,60.16,424.19,115.0,494.99
35,1.167,person,person,15,0.3454,979.56,0.07,995.48,13.47
35,1.167,person,person,13,0.6012,830.11,52.26,869.37,132.81
35,1.167,person,person,10,0.5514,390.32,76.01,416.88,128.69
35,1.167,person,person,69,0.3473,514.44,648.81,602.6,789.51
35,1.167,racket,tennis racket,44,0.3232,1084.22,90.47,1106.17,104.02
36,1.2,person,person,1,0.9146,1220.74,280.63,1311.02,444.55
36,1.2,person,person,2,0.8158,978.5,19.25,1014.93,80.29
36,1.2,person,person,3,0.7733,1101.88,52.21,1141.97,129.69
36,1.2,person,person,6,0.6453,134.69,218.44,197.03,292.77
36,1.2,person,person,8,0.6322,831.57,11.4,861.95,65.35
36,1.2,person,person,12,0.4912,60.52,424.42,114.78,495.1
36,1.2,person,person,15,0.3699,979.73,0.1,995.58,13.43
36,1.2,person,person,13,0.5646,829.06,51.65,868.22,133.16
36,1.2,person,person,10,0.5625,391.18,76.15,417.6,128.94
36,1.2,person,person,69,0.3729,517.81,659.2,599.56,789.01
36,1.2,racket,tennis racket,29,0.4178,590.94,765.02,675.75,835.59
37,1.233,person,person,1,0.9126,1221.04,280.61,1312.94,444.44
37,1.233,person,person,2,0.8249,977.49,19.07,1013.99,80.59
37,1.233,person,person,3,0.7918,1102.15,52.24,1142.15,129.43
37,1.233,person,person,6,0.6762,134.67,218.35,197.2,292.9
37,1.233,person,person,8,0.5557,829.57,11.55,859.82,64.83
37,1.233,person,person,12,0.4876,60.81,424.33,114.57,495.0
37,1.233,person,person,15,0.3863,979.33,0.04,995.78,13.88
37,1.233,person,person,13,0.4318,831.79,52.49,871.02,133.18
37,1.233,person,person,10,0.3823,392.71,76.05,419.58,128.99
37,1.233,person,person,69,0.4373,524.42,674.82,597.45,789.03
37,1.233,racket,tennis racket,29,0.3358,588.07,764.15,672.21,835.61
37,1.233,racket,tennis racket,44,0.2852,1084.84,90.07,1107.61,104.31
38,1.267,person,person,1,0.8991,1221.21,280.58,1314.88,444.66
38,1.267,person,person,2,0.8334,977.65,19.17,1013.56,80.3
38,1.267,person,person,3,0.7779,1102.13,52.28,1142.25,129.34
38,1.267,person,person,6,0.6973,134.91,218.57,197.27,292.95
38,1.267,person,person,8,0.6044,828.22,12.37,858.65,65.65
38,1.267,person,person,12,0.4497,61.18,424.31,114.24,494.52
38,1.267,person,person,15,0.3811,979.13,0.01,996.03,14.3
38,1.267,person,person,13,0.5825,833.8,52.45,873.77,133.27
38,1.267,person,person,10,0.4121,394.05,76.3,421.22,128.96
38,1.267,person,person,69,0.4891,531.16,692.15,594.37,787.84
38,1.267,racket,tennis racket,29,0.3339,584.1,762.89,670.25,837.04
38,1.267,racket,tennis racket,44,0.2857,1084.98,90.06,1107.7,104.44
39,1.3,person,person,1,0.8997,1220.84,280.55,1316.02,444.7
39,1.3,person,person,2,0.8309,977.8,19.24,1013.28,80.19
39,1.3,person,person,3,0.7768,1102.1,52.32,1142.36,129.33
39,1.3,person,person,6,0.7096,135.13,218.72,197.33,292.94
39,1.3,person,person,8,0.6007,827.64,12.71,858.23,65.99
39,1.3,person,person,12,0.4439,61.35,424.17,113.97,494.22
39,1.3,person,person,15,0.3763,979.07,0.0,996.13,14.48
39,1.3,person,person,13,0.5702,834.43,52.3,875.09,133.26
39,1.3,person,person,10,0.3944,394.42,76.36,421.97,128.91
39,1.3,person,person,69,0.5076,531.64,695.89,594.46,787.54
39,1.3,racket,tennis racket,29,0.3436,582.92,762.36,669.35,837.64
39,1.3,racket,tennis racket,44,0.3144,1085.04,90.01,1107.65,104.48
39,1.3,ball,sports ball,78,0.6937,600.64,696.96,619.29,713.44
39,1.3,racket,tennis racket,79,0.4091,589.05,760.93,636.53,789.57
40,1.333,person,person,1,0.9062,1221.75,281.05,1318.26,444.63
40,1.333,person,person,2,0.8402,977.93,19.18,1012.94,80.08
40,1.333,person,person,3,0.7893,1102.1,52.29,1142.45,129.29
40,1.333,person,person,6,0.6666,134.8,218.48,197.24,292.99
40,1.333,person,person,8,0.6005,826.51,13.79,857.81,68.03
40,1.333,person,person,12,0.4626,61.51,424.1,113.8,494.12
40,1.333,person,person,15,0.4045,979.02,0.0,996.07,14.55
40,1.333,person,person,13,0.7591,836.16,52.27,877.67,132.84
40,1.333,person,person,69,0.3598,521.24,705.53,578.81,787.84
40,1.333,racket,tennis racket,29,0.4196,580.92,760.68,669.2,837.67
40,1.333,racket,tennis racket,44,0.3439,1085.69,90.96,1106.94,104.6
40,1.333,racket,tennis racket,79,0.4187,581.75,758.96,631.93,789.29
41,1.367,person,person,1,0.8956,1222.31,281.83,1320.18,444.65
41,1.367,person,person,2,0.8331,978.28,19.15,1012.82,80.04
41,1.367,person,person,3,0.796,1102.14,52.3,1142.6,129.33
41,1.367,person,person,6,0.6762,134.81,218.52,197.22,292.99
41,1.367,person,person,8,0.6531,824.99,14.19,856.23,68.04
41,1.367,person,person,12,0.4238,61.82,424.22,113.41,493.63
41,1.367,person,person,15,0.4034,979.01,0.0,996.02,14.57
41,1.367,person,person,13,0.7317,836.29,50.99,879.12,132.63
41,1.367,racket,tennis racket,44,0.3654,1085.92,91.54,1106.37,104.64
41,1.367,racket,tennis racket,79,0.3242,573.32,756.3,627.29,789.12
41,1.367,person,person,10,0.2841,396.19,77.13,423.35,128.77
42,1.4,person,person,1,0.8904,1222.25,282.5,1321.61,444.79
42,1.4,person,person,2,0.8343,978.62,19.15,1012.76,80.09
42,1.4,person,person,3,0.756,1101.83,52.33,1142.42,129.22
42,1.4,person,person,6,0.6187,134.92,218.51,197.32,293.02
42,1.4,person,person,8,0.6908,823.71,15.6,854.68,68.71
42,1.4,person,person,12,0.4089,62.14,424.25,113.18,493.16
42,1.4,person,person,15,0.3768,979.01,0.0,995.84,14.5
42,1.4,person,person,13,0.762,836.6,49.26,880.95,132.83
42,1.4,racket,tennis racket,44,0.3542,1084.56,91.1,1106.73,105.39
42,1.4,person,person,81,0.3094,505.76,705.5,620.23,872.42
42,1.4,person,person,82,0.5294,504.49,706.16,621.32,789.24
42,1.4,person,person,10,0.2957,396.6,76.97,423.94,128.69
43,1.433,person,person,1,0.886,1222.84,282.42,1324.29,444.74
43,1.433,person,person,2,0.8303,979.09,19.12,1012.87,80.4
43,1.433,person,person,3,0.6921,1099.71,52.36,1140.94,129.03
43,1.433,person,person,6,0.6386,135.11,218.61,197.29,292.87
43,1.433,person,person,8,0.6676,822.48,16.67,853.89,70.72
43,1.433,person,person,12,0.4385,62.05,424.27,113.1,493.52
43,1.433,person,person,15,0.3557,979.06,0.0,995.59,14.34
43,1.433,person,person,13,0.777,837.17,49.29,881.93,133.19
43,1.433,racket,tennis racket,44,0.3299,1083.29,89.39,1108.12,105.58
43,1.433,person,person,82,0.5193,503.24,705.94,619.82,788.91
43,1.433,person,person,10,0.4405,396.9,76.93,424.3,128.61
44,1.467,person,person,1,0.8933,1223.07,282.58,1326.48,444.7
44,1.467,person,person,2,0.8289,979.47,19.06,1012.8,80.43
44,1.467,person,person,3,0.6523,1098.82,52.32,1140.67,128.93
44,1.467,person,person,6,0.7048,135.34,218.98,197.19,292.83
44,1.467,person,person,8,0.6976,821.11,16.54,852.92,71.35
44,1.467,person,person,12,0.4173,62.32,424.25,112.87,493.01
44,1.467,person,person,15,0.3601,979.0,0.0,995.33,14.32
44,1.467,person,person,13,0.7258,838.69,49.89,883.15,133.01
44,1.467,racket,tennis racket,44,0.2701,1082.8,88.39,1108.97,105.67
44,1.467,person,person,82,0.4253,502.49,705.41,619.1,788.51
44,1.467,person,person,81,0.254,503.62,705.02,620.32,875.35
45,1.5,person,person,1,0.8923,1222.62,282.63,1327.82,444.63
45,1.5,person,person,2,0.8279,979.75,19.07,1012.64,80.46
45,1.5,person,person,3,0.6528,1098.62,52.3,1141.0,128.92
45,1.5,person,person,6,0.6962,135.39,219.03,197.19,292.86
45,1.5,person,person,8,0.7001,820.62,16.39,852.58,71.56
45,1.5,person,person,12,0.4308,62.35,424.28,112.7,493.03
45,1.5,person,person,15,0.3423,979.09,0.0,995.25,14.3
45,1.5,person,person,13,0.729,839.18,50.13,883.59,132.93
45,1.5,person,person,82,0.3923,502.46,705.22,618.98,788.41
45,1.5,racket,tennis racket,90,0.3395,1320.37,360.5,1339.44,395.41
45,1.5,person,person,81,0.2722,503.33,704.89,620.33,875.9
46,1.533,person,person,1,0.8948,1222.41,282.85,1329.35,444.73
46,1.533,person,person,2,0.8262,980.16,18.63,1012.59,79.88
46,1.533,person,person,3,0.7002,1097.82,52.34,1140.88,129.06
46,1.533,person,person,6,0.7197,135.41,219.01,197.19,292.83
46,1.533,person,person,8,0.6707,820.35,16.08,852.51,71.69
46,1.533,person,person,12,0.4241,62.53,424.04,112.42,492.34
46,1.533,person,person,15,0.3367,979.18,0.0,995.17,14.28
46,1.533,person,person,13,0.7507,841.11,50.77,884.51,132.06
46,1.533,person,person,82,0.2885,500.57,704.5,617.46,788.38
46,1.533,person,person,81,0.4355,503.47,704.36,620.6,875.89
46,1.533,person,person,10,0.4234,398.07,76.46,425.48,128.54
46,1.533,racket,tennis racket,44,0.3206,1082.54,88.41,1108.39,105.71
47,1.567,person,person,1,0.9064,1221.47,282.91,1330.05,444.8
47,1.567,person,person,2,0.8286,980.32,18.42,1012.56,80.16
47,1.567,person,person,3,0.71,1097.33,52.31,1141.14,129.43
47,1.567,person,person,6,0.6823,135.96,219.19,197.46,292.78
47,1.567,person,person,8,0.5744,819.75,16.24,851.33,71.12
47,1.567,person,person,12,0.4293,62.6,423.98,112.39,492.33
47,1.567,person,person,15,0.3922,978.95,0.0,994.76,14.26
47,1.567,person,person,13,0.7897,843.73,50.76,886.46,131.88
47,1.567,person,person,82,0.4646,500.85,704.05,617.7,788.3
47,1.567,person,person,81,0.5386,503.01,703.9,619.85,875.52
47,1.567,person,person,10,0.3361,398.36,76.57,425.62,128.82
47,1.567,racket,tennis racket,44,0.3296,1082.78,88.83,1107.87,105.81
47,1.567,racket,tennis racket,90,0.3572,1320.03,361.52,1339.9,397.95
48,1.6,person,person,1,0.9042,1220.49,283.13,1330.44,444.85
48,1.6,person,person,2,0.8257,980.1,18.26,1012.29,80.64
48,1.6,person,person,3,0.6773,1096.28,52.33,1140.91,129.8
48,1.6,person,person,6,0.6561,136.13,219.32,197.44,292.73
48,1.6,person,person,8,0.6103,819.48,16.26,850.84,70.93
48,1.6,person,person,12,0.4434,62.68,423.84,112.35,492.16
48,1.6,person,person,15,0.3758,978.98,0.0,994.61,14.22
48,1.6,person,person,13,0.7489,845.7,50.63,887.96,132.22
48,1.6,person,person,82,0.5876,500.24,703.96,617.25,788.87
48,1.6,person,person,81,0.3861,502.77,703.79,619.13,875.3
48,1.6,person,person,10,0.4756,399.01,76.13,426.17,128.85
48,1.6,racket,tennis racket,44,0.2712,1083.0,89.01,1107.65,105.86
48,1.6,racket,tennis racket,90,0.2522,1319.57,363.25,1338.94,398.88
49,1.633,person,person,1,0.901,1219.2,283.35,1330.15,444.86
49,1.633,person,person,2,0.823,980.15,18.22,1012.02,80.59
49,1.633,person,person,3,0.6256,1096.45,52.32,1141.29,129.76
49,1.633,person,person,6,0.5302,137.27,219.65,197.51,292.04
49,1.633,person,person,8,0.589,818.69,16.18,849.67,70.45
49,1.633,person,person,12,0.473,62.57,423.91,112.42,492.7
49,1.633,person,person,15,0.3569,979.01,0.0,994.52,14.26
49,1.633,person,person,13,0.7714,846.74,50.39,888.67,132.91
49,1.633,person,person,82,0.5476,499.79,703.72,616.73,789.24
49,1.633,person,person,81,0.4465,502.95,703.49,619.04,875.17
49,1.633,person,person,10,0.3268,400.25,76.4,427.01,128.88
49,1.633,racket,tennis racket,90,0.4376,1317.97,364.49,1336.9,399.44
49,1.633,ball,sports ball,93,0.7045,595.01,775.33,607.68,789.2
50,1.667,person,person,1,0.9055,1218.12,283.25,1330.11,444.92
50,1.667,person,person,2,0.8092,979.47,18.2,1011.2,80.47
50,1.667,person,person,3,0.6722,1094.57,52.44,1139.93,129.51
50,1.667,person,person,6,0.4526,137.26,218.64,197.87,291.83
50,1.667,person,person,8,0.6206,817.42,15.86,848.21,70.0
50,1.667,person,person,12,0.47,62.76,423.92,112.25,492.3
50,1.667,person,person,15,0.3958,978.92,0.0,994.45,14.44
50,1.667,person,person,13,0.7715,847.52,50.22,888.9,133.39
50,1.667,person,person,82,0.5053,500.05,703.67,616.19,789.25
50,1.667,person,person,81,0.5104,503.26,703.31,618.87,874.82
50,1.667,person,person,10,0.4149,402.48,76.65,428.82,128.74
50,1.667,racket,tennis racket,90,0.2938,1315.25,365.88,1334.23,400.95
50,1.667,ball,sports ball,93,0.6253,595.4,775.89,607.41,788.99
51,1.7,person,person,1,0.9055,1217.45,283.22,1330.3,444.94
51,1.7,person,person,2,0.8094,979.28,18.21,1010.88,80.42
51,1.7,person,person,3,0.6698,1093.77,52.51,1139.67,129.4
51,1.7,person,person,6,0.4542,137.35,218.33,197.89,291.77
51,1.7,person,person,8,0.6248,817.03,15.74,847.66,69.81
51,1.7,person,person,12,0.4749,62.85,423.93,112.09,492.07
51,1.7,person,person,15,0.3967,978.94,0.0,994.38,14.5
51,1.7,person,person,13,0.7695,847.99,50.19,888.69,133.57
51,1.7,person,person,82,0.504,500.5,703.66,615.72,789.22
51,1.7,person,person,81,0.5181,503.52,703.26,618.72,874.69
51,1.7,person,person,10,0.4234,403.4,76.73,429.46,128.66
51,1.7,racket,tennis racket,90,0.3068,1314.28,366.24,1333.32,401.44
51,1.7,ball,sports ball,93,0.6258,595.43,776.05,607.31,788.94
52,1.733,person,person,1,0.9112,1217.02,283.45,1330.52,444.98
52,1.733,person,person,2,0.8009,979.16,18.18,1010.64,80.33
52,1.733,person,person,3,0.7225,1092.97,52.57,1139.2,129.15
52,1.733,person,person,6,0.4747,137.42,218.24,197.81,291.77
52,1.733,person,person,8,0.6699,816.73,15.77,846.91,69.81
52,1.733,person,person,12,0.4785,62.89,423.94,111.92,491.9
52,1.733,person,person,15,0.3828,979.04,0.0,994.19,14.34
52,1.733,person,person,13,0.7907,848.7,50.5,888.5,133.53
52,1.733,person,person,82,0.4472,501.36,703.66,615.65,789.05
52,1.733,person,person,81,0.5992,503.73,703.34,618.63,874.81
52,1.733,person,person,10,0.5944,403.74,76.46,429.66,128.57
52,1.733,ball,sports ball,93,0.6668,596.29,775.87,608.49,789.02
52,1.733,person,person,95,0.3132,128.35,198.42,198.65,292.81
53,1.767,person,person,1,0.9127,1216.52,283.26,1330.87,445.05
53,1.767,person,person,2,0.7912,978.9,17.96,1010.29,80.0
53,1.767,person,person,3,0.743,1093.5,52.53,1140.06,129.32
53,1.767,person,person,6,0.4443,137.67,218.46,197.65,291.72
53,1.767,person,person,8,0.7402,816.0,15.7,846.15,70.5
53,1.767,person,person,12,0.4963,62.73,423.92,112.06,492.49
53,1.767,person,person,15,0.3716,979.12,0.0,993.98,14.17
53,1.767,person,person,13,0.8203,849.7,50.79,888.84,133.46
53,1.767,person,person,82,0.4958,502.49,703.66,615.48,788.48
53,1.767,person,person,81,0.522,503.82,703.28,618.56,875.12
53,1.767,person,person,10,0.5873,403.83,76.48,429.43,128.35
53,1.767,person,person,95,0.3138,128.46,198.58,198.55,292.72
53,1.767,racket,tennis racket,96,0.3244,621.17,808.17,676.25,838.29
54,1.8,person,person,1,0.9122,1216.1,283.03,1331.24,445.05
54,1.8,person,person,2,0.7833,978.6,17.97,1009.76,79.72
54,1.8,person,person,3,0.7521,1095.09,52.38,1141.28,128.58
54,1.8,person,person,6,0.4134,137.94,218.15,197.88,291.74
54,1.8,person,person,8,0.7562,815.06,15.84,845.02,71.05
54,1.8,person,person,12,0.4464,62.96,423.85,111.68,491.59
54,1.8,person,person,15,0.3735,979.23,0.0,993.87,14.05
54,1.8,person,person,13,0.8196,851.29,50.97,890.02,133.19
54,1.8,person,person,82,0.448,503.74,703.66,615.81,788.03
54,1.8,person,person,81,0.5396,504.13,703.31,618.33,874.82
54,1.8,person,person,10,0.6546,403.76,76.55,428.82,127.99
54,1.8,person,person,95,0.4518,128.1,198.11,198.55,292.79
54,1.8,racket,tennis racket,96,0.2523,621.13,808.09,676.41,838.32
55,1.833,person,person,1,0.91,1215.71,282.93,1331.43,444.97
55,1.833,person,person,2,0.749,978.46,17.92,1009.22,78.98
55,1.833,person,person,3,0.8009,1096.77,52.24,1142.58,127.89
55,1.833,person,person,6,0.471,138.13,218.3,197.76,291.77
55,1.833,person,person,8,0.6852,813.64,16.39,843.64,71.93
55,1.833,person,person,12,0.4461,62.91,423.85,111.61,491.64
55,1.833,person,person,15,0.3426,979.3,0.0,993.93,14.13
55,1.833,person,person,13,0.815,852.76,50.81,891.3,132.74
55,1.833,person,person,82,0.2695,504.99,703.66,616.22,787.49
55,1.833,person,person,81,0.6764,504.87,703.45,618.69,874.74
55,1.833,person,person,10,0.6284,403.75,76.23,428.53,127.76
55,1.833,racket,tennis racket,96,0.2699,621.05,807.96,676.43,838.24
56,1.867,person,person,1,0.9098,1215.37,282.75,1331.63,444.89
56,1.867,person,person,2,0.7083,978.0,17.72,1008.48,78.59
56,1.867,person,person,3,0.8162,1098.25,51.96,1143.46,127.0
56,1.867,person,person,6,0.5999,137.82,219.01,197.32,292.25
56,1.867,person,person,8,0.7183,812.98,16.74,843.34,73.46
56,1.867,person,person,12,0.4366,62.99,423.86,111.57,491.53
56,1.867,person,person,15,0.3654,979.49,0.0,993.85,13.86
56,1.867,person,person,13,0.8333,854.06,50.92,892.43,132.47
56,1.867,person,person,82,0.3432,506.35,703.67,617.56,787.39
56,1.867,person,person,81,0.6705,505.75,703.46,619.48,874.72
56,1.867,person,person,10,0.6368,403.83,76.25,428.34,128.02
57,1.9,person,person,1,0.9092,1215.08,282.66,1331.82,444.86
57,1.9,person,person,2,0.7083,977.99,17.65,1008.2,78.34
57,1.9,person,person,3,0.8161,1098.8,51.86,1143.7,126.68
57,1.9,person,person,6,0.6012,137.65,219.2,197.19,292.42
57,1.9,person,person,8,0.7253,812.77,16.83,843.17,74.08
57,1.9,person,person,12,0.4535,62.81,423.92,111.78,492.26
57,1.9,person,person,15,0.3728,979.55,0.0,993.85,13.79
57,1.9,person,person,13,0.8352,854.52,50.96,892.83,132.37
57,1.9,person,person,82,0.3383,506.84,703.67,618.1,787.35
57,1.9,person,person,81,0.6718,506.11,703.47,619.77,874.71
57,1.9,person,person,10,0.6325,404.0,76.26,428.14,127.94
58,1.933,person,person,1,0.9152,1215.0,282.64,1332.15,444.92
58,1.933,person,person,2,0.7482,977.37,16.97,1007.75,78.23
58,1.933,person,person,3,0.8216,1098.97,51.5,1143.87,126.63
58,1.933,person,person,6,0.5833,137.89,220.01,196.95,292.48
58,1.933,person,person,8,0.7325,812.39,16.75,842.64,73.87
58,1.933,person,person,12,0.4442,62.78,423.96,111.73,492.38
58,1.933,person,person,15,0.3033,979.65,0.0,993.55,13.28
58,1.933,person,person,13,0.8071,855.62,51.09,893.7,132.25
58,1.933,person,person,82,0.4079,508.1,703.73,619.26,787.0
58,1.933,person,person,81,0.6226,506.86,703.53,620.52,874.57
58,1.933,person,person,10,0.6327,404.14,76.17,428.03,127.96
59,1.967,person,person,1,0.9131,1215.41,282.51,1332.85,445.03
59,1.967,person,person,2,0.773,976.06,17.38,1006.34,77.95
59,1.967,person,person,3,0.805,1100.08,51.02,1144.84,126.43
59,1.967,person,person,6,0.5431,138.22,219.6,197.1,291.98
59,1.967,person,person,8,0.7263,811.49,17.21,841.73,74.34
59,1.967,person,person,12,0.4386,62.88,423.96,111.66,492.21
59,1.967,person,person,15,0.3313,979.7,0.0,993.61,13.16
59,1.967,person,person,13,0.7917,856.54,51.44,894.4,132.5
59,1.967,person,person,82,0.3339,508.59,703.83,620.33,787.17
59,1.967,person,person,81,0.6779,507.53,703.67,621.34,874.5
59,1.967,person,person,10,0.6228,404.0,76.12,427.51,127.66
60,2.0,person,person,1,0.9148,1216.07,282.29,1333.57,445.24
60,2.0,person,person,2,0.765,974.69,17.78,1005.13,78.03
60,2.0,person,person,3,0.8184,1101.31,50.63,1145.88,126.35
60,2.0,person,person,6,0.5803,137.75,219.41,197.11,292.33
60,2.0,person,person,8,0.729,810.14,17.92,840.69,75.05
60,2.0,person,person,12,0.4134,63.02,423.97,111.64,491.99
60,2.0,person,person,15,0.3499,979.5,0.0,993.7,13.33
60,2.0,person,person,13,0.7697,857.37,51.35,895.24,132.79
60,2.0,person,person,82,0.4027,508.91,703.9,621.3,787.33
60,2.0,person,person,81,0.6012,508.2,703.76,622.27,874.35
60,2.0,person,person,10,0.6294,403.81,75.75,427.19,127.61
61,2.033,person,person,1,0.9148,1216.62,282.25,1333.91,445.5
61,2.033,person,person,2,0.7574,973.58,17.72,1004.44,78.19
61,2.033,person,person,3,0.8198,1102.54,50.85,1146.42,126.06
61,2.033,person,person,6,0.7031,137.47,219.85,196.85,292.66
61,2.033,person,person,8,0.7797,808.76,18.35,839.62,75.66
61,2.033,person,person,12,0.4117,63.11,424.01,111.45,491.6
61,2.033,person,person,15,0.2862,979.51,0.0,993.66,13.11
61,2.033,person,person,13,0.6899,858.24,51.32,895.86,132.71
61,2.033,person,person,82,0.4478,509.27,704.0,622.26,787.42
61,2.033,person,person,81,0.5894,508.48,703.77,623.22,874.78
61,2.033,person,person,10,0.6252,403.68,75.55,427.14,128.02
61,2.033,ball,sports ball,99,0.4564,608.26,766.69,624.55,780.8
62,2.067,person,person,1,0.9157,1216.74,281.93,1334.1,446.2
62,2.067,person,person,2,0.7523,972.84,17.8,1004.06,78.28
62,2.067,person,person,3,0.8242,1103.22,50.55,1146.88,125.94
62,2.067,person,person,6,0.6558,137.36,220.42,196.53,292.77
62,2.067,person,person,8,0.7943,807.96,18.41,839.12,75.91
62,2.067,person,person,12,0.418,62.9,424.1,111.69,492.4
62,2.067,person,person,13,0.7319,859.08,51.35,896.49,132.82
62,2.067,person,person,82,0.4231,509.2,703.96,623.17,787.55
62,2.067,person,person,81,0.6383,508.99,703.88,624.3,874.96
62,2.067,person,person,10,0.6417,403.75,75.52,427.1,128.28
62,2.067,ball,sports ball,99,0.3785,610.29,765.79,626.72,780.01
63,2.1,person,person,1,0.9156,1216.93,281.81,1333.94,446.45
63,2.1,person,person,2,0.7515,972.51,17.84,1004.02,78.29
63,2.1,person,person,3,0.8272,1103.54,50.41,1146.96,125.91
63,2.1,person,person,6,0.6528,137.21,220.46,196.51,292.83
63,2.1,person,person,8,0.7921,807.66,18.42,839.05,76.02
63,2.1,person,person,12,0.4023,63.04,424.11,111.57,492.04
63,2.1,person,person,13,0.7297,859.41,51.35,896.62,132.87
63,2.1,person,person,82,0.4175,509.41,704.09,623.84,787.55
63,2.1,person,person,81,0.6368,509.04,703.91,624.83,875.01
63,2.1,person,person,10,0.6414,403.89,75.52,427.07,128.39
63,2.1,ball,sports ball,99,0.376,610.97,765.55,627.43,779.75
64,2.133,person,person,1,0.917,1217.44,282.19,1333.98,447.29
64,2.133,person,person,2,0.7583,971.84,17.81,1003.84,78.55
64,2.133,person,person,3,0.8202,1104.88,50.94,1147.63,126.0
64,2.133,person,person,6,0.5384,137.69,219.44,197.09,292.14
64,2.133,person,person,8,0.7866,806.86,18.5,838.28,75.97
64,2.133,person,person,12,0.403,63.03,424.11,111.5,491.97
64,2.133,person,person,13,0.7831,860.03,51.48,897.01,133.11
64,2.133,person,person,82,0.4093,509.72,704.26,624.85,787.68
64,2.133,person,person,81,0.6052,509.36,704.03,625.64,874.93
64,2.133,person,person,10,0.6378,404.01,75.53,426.88,128.0
64,2.133,ball,sports ball,99,0.7662,613.44,762.63,630.79,777.69
65,2.167,person,person,1,0.916,1217.36,282.45,1333.4,448.2
65,2.167,person,person,2,0.7449,971.17,16.97,1004.0,78.85
65,2.167,person,person,3,0.8187,1106.3,50.97,1148.52,126.05
65,2.167,person,person,6,0.5117,138.27,219.57,197.13,291.78
65,2.167,person,person,8,0.7629,805.14,18.63,836.72,76.21
65,2.167,person,person,12,0.4254,62.84,424.11,111.69,492.61
65,2.167,person,person,13,0.8015,860.83,51.76,897.55,133.79
65,2.167,person,person,82,0.3244,509.13,704.87,624.28,787.87
65,2.167,person,person,81,0.6171,509.04,704.63,625.56,875.03
65,2.167,person,person,10,0.6216,404.04,75.51,426.7,127.68
65,2.167,ball,sports ball,99,0.6166,615.27,757.17,634.49,773.98
65,2.167,racket,tennis racket,96,0.2776,621.32,808.39,675.69,838.04
66,2.2,person,person,1,0.9095,1217.16,282.8,1332.19,448.6
66,2.2,person,person,2,0.7379,970.83,16.95,1003.85,78.72
66,2.2,person,person,3,0.8139,1107.15,51.79,1148.39,125.85
66,2.2,person,person,6,0.522,138.26,219.19,197.15,291.6
66,2.2,person,person,8,0.7532,804.02,18.59,835.49,76.16
66,2.2,person,person,12,0.3968,63.33,423.9,111.32,491.01
66,2.2,person,person,13,0.8172,861.91,52.04,898.29,134.08
66,2.2,person,person,82,0.3396,510.95,705.14,627.31,788.04
66,2.2,person,person,81,0.5856,510.56,704.88,628.16,874.98
66,2.2,person,person,10,0.6566,403.78,75.67,426.37,127.6
66,2.2,racket,tennis racket,96,0.2663,621.25,808.38,675.73,838.02
66,2.2,ball,sports ball,11,0.2759,1022.61,273.0,1033.79,281.42
67,2.233,person,person,1,0.9033,1216.89,283.35,1330.57,448.78
67,2.233,person,person,2,0.7334,970.74,17.2,1003.65,78.13
67,2.233,person,person,3,0.8177,1108.04,51.55,1149.04,125.81
67,2.233,person,person,6,0.5518,138.59,219.97,196.75,291.5
67,2.233,person,person,8,0.7417,803.49,18.5,834.76,76.06
67,2.233,person,person,12,0.3949,63.18,424.06,111.32,491.4
67,2.233,person,person,13,0.828,863.21,52.03,899.32,134.12
67,2.233,person,person,82,0.2698,509.46,706.02,625.88,788.44
67,2.233,person,person,81,0.6533,508.36,705.6,626.03,875.19
67,2.233,person,person,10,0.6405,403.7,75.82,426.23,127.53
67,2.233,person,person,15,0.2688,979.14,0.0,993.97,13.45
68,2.267,person,person,1,0.9032,1216.59,283.44,1329.04,448.77
68,2.267,person,person,2,0.7802,970.51,17.42,1003.52,77.81
68,2.267,person,person,3,0.8344,1109.32,51.66,1149.93,125.78
68,2.267,person,person,6,0.4921,138.34,219.91,196.61,291.55
68,2.267,person,person,8,0.7392,802.72,18.55,833.91,76.41
68,2.267,person,person,12,0.3905,63.5,423.87,111.03,490.15
68,2.267,person,person,13,0.8176,864.43,51.97,900.35,134.15
68,2.267,person,person,82,0.4254,513.01,706.12,632.06,788.74
68,2.267,person,person,81,0.6535,512.6,705.92,632.37,875.23
68,2.267,person,person,10,0.5752,403.62,76.3,426.08,127.6
68,2.267,person,person,15,0.2691,979.1,0.0,994.17,13.42
68,2.267,person,person,95,0.3143,129.98,200.44,198.17,292.6
69,2.3,person,person,1,0.9031,1216.81,283.46,1328.17,448.76
69,2.3,person,person,2,0.7822,970.28,17.52,1003.53,77.69
69,2.3,person,person,3,0.8347,1109.84,51.67,1150.17,125.78
69,2.3,person,person,6,0.4901,138.19,219.85,196.55,291.58
69,2.3,person,person,8,0.7422,802.51,18.59,833.51,76.54
69,2.3,person,person,12,0.3909,63.58,423.81,110.99,489.72
69,2.3,person,person,13,0.8165,864.92,51.98,900.65,134.15
69,2.3,person,person,82,0.4162,513.67,706.14,634.99,788.85
69,2.3,person,person,81,0.659,513.54,706.01,635.34,875.25
69,2.3,person,person,10,0.5624,403.56,76.5,426.04,127.67
69,2.3,person,person,15,0.2747,979.02,0.0,994.32,13.43
70,2.333,person,person,1,0.9043,1216.83,283.43,1327.07,448.73
70,2.333,person,person,2,0.7942,969.97,17.29,1003.68,77.66
70,2.333,person,person,3,0.8504,1110.29,51.51,1150.58,125.74
70,2.333,person,person,6,0.5103,138.13,219.66,196.63,291.59
70,2.333,person,person,8,0.7776,802.08,18.83,832.91,77.02
70,2.333,person,person,12,0.3903,63.69,423.82,110.86,489.2
70,2.333,person,person,13,0.7614,865.67,51.94,901.34,134.24
70,2.333,person,person,82,0.3861,511.87,706.61,634.13,788.89
70,2.333,person,person,81,0.646,511.98,706.73,634.83,875.2
70,2.333,person,person,10,0.3719,403.34,76.36,426.11,127.8
71,2.367,person,person,1,0.9142,1216.89,283.27,1326.02,448.66
71,2.367,person,person,2,0.7974,969.57,17.21,1003.64,77.66
71,2.367,person,person,3,0.8626,1110.97,51.8,1151.01,125.76
71,2.367,person,person,6,0.4749,138.01,219.48,196.67,291.64
71,2.367,person,person,8,0.7758,801.67,18.7,832.34,77.28
71,2.367,person,person,12,0.3917,63.79,423.85,110.72,488.65
71,2.367,person,person,13,0.7932,866.8,51.89,902.47,134.14
71,2.367,person,person,82,0.4343,509.11,705.9,633.71,789.14
71,2.367,person,person,81,0.4743,509.02,705.87,633.59,875.26
71,2.367,person,person,10,0.5393,402.74,76.3,425.73,127.77
71,2.367,person,person,95,0.316,129.13,199.76,197.72,292.73
72,2.4,person,person,1,0.9154,1216.88,283.71,1324.41,448.49
72,2.4,person,person,2,0.7931,969.28,16.87,1003.84,77.73
72,2.4,person,person,3,0.8555,1111.38,52.25,1151.36,126.03
72,2.4,person,person,6,0.4486,137.86,219.4,196.62,291.66
72,2.4,person,person,8,0.7261,801.13,18.75,831.78,78.32
72,2.4,person,person,12,0.3917,63.78,423.84,110.54,488.17
72,2.4,person,person,13,0.7657,868.11,51.92,903.96,134.16
72,2.4,person,person,82,0.4228,503.05,703.77,630.33,789.28
72,2.4,person,person,81,0.4641,504.34,703.46,630.24,874.89
72,2.4,person,person,10,0.582,402.31,76.7,425.33,127.66
72,2.4,person,person,95,0.314,128.49,199.28,197.4,292.77
73,2.433,person,person,1,0.9154,1216.62,284.09,1322.8,448.7
73,2.433,person,person,2,0.7924,968.98,16.82,1003.79,77.75
73,2.433,person,person,3,0.8589,1111.6,52.54,1151.55,126.11
73,2.433,person,person,6,0.4494,137.93,219.23,196.75,291.64
73,2.433,person,person,8,0.7542,799.92,18.62,830.72,79.52
73,2.433,person,person,12,0.3952,63.7,423.8,110.43,487.89
73,2.433,person,person,13,0.7914,869.93,51.85,906.39,134.22
73,2.433,person,person,82,0.3651,499.21,702.97,626.21,789.04
73,2.433,person,person,81,0.4245,500.17,700.82,627.21,875.05
73,2.433,person,person,10,0.5837,401.67,76.89,425.09,128.26
73,2.433,person,person,95,0.31,129.03,200.25,197.18,292.73
74,2.467,person,person,1,0.9123,1216.33,284.52,1321.09,448.82
74,2.467,person,person,2,0.8076,968.92,16.85,1003.88,77.62
74,2.467,person,person,3,0.8526,1112.0,52.79,1151.97,126.2
74,2.467,person,person,6,0.4055,137.76,218.98,196.73,291.61
74,2.467,person,person,8,0.7411,799.49,18.75,829.85,80.01
74,2.467,person,person,12,0.3914,63.45,423.81,110.71,488.57
74,2.467,person,person,13,0.7722,871.65,52.41,908.7,133.97
74,2.467,person,person,82,0.3999,495.29,699.41,625.5,788.91
74,2.467,person,person,81,0.4462,497.18,697.44,625.47,875.18
74,2.467,person,person,10,0.4994,401.33,76.87,425.02,128.26
74,2.467,person,person,95,0.3772,127.98,200.28,196.46,292.69
74,2.467,ball,sports ball,109,0.8194,596.28,692.73,616.85,709.8
75,2.5,person,person,1,0.912,1216.53,284.66,1320.12,448.87
75,2.5,person,person,2,0.809,968.83,16.97,1003.92,77.59
75,2.5,person,person,3,0.8542,1112.13,52.83,1152.19,126.27
75,2.5,person,person,6,0.4148,137.71,218.99,196.68,291.64
75,2.5,person,person,8,0.739,799.55,18.81,829.4,80.19
75,2.5,person,person,12,0.3824,63.76,423.8,110.48,487.56
75,2.5,person,person,13,0.772,871.99,52.6,909.75,133.86
75,2.5,person,person,82,0.3903,494.44,698.19,624.63,788.83
75,2.5,person,person,81,0.4676,496.45,696.24,624.51,875.27
75,2.5,person,person,10,0.5141,401.04,77.24,424.88,128.25
75,2.5,person,person,95,0.3591,127.61,200.44,196.3,292.71
75,2.5,ball,sports ball,109,0.8203,595.5,692.58,616.14,709.71
76,2.533,person,person,1,0.9127,1216.37,284.81,1318.65,448.86
76,2.533,person,person,2,0.8214,968.74,16.96,1003.99,77.51
76,2.533,person,person,3,0.8593,1112.5,52.79,1152.83,126.3
76,2.533,person,person,6,0.4077,137.78,218.7,196.92,291.67
76,2.533,person,person,8,0.7333,799.58,18.93,829.03,80.69
76,2.533,person,person,12,0.3935,63.65,423.77,110.54,487.6
76,2.533,person,person,13,0.6644,872.62,52.44,911.4,133.9
76,2.533,person,person,82,0.3774,494.7,697.27,624.48,788.7
76,2.533,person,person,81,0.4982,496.42,695.15,624.22,875.37
76,2.533,person,person,10,0.384,400.74,76.54,425.19,128.47
76,2.533,person,person,95,0.4245,126.98,199.44,196.61,292.75
76,2.533,ball,sports ball,109,0.8314,595.09,692.86,615.91,710.15
76,2.533,person,person,15,0.2518,979.34,0.0,994.82,13.74
77,2.567,person,person,1,0.9119,1216.17,284.72,1317.16,448.65
77,2.567,person,person,2,0.8202,968.73,17.0,1004.25,77.62
77,2.567,person,person,3,0.8629,1113.08,52.48,1153.91,126.47
77,2.567,person,person,6,0.3917,137.6,218.5,196.84,291.64
77,2.567,person,person,8,0.7024,799.6,19.22,828.43,80.85
77,2.567,person,person,12,0.3883,63.55,423.74,110.58,487.62
77,2.567,person,person,13,0.6398,873.87,52.29,913.83,134.07
77,2.567,person,person,82,0.3678,498.02,700.54,622.74,788.7
77,2.567,person,person,81,0.5553,498.99,699.58,623.41,875.36
77,2.567,person,person,10,0.3138,398.76,75.46,424.34,128.98
77,2.567,person,person,95,0.4202,127.15,199.77,196.67,292.71
77,2.567,ball,sports ball,109,0.6036,597.86,694.95,618.26,711.88
78,2.6,person,person,1,0.9094,1215.84,284.77,1315.56,448.59
78,2.6,person,person,2,0.8297,968.63,16.95,1004.36,77.62
78,2.6,person,person,3,0.8592,1114.12,52.36,1155.24,126.45
78,2.6,person,person,6,0.4022,137.44,218.6,196.53,291.5
78,2.6,person,person,8,0.7042,800.25,19.64,828.61,80.94
78,2.6,person,person,12,0.3867,63.58,423.91,110.53,487.57
78,2.6,person,person,13,0.769,874.72,52.27,915.94,134.15
78,2.6,person,person,82,0.3761,501.82,703.46,623.3,788.93
78,2.6,person,person,81,0.5567,501.63,702.74,624.16,875.07
78,2.6,person,person,10,0.2931,398.86,79.12,423.48,129.79
78,2.6,person,person,95,0.3901,128.04,201.88,196.26,292.65
78,2.6,ball,sports ball,114,0.3426,1022.64,272.93,1033.83,281.34
78,2.6,person,person,15,0.265,979.25,0.0,994.85,14.07
79,2.633,person,person,1,0.9157,1215.24,285.31,1313.3,448.52
79,2.633,person,person,2,0.835,968.58,16.94,1004.47,77.6
79,2.633,person,person,3,0.8521,1114.82,52.36,1156.23,126.52
79,2.633,person,person,6,0.2905,137.05,218.17,196.52,291.52
79,2.633,person,person,8,0.6425,800.62,20.18,828.51,80.85
79,2.633,person,person,12,0.4013,62.95,424.01,111.21,489.6
79,2.633,person,person,13,0.8107,875.3,52.19,917.53,134.11
79,2.633,person,person,82,0.3556,507.38,707.35,625.25,788.73
79,2.633,person,person,81,0.6149,506.22,707.47,627.22,875.08
79,2.633,person,person,95,0.5772,126.67,198.83,197.11,292.64
79,2.633,ball,sports ball,114,0.3427,1022.62,272.94,1033.86,281.39
80,2.667,person,person,1,0.913,1215.29,285.49,1311.91,448.4
80,2.667,person,person,2,0.8331,968.53,16.88,1004.63,77.6
80,2.667,person,person,3,0.8509,1115.15,52.46,1156.84,126.67
80,2.667,person,person,6,0.3132,137.02,217.95,196.67,291.57
80,2.667,person,person,8,0.6149,800.9,20.47,828.52,80.62
80,2.667,person,person,12,0.3884,62.94,424.05,111.03,489.47
80,2.667,person,person,13,0.8251,875.69,51.97,918.9,134.1
80,2.667,person,person,82,0.372,511.27,709.68,628.39,788.63
80,2.667,person,person,81,0.6283,509.15,710.0,630.87,875.31
80,2.667,person,person,95,0.4203,127.06,199.43,197.12,292.66
80,2.667,ball,sports ball,114,0.2606,1022.63,272.96,1033.8,281.35
81,2.7,person,person,1,0.9133,1215.67,285.54,1311.1,448.37
81,2.7,person,person,2,0.834,968.47,16.87,1004.71,77.6
81,2.7,person,person,3,0.8506,1115.17,52.52,1157.11,126.76
81,2.7,person,person,6,0.29,137.01,217.87,196.72,291.6
81,2.7,person,person,8,0.6184,801.04,20.55,828.53,80.49
81,2.7,person,person,12,0.3909,62.95,424.06,110.93,489.37
81,2.7,person,person,13,0.8257,875.54,51.87,919.58,134.12
81,2.7,person,person,82,0.3694,511.87,710.51,630.17,788.59
81,2.7,person,person,81,0.6322,509.51,710.91,632.73,875.37
81,2.7,person,person,95,0.4795,126.66,198.72,197.26,292.67
81,2.7,ball,sports ball,114,0.2613,1022.62,272.94,1033.81,281.35
81,2.7,ball,sports ball,118,0.3459,630.58,717.81,656.35,733.18
82,2.733,person,person,1,0.9067,1215.92,285.6,1310.06,448.28
82,2.733,person,person,2,0.8317,968.42,16.86,1004.81,77.6
82,2.733,person,person,3,0.8442,1115.38,52.32,1157.72,126.9
82,2.733,person,person,6,0.4717,135.9,217.52,196.58,292.31
82,2.733,person,person,8,0.6803,799.75,20.75,827.19,80.94
82,2.733,person,person,12,0.365,63.07,424.05,110.85,489.06
82,2.733,person,person,13,0.8446,875.61,51.46,920.48,134.04
82,2.733,person,person,81,0.7246,516.76,711.58,644.35,875.65
82,2.733,ball,sports ball,114,0.2565,1022.63,272.94,1033.83,281.36
83,2.767,person,person,1,0.9051,1216.0,286.02,1308.82,448.39
83,2.767,person,person,2,0.8195,968.47,16.69,1005.03,77.64
83,2.767,person,person,3,0.8488,1115.58,52.26,1158.21,126.95
83,2.767,person,person,6,0.5472,136.43,218.4,196.7,292.56
83,2.767,person,person,8,0.6906,798.1,21.1,825.17,81.12
83,2.767,person,person,12,0.3694,63.03,424.09,110.93,489.28
83,2.767,person,person,13,0.8626,875.56,51.57,920.96,134.06
83,2.767,person,person,81,0.3296,524.3,712.14,656.62,874.55
84,2.8,person,person,1,0.9031,1216.02,286.3,1307.6,448.49
84,2.8,person,person,2,0.8127,968.72,16.88,1005.23,77.68
84,2.8,person,person,3,0.8526,1115.55,52.14,1158.46,126.9
84,2.8,person,person,6,0.5149,138.62,218.61,197.74,291.86
84,2.8,person,person,8,0.7454,797.31,21.37,824.46,81.44
84,2.8,person,person,12,0.3625,62.54,424.1,111.39,490.8
84,2.8,person,person,13,0.8667,875.38,51.8,921.01,134.06
84,2.8,person,person,81,0.4199,528.15,712.46,667.1,874.59
84,2.8,person,person,15,0.2519,979.01,0.01,994.22,13.53
84,2.8,person,person,95,0.3227,126.92,197.74,198.01,292.49
85,2.833,person,person,1,0.9019,1215.99,286.25,1306.55,448.58
85,2.833,person,person,2,0.8013,969.09,16.81,1005.63,77.72
85,2.833,person,person,3,0.8535,1115.49,52.02,1158.71,126.9
85,2.833,person,person,6,0.6341,138.71,219.04,197.22,291.62
85,2.833,person,person,8,0.7418,796.57,21.38,824.37,82.01
85,2.833,person,person,12,0.3677,62.49,424.07,111.52,491.19
85,2.833,person,person,13,0.8633,875.41,51.83,921.25,134.1
85,2.833,person,person,81,0.5602,523.17,713.05,667.43,874.91
85,2.833,person,person,15,0.2703,978.86,0.01,994.26,13.6
85,2.833,ball,sports ball,114,0.2728,1022.57,272.96,1033.76,281.36
86,2.867,person,person,1,0.8976,1216.09,286.29,1305.65,448.65
86,2.867,person,person,2,0.7851,969.27,16.0,1006.18,77.83
86,2.867,person,person,3,0.8589,1114.99,52.09,1158.46,126.79
86,2.867,person,person,6,0.6455,138.04,218.92,196.65,291.53
86,2.867,person,person,8,0.7348,795.19,21.68,823.31,82.07
86,2.867,person,person,12,0.3961,62.41,424.09,111.8,491.9
86,2.867,person,person,13,0.8605,875.73,51.85,921.56,134.07
86,2.867,person,person,81,0.3283,514.29,713.07,665.04,875.42
86,2.867,person,person,15,0.2751,978.57,0.01,994.36,13.92
86,2.867,ball,sports ball,114,0.2754,1022.57,272.99,1033.77,281.4
86,2.867,person,person,95,0.2789,128.1,198.39,198.34,292.32
87,2.9,person,person,1,0.8978,1216.4,286.31,1305.05,448.69
87,2.9,person,person,2,0.7851,969.4,15.68,1006.39,77.93
87,2.9,person,person,3,0.8592,1114.72,52.13,1158.47,126.73
87,2.9,person,person,6,0.648,137.68,218.89,196.42,291.54
87,2.9,person,person,8,0.7365,794.49,21.81,822.93,82.09
87,2.9,person,person,12,0.3789,62.55,424.08,111.65,491.62
87,2.9,person,person,13,0.8604,875.76,51.83,921.62,134.07
87,2.9,person,person,81,0.335,509.26,713.01,665.72,875.62
87,2.9,person,person,15,0.278,978.47,0.01,994.38,14.01
87,2.9,ball,sports ball,114,0.2736,1022.58,273.0,1033.73,281.37
87,2.9,person,person,127,0.3165,493.89,713.49,691.04,789.1
88,2.933,person,person,1,0.8902,1216.24,286.29,1304.16,448.78
88,2.933,person,person,2,0.7603,969.51,14.46,1006.99,78.01
88,2.933,person,person,3,0.8593,1114.42,52.16,1158.52,126.85
88,2.933,person,person,6,0.7099,136.24,218.24,196.22,292.2
88,2.933,person,person,8,0.7025,792.59,21.36,821.33,82.31
88,2.933,person,person,12,0.3667,62.6,424.13,111.57,491.6
88,2.933,person,person,13,0.8548,875.94,51.55,921.78,133.87
88,2.933,person,person,81,0.4694,503.05,712.68,665.57,875.63
88,2.933,person,person,15,0.2576,978.28,0.01,994.37,14.15
88,2.933,ball,sports ball,114,0.2772,1022.57,273.01,1033.74,281.39
89,2.967,person,person,1,0.8891,1216.13,286.17,1303.44,448.82
89,2.967,person,person,2,0.7575,969.93,14.22,1007.27,78.04
89,2.967,person,person,3,0.8627,1114.0,52.3,1158.24,126.71
89,2.967,person,person,6,0.7531,135.48,217.77,196.2,292.43
89,2.967,person,person,8,0.6685,791.3,21.8,820.44,82.88
89,2.967,person,person,12,0.3477,62.97,424.11,111.3,490.66
89,2.967,person,person,13,0.8653,876.03,51.33,921.87,133.84
89,2.967,person,person,81,0.7442,498.26,712.09,667.76,874.8
89,2.967,ball,sports ball,114,0.3062,1022.55,273.01,1033.75,281.41
90,3.0,person,person,1,0.8918,1215.89,285.5,1303.08,448.99
90,3.0,person,person,2,0.7533,970.31,14.64,1007.08,78.15
90,3.0,person,person,3,0.8633,1113.87,52.19,1158.47,126.68
90,3.0,person,person,6,0.6248,134.74,217.1,196.47,292.82
90,3.0,person,person,8,0.7208,788.79,21.93,818.37,83.0
90,3.0,person,person,13,0.8595,876.03,51.34,922.12,134.51
90,3.0,person,person,81,0.7032,496.25,711.36,671.81,873.33
90,3.0,ball,sports ball,114,0.2933,1022.8,272.92,1033.98,281.33
91,3.033,person,person,1,0.8929,1215.82,285.21,1302.77,449.12
91,3.033,person,person,2,0.7574,970.92,15.49,1006.89,78.19
91,3.033,person,person,3,0.8704,1113.64,52.16,1158.55,126.64
91,3.033,person,person,6,0.7056,134.21,216.8,196.48,292.96
91,3.033,person,person,8,0.7195,786.76,22.26,816.95,83.4
91,3.033,person,person,13,0.8465,876.17,51.03,922.37,134.74
91,3.033,person,person,81,0.4633,495.98,709.74,678.91,873.3
91,3.033,ball,sports ball,114,0.2857,1022.86,272.88,1034.07,281.33
91,3.033,person,person,127,0.2685,490.96,709.22,699.26,789.01
92,3.067,person,person,1,0.891,1215.72,285.75,1302.46,450.19
92,3.067,person,person,2,0.7549,971.66,15.77,1007.12,78.07
92,3.067,person,person,3,0.8724,1113.12,52.16,1158.36,126.6
92,3.067,person,person,6,0.7,134.35,216.88,196.75,293.07
92,3.067,person,person,8,0.7304,783.99,22.14,815.16,84.23
92,3.067,person,person,13,0.8446,876.39,51.0,922.45,134.75
92,3.067,person,person,81,0.5205,496.23,708.15,687.98,874.87
92,3.067,ball,sports ball,114,0.2895,1022.93,272.83,1034.13,281.32
92,3.067,person,person,131,0.3796,1428.39,55.39,1471.03,85.0
92,3.067,person,person,127,0.2925,492.87,706.9,709.14,789.75
93,3.1,person,person,1,0.891,1215.84,285.95,1302.24,450.61
93,3.1,person,person,2,0.7561,971.74,16.28,1006.81,78.33
93,3.1,person,person,3,0.8727,1112.82,52.16,1158.39,126.62
93,3.1,person,person,6,0.7172,134.49,216.91,196.96,293.11
93,3.1,person,person,8,0.7282,782.91,22.09,814.73,84.5
93,3.1,person,person,13,0.8438,876.52,50.98,922.44,134.75
93,3.1,person,person,81,0.5109,496.32,707.56,693.79,875.48
93,3.1,ball,sports ball,114,0.29,1022.97,272.81,1034.14,281.3
93,3.1,person,person,131,0.3822,1428.36,55.36,1471.04,85.0
93,3.1,person,person,127,0.2951,493.51,706.12,712.42,790.01
94,3.133,person,person,1,0.9007,1215.56,285.81,1302.51,452.27
94,3.133,person,person,2,0.7739,972.39,16.77,1006.79,78.05
94,3.133,person,person,3,0.8701,1112.57,52.19,1158.39,126.63
94,3.133,person,person,6,0.7094,135.64,216.91,197.88,293.09
94,3.133,person,person,8,0.752,781.98,22.47,814.36,84.75
94,3.133,person,person,13,0.8581,876.19,51.04,922.03,134.66
94,3.133,person,person,81,0.6153,502.45,705.33,705.39,876.16
94,3.133,ball,sports ball,114,0.3164,1022.99,272.83,1034.13,281.33
94,3.133,person,person,131,0.3855,1428.35,55.31,1470.98,84.91
94,3.133,person,person,127,0.2677,497.49,704.3,720.8,790.18
94,3.133,person,person,15,0.2589,977.69,0.01,993.24,13.59
95,3.167,person,person,1,0.9,1215.47,285.94,1303.11,454.59
95,3.167,person,person,2,0.7962,972.6,16.67,1006.69,77.82
95,3.167,person,person,3,0.8679,1112.26,52.11,1158.32,126.63
95,3.167,person,person,6,0.6958,137.15,216.91,198.92,293.08
95,3.167,person,person,8,0.7934,780.83,22.51,814.18,85.47
95,3.167,person,person,13,0.8534,876.44,51.44,921.99,134.58
95,3.167,person,person,81,0.5575,510.2,700.91,718.91,876.92
95,3.167,ball,sports ball,114,0.3111,1023.0,272.85,1034.1,281.34
95,3.167,person,person,131,0.3707,1428.49,55.34,1470.84,84.74
95,3.167,person,person,127,0.3074,500.34,700.76,731.92,790.75
96,3.2,person,person,1,0.906,1215.56,286.5,1303.87,457.47
96,3.2,person,person,2,0.798,972.8,16.67,1006.63,77.73
96,3.2,person,person,3,0.8689,1111.94,52.08,1158.15,126.65
96,3.2,person,person,6,0.6931,136.85,216.55,198.64,293.0
96,3.2,person,person,8,0.8485,779.76,22.83,813.66,85.85
96,3.2,person,person,13,0.8613,876.66,51.49,922.1,134.47
96,3.2,person,person,81,0.6336,517.01,694.64,730.69,877.1
96,3.2,ball,sports ball,114,0.3334,1023.01,272.86,1034.08,281.36
96,3.2,person,person,131,0.3437,1428.51,55.34,1470.79,84.7
96,3.2,person,person,127,0.2951,503.07,695.12,744.14,790.58
96,3.2,person,person,15,0.2578,977.68,0.0,993.01,13.23
97,3.233,person,person,1,0.9068,1215.87,287.23,1304.5,459.94
97,3.233,person,person,2,0.8014,972.97,16.64,1006.59,77.68
97,3.233,person,person,3,0.8621,1111.68,52.33,1157.58,126.44
97,3.233,person,person,6,0.7211,139.06,216.42,200.12,292.93
97,3.233,person,person,8,0.8392,779.11,23.7,813.2,86.04
97,3.233,person,person,13,0.866,877.05,51.44,922.45,134.46
97,3.233,person,person,81,0.3738,526.06,689.16,740.99,876.01
97,3.233,ball,sports ball,114,0.3451,1023.08,272.92,1034.06,281.35
97,3.233,person,person,131,0.3574,1428.56,55.38,1470.73,84.64
97,3.233,person,person,127,0.4218,509.32,689.11,758.52,790.29
97,3.233,person,person,15,0.2632,977.63,0.0,993.03,13.18
98,3.267,person,person,1,0.9042,1216.81,288.21,1305.29,461.79
98,3.267,person,person,2,0.7881,972.95,16.77,1006.37,77.66
98,3.267,person,person,3,0.8595,1111.31,52.3,1157.14,126.36
98,3.267,person,person,6,0.7232,139.85,216.42,200.27,292.9
98,3.267,person,person,8,0.8262,778.46,24.02,813.11,86.39
98,3.267,person,person,13,0.8708,877.51,51.39,922.91,134.36
98,3.267,ball,sports ball,114,0.3756,1023.09,272.92,1034.06,281.36
98,3.267,person,person,131,0.3487,1428.49,55.36,1470.77,84.72
98,3.267,person,person,127,0.7675,509.58,683.19,768.61,791.57
98,3.267,person,person,15,0.2504,977.56,0.0,993.02,13.11
99,3.3,person,person,1,0.9042,1217.34,288.53,1305.44,462.45
99,3.3,person,person,2,0.7896,973.03,16.79,1006.32,77.67
99,3.3,person,person,3,0.8601,1111.16,52.29,1156.94,126.33
99,3.3,person,person,6,0.7211,140.39,216.42,200.21,292.9
99,3.3,person,person,8,0.8261,778.1,24.16,813.26,86.52
99,3.3,person,person,13,0.8706,877.71,51.39,923.11,134.32
99,3.3,ball,sports ball,114,0.3778,1023.1,272.92,1034.06,281.36
99,3.3,person,person,131,0.3676,1428.55,55.35,1470.77,84.68
99,3.3,person,person,127,0.7836,511.93,680.9,770.12,792.15
99,3.3,person,person,15,0.2541,977.54,0.0,993.06,13.09
99,3.3,ball,sports ball,134,0.7415,740.53,771.93,754.72,785.02
99,3.3,person,person,12,0.2546,63.31,424.05,113.78,493.29
100,3.333,person,person,1,0.9028,1218.23,289.61,1306.19,464.14
100,3.333,person,person,2,0.7857,972.92,16.76,1006.15,77.67
100,3.333,person,person,3,0.8538,1110.93,52.23,1156.66,126.38
100,3.333,person,person,6,0.69,140.92,216.53,200.05,292.81
100,3.333,person,person,8,0.7914,777.34,24.28,812.99,86.61
100,3.333,person,person,13,0.8747,878.63,51.47,923.89,134.38
100,3.333,ball,sports ball,114,0.3736,1023.13,272.97,1034.0,281.34
100,3.333,person,person,131,0.3706,1428.5,55.33,1470.66,84.6
100,3.333,person,person,127,0.7892,513.63,676.63,773.54,792.51
100,3.333,person,person,15,0.2601,977.47,0.0,993.09,13.11
100,3.333,ball,sports ball,134,0.7838,741.65,768.42,756.58,782.17
101,3.367,person,person,1,0.9064,1219.09,290.82,1307.22,466.38
101,3.367,person,person,2,0.7878,972.84,16.72,1006.07,77.7
101,3.367,person,person,3,0.8571,1110.14,51.8,1155.93,126.38
101,3.367,person,person,6,0.6453,141.03,216.64,199.59,292.72
101,3.367,person,person,8,0.7531,776.61,24.5,812.95,87.07
101,3.367,person,person,13,0.8715,879.74,51.52,924.99,134.66
101,3.367,ball,sports ball,114,0.4101,1023.16,272.99,1034.02,281.36
101,3.367,person,person,131,0.3648,1428.64,55.29,1470.86,84.62
101,3.367,person,person,127,0.5708,513.07,670.6,776.49,792.84
101,3.367,person,person,15,0.2604,977.42,0.0,993.08,13.07
101,3.367,ball,sports ball,134,0.8227,744.08,764.88,758.65,778.25
101,3.367,person,person,81,0.3542,532.1,671.1,756.28,874.3
102,3.4,person,person,1,0.9054,1220.01,291.91,1308.47,468.55
102,3.4,person,person,2,0.7869,972.86,16.67,1006.06,77.67
102,3.4,person,person,3,0.8552,1109.69,51.66,1155.3,126.38
102,3.4,person,person,6,0.6767,141.19,216.63,199.34,292.67
102,3.4,person,person,8,0.6937,775.86,24.72,812.83,87.31
102,3.4,person,person,13,0.8738,880.87,51.62,925.79,134.55
102,3.4,ball,sports ball,114,0.3837,1023.15,272.98,1034.07,281.39
102,3.4,person,person,131,0.3821,1428.6,55.29,1471.03,84.79
102,3.4,person,person,127,0.7639,513.22,664.06,777.67,792.34
102,3.4,ball,sports ball,134,0.7365,747.01,761.88,760.32,774.02
102,3.4,person,person,12,0.2692,65.17,423.64,112.97,487.66
103,3.433,person,person,1,0.9023,1221.34,293.57,1309.9,470.04
103,3.433,person,person,2,0.7946,972.7,16.65,1005.93,77.75
103,3.433,person,person,3,0.8601,1109.23,51.56,1154.61,126.39
103,3.433,person,person,6,0.6507,142.19,217.03,198.92,291.71
103,3.433,person,person,8,0.6834,774.4,24.68,811.78,87.36
103,3.433,person,person,13,0.8737,881.68,51.65,926.2,134.34
103,3.433,ball,sports ball,114,0.3856,1023.16,272.99,1034.06,281.39
103,3.433,person,person,131,0.4011,1428.65,55.28,1470.88,84.67
103,3.433,person,person,12,0.2621,65.19,423.42,113.39,486.76
103,3.433,person,person,10,0.4704,391.39,78.76,418.91,132.93
103,3.433,person,person,15,0.2524,977.38,0.0,993.14,13.1
103,3.433,person,person,81,0.6157,533.03,657.29,756.96,871.74
104,3.467,person,person,1,0.903,1222.38,295.37,1311.08,471.45
104,3.467,person,person,2,0.766,972.28,16.68,1005.55,77.79
104,3.467,person,person,3,0.8592,1109.08,51.39,1154.29,126.42
104,3.467,person,person,6,0.7149,141.85,216.62,199.01,292.34
104,3.467,person,person,8,0.7289,772.82,24.74,810.29,87.24
104,3.467,person,person,13,0.874,882.48,51.64,926.66,134.22
104,3.467,ball,sports ball,114,0.3745,1023.14,273.0,1034.05,281.41
104,3.467,person,person,131,0.4054,1428.62,55.27,1470.87,84.7
104,3.467,person,person,12,0.2514,64.95,423.45,113.77,486.71
104,3.467,person,person,137,0.4011,571.83,647.92,716.28,795.46
104,3.467,person,person,10,0.5903,391.21,78.52,419.67,133.22
104,3.467,person,person,15,0.2959,977.11,0.0,993.46,13.64
105,3.5,person,person,1,0.902,1222.69,296.04,1311.59,471.9
105,3.5,person,person,2,0.7668,972.0,16.58,1005.37,77.83
105,3.5,person,person,3,0.857,1109.15,51.47,1154.09,126.45
105,3.5,person,person,6,0.7129,141.88,216.47,198.97,292.53
105,3.5,person,person,8,0.7333,772.21,25.01,809.83,87.28
105,3.5,person,person,13,0.8724,882.82,51.59,926.74,134.19
105,3.5,ball,sports ball,114,0.3743,1023.14,273.0,1034.05,281.42
105,3.5,person,person,131,0.3734,1428.58,55.27,1470.87,84.78
105,3.5,person,person,137,0.4035,571.23,646.78,716.88,796.14
105,3.5,person,person,10,0.5689,391.14,78.44,420.12,133.23
105,3.5,person,person,15,0.2652,977.12,0.0,993.39,13.57
105,3.5,ball,sports ball,138,0.3752,729.52,666.47,771.34,696.75
105,3.5,person,person,139,0.3191,584.53,646.15,706.35,856.08
106,3.533,person,person,1,0.8961,1223.45,297.06,1312.58,472.48
106,3.533,person,person,2,0.7618,971.47,15.9,1005.3,77.9
106,3.533,person,person,3,0.8478,1108.73,51.37,1153.5,126.41
106,3.533,person,person,6,0.6394,142.59,216.81,198.52,291.74
106,3.533,person,person,8,0.7429,770.95,24.89,808.83,87.39
106,3.533,person,person,13,0.8701,883.25,51.6,926.92,134.22
106,3.533,ball,sports ball,114,0.4129,1023.14,272.98,1034.08,281.42
106,3.533,person,person,131,0.3807,1428.59,55.26,1470.81,84.75
106,3.533,person,person,10,0.5246,391.58,78.56,420.88,133.07
106,3.533,person,person,15,0.2734,977.15,0.0,993.48,13.63
106,3.533,person,person,139,0.8641,599.23,640.8,712.14,834.39
107,3.567,person,person,1,0.9081,1224.17,297.81,1313.75,472.83
107,3.567,person,person,2,0.7495,970.66,15.52,1004.96,78.21
107,3.567,person,person,3,0.8343,1108.52,51.51,1153.03,126.29
107,3.567,person,person,6,0.641,142.86,216.89,198.23,291.43
107,3.567,person,person,8,0.7349,769.69,25.53,807.06,87.32
107,3.567,person,person,13,0.8682,883.62,51.53,926.94,133.98
107,3.567,ball,sports ball,114,0.3956,1023.14,272.95,1034.12,281.41
107,3.567,person,person,131,0.3774,1428.55,55.28,1470.85,84.86
107,3.567,person,person,10,0.4602,391.54,78.76,420.87,132.9
107,3.567,person,person,139,0.685,600.26,631.35,720.06,836.11
107,3.567,racket,tennis racket,143,0.7267,705.39,637.2,751.14,688.59
108,3.6,person,person,1,0.9078,1224.97,298.71,1315.02,473.09
108,3.6,person,person,2,0.7494,970.37,15.54,1004.76,78.21
108,3.6,person,person,3,0.8333,1108.26,51.33,1152.76,126.24
108,3.6,person,person,6,0.6563,143.07,216.46,198.8,291.95
108,3.6,person,person,8,0.7266,768.0,25.87,804.94,87.38
108,3.6,person,person,13,0.8701,883.78,51.52,926.84,133.93
108,3.6,ball,sports ball,114,0.3948,1023.13,272.95,1034.09,281.41
108,3.6,person,person,131,0.3805,1428.67,55.29,1470.62,84.63
108,3.6,person,person,10,0.5452,392.51,78.93,422.12,132.66
108,3.6,person,person,139,0.901,598.6,623.76,725.61,840.56
108,3.6,racket,tennis racket,143,0.7536,702.15,633.79,744.56,681.42
109,3.633,person,person,1,0.8981,1225.76,299.38,1316.47,473.32
109,3.633,person,person,2,0.7451,969.78,15.77,1004.31,78.34
109,3.633,person,person,3,0.8283,1108.12,51.33,1152.55,126.17
109,3.633,person,person,6,0.6485,142.44,216.13,198.55,292.48
109,3.633,person,person,8,0.7654,765.69,25.53,802.01,87.25
109,3.633,person,person,13,0.8665,883.52,51.54,926.34,133.94
109,3.633,ball,sports ball,114,0.4059,1023.17,272.98,1034.07,281.4
109,3.633,person,person,131,0.4071,1428.64,55.3,1470.63,84.69
109,3.633,person,person,10,0.5773,392.16,79.01,422.28,133.36
109,3.633,person,person,139,0.886,599.63,616.99,727.57,835.2
109,3.633,racket,tennis racket,143,0.7441,697.98,631.32,739.93,678.57
109,3.633,person,person,15,0.2558,977.32,0.0,993.78,13.79
110,3.667,person,person,1,0.8961,1226.34,300.3,1317.58,473.39
110,3.667,person,person,2,0.7423,970.05,16.97,1004.07,78.09
110,3.667,person,person,3,0.8299,1108.02,51.05,1152.56,126.19
110,3.667,person,person,6,0.672,142.9,215.81,198.9,292.54
110,3.667,person,person,8,0.7531,764.62,25.26,800.32,87.17
110,3.667,person,person,13,0.8645,883.44,51.54,926.07,133.94
110,3.667,ball,sports ball,114,0.3746,1023.17,273.01,1034.07,281.43
110,3.667,person,person,131,0.4316,1428.49,55.25,1470.79,84.92
110,3.667,person,person,10,0.6049,392.3,79.03,422.49,133.4
110,3.667,person,person,139,0.8883,600.94,610.72,730.71,832.32
110,3.667,racket,tennis racket,143,0.7379,694.7,630.77,735.75,677.23
110,3.667,person,person,15,0.308,977.14,0.0,993.84,14.06
111,3.7,person,person,1,0.8964,1226.28,300.64,1318.23,473.37
111,3.7,person,person,2,0.7431,970.09,17.41,1004.05,78.01
111,3.7,person,person,3,0.8299,1108.03,50.93,1152.59,126.21
111,3.7,person,person,6,0.6698,143.18,215.67,198.92,292.55
111,3.7,person,person,8,0.7548,764.42,25.05,799.57,87.15
111,3.7,person,person,13,0.8638,883.43,51.54,925.88,133.95
111,3.7,ball,sports ball,114,0.3734,1023.18,273.01,1034.1,281.45
111,3.7,person,person,131,0.4332,1428.44,55.22,1470.81,84.99
111,3.7,person,person,10,0.6061,392.42,79.09,422.68,133.38
111,3.7,person,person,139,0.8876,601.35,608.74,731.57,831.4
111,3.7,racket,tennis racket,143,0.7416,693.94,630.74,734.53,676.93
111,3.7,person,person,15,0.3085,977.09,0.01,993.88,14.2
111,3.7,ball,sports ball,150,0.6872,1005.89,326.28,1029.26,351.54
112,3.733,person,person,1,0.9064,1226.17,301.32,1318.76,473.39
112,3.733,person,person,2,0.7235,969.44,16.97,1003.83,78.11
112,3.733,person,person,3,0.8328,1108.2,50.89,1152.71,126.19
112,3.733,person,person,6,0.6531,143.55,215.74,198.85,292.41
112,3.733,person,person,8,0.7362,764.36,25.11,798.95,87.31
112,3.733,person,person,13,0.8603,883.44,51.54,925.73,133.96
112,3.733,ball,sports ball,114,0.5027,1023.21,273.06,1034.18,281.55
112,3.733,person,person,131,0.3681,1428.5,55.26,1470.54,84.79
112,3.733,person,person,10,0.6414,392.9,78.9,423.19,133.25
112,3.733,person,person,139,0.8888,610.38,604.65,744.58,832.18
112,3.733,racket,tennis racket,143,0.7118,691.76,630.82,733.37,678.4
112,3.733,person,person,15,0.2817,977.33,0.01,993.85,13.99
113,3.767,person,person,1,0.9071,1226.57,302.39,1319.69,473.44
113,3.767,person,person,2,0.7269,969.24,17.39,1003.62,77.92
113,3.767,person,person,3,0.8754,1109.11,50.7,1153.48,126.35
113,3.767,person,person,6,0.624,143.77,215.78,198.77,292.4
113,3.767,person,person,8,0.7709,764.45,25.23,798.54,87.53
113,3.767,person,person,13,0.8598,883.1,51.57,925.12,133.98
113,3.767,ball,sports ball,114,0.3153,1023.21,273.1,1034.18,281.59
113,3.767,person,person,131,0.3471,1428.51,55.29,1470.44,84.74
113,3.767,person,person,10,0.6252,393.16,78.79,423.37,133.13
113,3.767,person,person,139,0.8609,617.93,599.91,756.25,832.23
113,3.767,racket,tennis racket,143,0.5712,691.65,631.61,731.16,676.56
113,3.767,person,person,15,0.2629,977.47,0.0,993.9,13.93
114,3.8,person,person,1,0.9112,1226.87,303.18,1320.69,473.5
114,3.8,person,person,2,0.7337,969.06,17.6,1003.54,77.77
114,3.8,person,person,3,0.8704,1109.62,51.16,1153.49,126.51
114,3.8,person,person,6,0.6602,144.19,215.69,198.86,292.28
114,3.8,person,person,8,0.7687,764.62,25.65,798.04,87.57
114,3.8,person,person,13,0.8578,882.95,51.58,924.7,134.0
114,3.8,ball,sports ball,114,0.4144,1023.24,273.05,1034.1,281.46
114,3.8,person,person,131,0.3504,1428.34,55.28,1470.45,84.86
114,3.8,person,person,10,0.5927,392.91,78.54,423.17,133.39
114,3.8,person,person,139,0.6329,630.6,594.4,758.56,804.64
114,3.8,racket,tennis racket,143,0.5421,694.21,633.48,727.3,670.06
114,3.8,person,person,15,0.2824,977.56,0.0,993.99,13.93
115,3.833,person,person,1,0.915,1227.53,303.71,1322.01,473.32
115,3.833,person,person,2,0.7549,968.86,18.07,1003.27,77.59
115,3.833,person,person,3,0.8544,1110.19,52.45,1153.13,126.48
115,3.833,person,person,6,0.6231,144.12,215.63,198.59,292.24
115,3.833,person,person,8,0.7299,764.91,26.04,797.68,87.58
115,3.833,person,person,13,0.8594,882.94,51.57,924.43,133.98
115,3.833,ball,sports ball,114,0.2736,1023.12,273.17,1033.81,281.44
115,3.833,person,person,131,0.3634,1428.23,55.27,1470.47,84.95
115,3.833,person,person,10,0.5826,393.62,78.67,423.71,133.15
115,3.833,person,person,139,0.9127,630.64,589.27,770.61,819.0
115,3.833,racket,tennis racket,143,0.4415,697.39,633.68,727.16,665.72
115,3.833,person,person,15,0.3358,977.59,0.0,994.35,14.36
116,3.867,person,person,1,0.9089,1228.44,304.24,1323.47,473.21
116,3.867,person,person,2,0.7833,968.24,17.93,1003.01,77.5
116,3.867,person,person,3,0.8738,1110.96,52.98,1153.67,126.83
116,3.867,person,person,6,0.6103,143.57,215.31,198.33,292.62
116,3.867,person,person,8,0.7394,765.24,26.51,797.35,87.57
116,3.867,person,person,13,0.8602,882.98,51.52,924.23,133.96
116,3.867,ball,sports ball,114,0.3175,1023.04,273.18,1033.72,281.42
116,3.867,person,person,131,0.3592,1428.18,55.25,1470.5,85.01
116,3.867,person,person,10,0.5706,393.48,78.45,423.44,133.04
116,3.867,person,person,139,0.9024,632.69,583.18,774.34,816.56
116,3.867,person,person,15,0.3601,977.57,0.0,994.45,14.62
117,3.9,person,person,1,0.908,1228.55,304.4,1324.27,473.15
117,3.9,person,person,2,0.7828,967.94,17.88,1002.99,77.46
117,3.9,person,person,3,0.8737,1111.29,53.16,1153.86,126.97
117,3.9,person,person,6,0.6161,143.5,215.19,198.24,292.76
117,3.9,person,person,8,0.7404,765.5,26.69,797.16,87.59
117,3.9,person,person,13,0.8594,883.05,51.52,924.08,133.96
117,3.9,ball,sports ball,114,0.3164,1022.99,273.19,1033.69,281.43
117,3.9,person,person,131,0.3418,1428.17,55.25,1470.49,85.01
117,3.9,person,person,10,0.5799,393.46,78.38,423.26,133.0
117,3.9,person,person,139,0.9026,633.45,581.02,775.34,815.64
117,3.9,person,person,15,0.3611,977.6,0.0,994.45,14.72
118,3.933,person,person,1,0.907,1229.96,304.65,1326.07,473.12
118,3.933,person,person,2,0.79,967.26,17.56,1002.86,77.44
118,3.933,person,person,3,0.8815,1112.32,53.55,1155.03,127.26
118,3.933,person,person,6,0.5875,143.26,215.17,197.87,292.71
118,3.933,person,person,8,0.6959,765.49,26.93,796.68,87.52
118,3.933,person,person,13,0.8645,883.13,51.5,923.95,133.96
118,3.933,ball,sports ball,114,0.3225,1023.0,273.2,1033.69,281.42
118,3.933,person,person,131,0.348,1428.25,55.23,1470.48,84.93
118,3.933,person,person,10,0.5811,393.87,78.05,423.71,132.87
118,3.933,person,person,139,0.9194,638.51,576.17,773.54,800.37
118,3.933,person,person,15,0.3677,977.69,0.0,994.4,14.73
119,3.967,person,person,1,0.906,1231.52,304.96,1327.78,473.11
119,3.967,person,person,2,0.7785,966.2,16.77,1002.67,77.63
119,3.967,person,person,3,0.8753,1113.75,53.85,1156.53,126.87
119,3.967,person,person,6,0.4908,143.91,216.11,197.22,291.77
119,3.967,person,person,8,0.5655,764.51,27.26,795.47,87.42
119,3.967,person,person,13,0.8686,883.22,51.47,923.85,133.9
119,3.967,ball,sports ball,114,0.2672,1023.08,273.24,1033.65,281.35
119,3.967,person,person,131,0.3704,1428.2,55.21,1470.49,84.96
119,3.967,person,person,10,0.5643,394.1,78.07,423.71,132.64
119,3.967,person,person,139,0.9145,641.87,570.67,775.29,794.68
119,3.967,person,person,15,0.3851,977.77,0.0,994.35,14.74
120,4.0,person,person,1,0.9084,1232.77,305.29,1329.1,473.04
120,4.0,person,person,2,0.7608,965.9,17.47,1002.54,77.6
120,4.0,person,person,3,0.881,1114.6,53.7,1158.08,126.96
120,4.0,person,person,6,0.5889,140.22,215.58,195.15,292.55
120,4.0,person,person,8,0.6839,762.57,27.62,793.92,87.91
120,4.0,person,person,13,0.87,883.24,51.42,923.71,133.88
120,4.0,person,person,131,0.4108,1428.11,55.19,1470.53,85.05
120,4.0,person,person,10,0.5468,394.28,78.08,423.67,132.42
120,4.0,person,person,139,0.915,646.22,564.44,776.51,785.98
120,4.0,person,person,15,0.3812,977.84,0.0,994.29,14.73
121,4.033,person,person,1,0.9096,1233.7,305.76,1330.01,472.95
121,4.033,person,person,2,0.7464,965.35,17.37,1002.54,77.74
121,4.033,person,person,3,0.8521,1114.94,53.4,1159.26,126.89
121,4.033,person,person,6,0.5797,140.26,215.54,195.63,292.75
121,4.033,person,person,8,0.7986,760.68,27.67,792.61,88.31
121,4.033,person,person,13,0.8703,883.29,51.4,923.6,133.87
121,4.033,person,person,131,0.3894,1428.11,55.18,1470.54,85.05
121,4.033,person,person,10,0.5206,394.65,77.83,424.2,132.48
121,4.033,person,person,139,0.9289,653.01,556.94,777.23,770.25
121,4.033,person,person,15,0.374,977.87,0.0,994.14,14.64
122,4.067,person,person,1,0.908,1234.19,306.02,1330.57,472.88
122,4.067,person,person,2,0.751,964.89,17.19,1002.71,78.05
122,4.067,person,person,3,0.8136,1115.85,53.12,1161.12,126.8
122,4.067,person,person,6,0.5779,140.23,215.4,195.97,292.83
122,4.067,person,person,8,0.7986,758.93,27.91,791.33,88.45
122,4.067,person,person,13,0.8679,883.31,51.31,923.55,133.9
122,4.067,person,person,131,0.3487,1428.13,55.24,1470.47,85.02
122,4.067,person,person,10,0.6235,394.76,77.45,423.86,131.5
122,4.067,person,person,139,0.9185,658.6,548.19,779.59,757.71
122,4.067,person,person,15,0.3723,977.93,0.0,994.09,14.59
122,4.067,person,person,12,0.2864,64.48,423.38,113.29,485.17
122,4.067,ball,sports ball,114,0.2739,1023.05,273.21,1033.7,281.36
123,4.1,person,person,1,0.908,1234.25,306.11,1330.81,472.85
123,4.1,person,person,2,0.7537,964.64,17.17,1002.86,78.17
123,4.1,person,person,3,0.8134,1115.93,52.99,1162.01,126.76
123,4.1,person,person,6,0.5712,140.46,215.36,196.39,292.88
123,4.1,person,person,8,0.795,758.45,28.03,791.21,88.36
123,4.1,person,person,13,0.8682,883.35,51.28,923.5,133.9
123,4.1,person,person,131,0.3591,1428.14,55.25,1470.46,85.01
123,4.1,person,person,10,0.6167,394.77,77.35,423.62,131.1
123,4.1,person,person,139,0.9192,660.79,545.19,780.06,753.34
123,4.1,person,person,15,0.376,977.98,0.0,994.05,14.57
123,4.1,ball,sports ball,168,0.4631,1156.6,184.21,1168.21,192.09
123,4.1,person,person,12,0.2843,62.75,424.0,108.0,482.31
123,4.1,ball,sports ball,114,0.2827,1023.03,273.2,1033.73,281.36
124,4.133,person,person,1,0.9087,1234.14,306.26,1330.84,472.86
124,4.133,person,person,2,0.7594,964.34,17.09,1002.96,78.28
124,4.133,person,person,3,0.8197,1118.69,53.2,1165.49,126.68
124,4.133,person,person,6,0.5516,141.43,215.38,197.21,292.84
124,4.133,person,person,8,0.7107,757.83,28.36,790.87,88.31
124,4.133,person,person,13,0.8652,883.07,51.27,923.2,133.88
124,4.133,person,person,131,0.3768,1428.29,55.27,1470.55,85.0
124,4.133,person,person,10,0.6015,394.87,77.42,423.51,130.92
124,4.133,person,person,139,0.9159,662.95,537.58,783.64,750.13
124,4.133,person,person,15,0.3682,977.99,0.0,993.97,14.54
124,4.133,person,person,12,0.2921,62.23,424.19,105.99,481.32
124,4.133,ball,sports ball,114,0.2768,1023.05,273.22,1033.77,281.38
125,4.167,person,person,1,0.9037,1233.74,306.25,1330.73,472.89
125,4.167,person,person,2,0.7686,964.11,16.63,1003.31,78.44
125,4.167,person,person,3,0.8211,1123.61,53.18,1170.97,126.82
125,4.167,person,person,6,0.6431,143.35,215.61,198.4,292.55
125,4.167,person,person,8,0.768,756.87,27.95,790.65,88.44
125,4.167,person,person,13,0.865,882.86,51.16,923.06,133.9
125,4.167,person,person,131,0.3457,1428.41,55.27,1470.54,84.9
125,4.167,person,person,10,0.5354,394.8,77.32,423.56,131.3
125,4.167,person,person,139,0.9214,665.68,527.47,788.64,746.25
125,4.167,person,person,15,0.3676,978.06,0.0,993.96,14.51
125,4.167,person,person,12,0.2861,62.12,424.17,105.06,480.82
125,4.167,ball,sports ball,114,0.3102,1023.07,273.23,1033.79,281.4
126,4.2,person,person,1,0.9195,1233.22,306.07,1330.68,472.94
126,4.2,person,person,2,0.7654,963.98,16.5,1003.47,78.45
126,4.2,person,person,3,0.6724,1128.88,53.09,1176.89,127.26
126,4.2,person,person,6,0.6759,144.39,215.67,198.82,292.28
126,4.2,person,person,8,0.802,756.48,27.57,790.87,88.5
126,4.2,person,person,13,0.8632,882.92,51.19,923.14,133.93
126,4.2,person,person,131,0.3634,1428.55,55.26,1470.48,84.74
126,4.2,person,person,10,0.5977,394.5,77.21,423.0,131.12
126,4.2,person,person,139,0.9162,669.38,517.35,792.92,739.23
126,4.2,person,person,15,0.3891,978.1,0.0,993.99,14.55
126,4.2,person,person,12,0.2841,62.23,423.96,104.89,480.64
126,4.2,ball,sports ball,114,0.3095,1023.07,273.26,1033.73,281.35
127,4.233,person,person,1,0.9134,1232.79,305.8,1330.67,472.88
127,4.233,person,person,2,0.7709,963.96,16.42,1003.71,78.44
127,4.233,person,person,3,0.7424,1131.25,53.55,1178.34,126.38
127,4.233,person,person,6,0.67,144.96,215.74,198.93,292.16
127,4.233,person,person,8,0.7798,756.48,27.84,791.09,88.51
127,4.233,person,person,13,0.8625,882.91,51.26,923.19,133.93
127,4.233,person,person,131,0.344,1428.62,55.31,1470.51,84.74
127,4.233,person,person,10,0.6061,394.26,77.29,422.3,130.91
127,4.233,person,person,139,0.9203,673.75,508.36,798.1,734.09
127,4.233,person,person,15,0.3923,978.1,0.0,993.94,14.56
127,4.233,person,person,12,0.2967,62.37,423.96,104.91,480.8
127,4.233,ball,sports ball,114,0.2913,1023.05,273.26,1033.72,281.33
128,4.267,person,person,1,0.9158,1232.53,305.77,1330.74,472.96
128,4.267,person,person,2,0.7765,963.93,16.52,1003.82,78.42
128,4.267,person,person,3,0.7567,1134.66,54.25,1181.42,125.43
128,4.267,person,person,6,0.6858,145.31,215.71,198.99,292.16
128,4.267,person,person,8,0.7422,756.74,29.59,790.8,88.43
128,4.267,person,person,13,0.8662,882.68,51.41,923.17,134.32
128,4.267,person,person,131,0.3455,1428.72,55.33,1470.58,84.73
128,4.267,person,person,10,0.5621,394.27,77.22,422.03,130.77
128,4.267,person,person,139,0.9214,678.13,501.57,801.48,727.72
128,4.267,person,person,15,0.4052,978.15,0.0,993.95,14.57
128,4.267,person,person,12,0.3012,62.25,423.79,104.58,480.74
128,4.267,ball,sports ball,114,0.2958,1023.04,273.29,1033.73,281.35
129,4.3,person,person,1,0.9161,1232.34,305.74,1330.82,473.01
129,4.3,person,person,2,0.7774,963.87,16.5,1003.96,78.42
129,4.3,person,person,3,0.7516,1135.55,54.51,1182.54,125.06
129,4.3,person,person,6,0.6842,145.51,215.71,198.91,292.16
129,4.3,person,person,8,0.751,756.6,29.71,790.97,88.4
129,4.3,person,person,13,0.8657,882.57,51.49,923.19,134.47
129,4.3,person,person,131,0.3342,1428.77,55.35,1470.64,84.74
129,4.3,person,person,10,0.5804,394.34,77.18,421.87,130.7
129,4.3,person,person,139,0.9218,679.96,499.24,802.31,725.61
129,4.3,person,person,15,0.4005,978.17,0.0,993.94,14.55
129,4.3,person,person,12,0.3007,62.27,423.84,104.29,480.71
129,4.3,ball,sports ball,114,0.2935,1023.02,273.29,1033.75,281.35
129,4.3,ball,sports ball,172,0.5139,1190.48,180.75,1199.74,186.63
130,4.333,person,person,1,0.9178,1231.61,305.71,1330.39,473.16
130,4.333,person,person,2,0.7794,963.8,16.46,1004.11,78.44
130,4.333,person,person,3,0.7594,1134.16,55.14,1180.42,124.4
130,4.333,person,person,6,0.6593,145.65,215.64,198.8,292.08
130,4.333,person,person,8,0.7572,756.24,28.94,791.36,88.43
130,4.333,person,person,13,0.8663,882.61,51.45,923.3,134.48
130,4.333,person,person,131,0.3435,1428.74,55.35,1470.77,84.86
130,4.333,person,person,10,0.5106,394.45,76.84,421.94,130.85
130,4.333,person,person,139,0.917,684.73,495.04,803.51,716.52
130,4.333,person,person,15,0.4024,978.11,0.0,993.89,14.57
130,4.333,person,person,12,0.3025,62.33,423.89,104.11,480.71
130,4.333,ball,sports ball,114,0.2785,1023.01,273.29,1033.77,281.36
131,4.367,person,person,1,0.9179,1230.84,305.86,1329.8,473.16
131,4.367,person,person,2,0.7756,963.63,16.53,1003.94,78.33
131,4.367,person,person,3,0.7637,1134.24,55.58,1180.42,124.68
131,4.367,person,person,6,0.6687,145.7,215.6,198.66,292.04
131,4.367,person,person,8,0.7605,755.57,27.28,791.88,88.58
131,4.367,person,person,13,0.8638,882.72,51.38,923.32,134.12
131,4.367,person,person,131,0.3417,1428.75,55.37,1470.8,84.89
131,4.367,person,person,10,0.5911,394.48,76.91,421.68,130.85
131,4.367,person,person,139,0.8964,690.52,490.42,804.26,703.65
131,4.367,person,person,15,0.3964,977.76,0.0,993.71,14.68
131,4.367,person,person,12,0.3011,62.39,423.98,103.95,480.76
131,4.367,ball,sports ball,114,0.2662,1023.01,273.31,1033.75,281.34
132,4.4,person,person,1,0.921,1229.16,305.88,1328.48,473.09
132,4.4,person,person,2,0.7658,963.48,16.38,1003.94,78.26
132,4.4,person,person,3,0.7051,1142.93,55.85,1188.01,124.47
132,4.4,person,person,6,0.6517,145.69,215.61,198.5,292.07
132,4.4,person,person,8,0.7355,755.13,25.94,792.37,88.7
132,4.4,person,person,13,0.8636,882.86,51.38,923.4,133.96
132,4.4,person,person,131,0.331,1428.78,55.41,1470.74,84.87
132,4.4,person,person,10,0.6176,394.51,76.94,421.43,130.84
132,4.4,person,person,139,0.9146,699.7,485.2,808.16,688.26
132,4.4,person,person,15,0.3854,977.37,0.0,993.54,14.78
132,4.4,person,person,12,0.302,62.32,424.28,103.82,481.26
132,4.4,ball,sports ball,114,0.2674,1023.0,273.32,1033.74,281.33
133,4.433,person,person,1,0.9227,1227.03,305.85,1326.92,473.04
133,4.433,person,person,2,0.7589,963.31,15.54,1004.38,78.19
133,4.433,person,person,3,0.7318,1145.94,57.67,1188.92,123.95
133,4.433,person,person,6,0.6184,145.46,215.63,198.18,292.08
133,4.433,person,person,8,0.733,754.87,25.21,792.63,88.75
133,4.433,person,person,13,0.8623,882.8,51.55,923.44,134.35
133,4.433,person,person,131,0.339,1428.74,55.43,1470.72,84.91
133,4.433,person,person,10,0.6251,394.67,77.0,421.35,130.84
133,4.433,person,person,139,0.8957,710.6,479.56,814.35,671.58
133,4.433,person,person,15,0.3904,977.1,0.0,993.36,14.75
133,4.433,person,person,12,0.3075,62.39,424.3,103.78,481.35
133,4.433,ball,sports ball,114,0.272,1023.0,273.32,1033.74,281.31
134,4.467,person,person,1,0.9167,1225.39,305.72,1325.94,472.97
134,4.467,person,person,2,0.763,963.53,15.83,1004.53,77.99
134,4.467,person,person,3,0.6226,1146.35,58.94,1188.46,123.92
134,4.467,person,person,6,0.6235,145.71,215.66,198.25,292.06
134,4.467,person,person,8,0.7594,754.75,25.15,792.59,88.75
134,4.467,person,person,13,0.8572,882.76,51.59,923.44,134.52
134,4.467,person,person,131,0.3251,1428.8,55.44,1470.77,84.93
134,4.467,person,person,10,0.6529,394.67,77.1,421.13,130.96
134,4.467,person,person,139,0.8872,718.59,473.23,820.58,659.16
134,4.467,person,person,15,0.3723,976.99,0.0,993.31,14.67
134,4.467,person,person,12,0.3124,63.38,424.08,105.97,482.38
134,4.467,person,person,175,0.3486,1151.25,59.53,1196.52,123.5
135,4.5,person,person,1,0.917,1224.63,305.67,1325.75,472.94
135,4.5,person,person,2,0.7654,963.53,15.89,1004.69,77.92
135,4.5,person,person,3,0.6208,1146.43,59.39,1188.21,123.92
135,4.5,person,person,6,0.6146,145.79,215.68,198.19,292.05
135,4.5,person,person,8,0.7601,754.71,25.12,792.6,88.75
135,4.5,person,person,13,0.8575,882.76,51.61,923.42,134.59
135,4.5,person,person,131,0.3253,1428.81,55.45,1470.83,84.99
135,4.5,person,person,10,0.6489,394.72,77.16,420.99,131.0
135,4.5,person,person,139,0.8885,720.96,471.2,823.22,655.03
135,4.5,person,person,15,0.3718,976.94,0.0,993.33,14.63
135,4.5,person,person,12,0.3116,63.7,423.98,107.03,482.95
135,4.5,person,person,175,0.3335,1151.14,59.67,1196.24,123.5
135,4.5,person,person,176,0.3347,1145.27,59.26,1210.58,124.69
136,4.533,person,person,1,0.9111,1224.16,305.31,1325.81,472.91
136,4.533,person,person,2,0.7639,963.9,16.21,1004.99,77.82
136,4.533,person,person,6,0.6685,145.9,215.64,198.16,292.0
136,4.533,person,person,8,0.758,754.81,25.71,792.41,88.74
136,4.533,person,person,13,0.8623,882.83,51.71,923.4,134.57
136,4.533,person,person,131,0.323,1428.86,55.44,1470.79,84.93
136,4.533,person,person,10,0.6388,394.74,77.11,420.91,131.15
136,4.533,person,person,139,0.9082,725.72,465.83,829.61,649.87
136,4.533,person,person,15,0.3566,976.74,0.0,993.32,14.7
136,4.533,person,person,12,0.306,64.03,423.95,107.6,482.79
136,4.533,person,person,175,0.6204,1151.67,61.57,1195.76,124.24
136,4.533,person,person,176,0.5087,1149.87,61.1,1213.26,124.75
136,4.533,ball,sports ball,114,0.2741,1023.0,273.34,1033.74,281.32
137,4.567,person,person,1,0.9059,1223.38,304.83,1325.52,472.97
137,4.567,person,person,2,0.7776,964.39,16.06,1005.55,77.6
137,4.567,person,person,6,0.665,145.94,215.57,198.13,291.99
137,4.567,person,person,8,0.734,755.37,27.59,791.93,88.58
137,4.567,person,person,13,0.863,882.81,51.77,923.26,134.48
137,4.567,person,person,131,0.3568,1428.9,55.41,1470.71,84.81
137,4.567,person,person,10,0.4877,395.12,77.05,421.2,131.05
137,4.567,person,person,139,0.9196,730.08,460.95,834.99,643.78
137,4.567,person,person,15,0.3009,976.01,0.0,992.71,14.52
137,4.567,person,person,12,0.3061,63.87,423.95,107.84,483.04
137,4.567,person,person,176,0.7077,1151.45,62.24,1213.51,125.06
137,4.567,ball,sports ball,114,0.2715,1022.99,273.33,1033.75,281.31
138,4.6,person,person,1,0.9057,1222.52,304.7,1324.89,473.07
138,4.6,person,person,2,0.7823,964.47,15.12,1006.14,77.62
138,4.6,person,person,6,0.6811,145.93,215.6,198.07,292.07
138,4.6,person,person,8,0.7037,755.99,30.47,791.17,88.55
138,4.6,person,person,13,0.858,882.81,51.73,923.23,134.5
138,4.6,person,person,131,0.3537,1429.0,55.42,1470.64,84.69
138,4.6,person,person,10,0.4509,395.22,77.45,421.47,131.74
138,4.6,person,person,139,0.8835,732.77,457.23,838.3,638.56
138,4.6,person,person,12,0.3053,63.59,423.97,107.77,483.13
138,4.6,ball,sports ball,114,0.2619,1022.99,273.33,1033.75,281.29
138,4.6,person,person,175,0.652,1157.44,63.16,1201.77,126.63
139,4.633,person,person,1,0.9034,1222.05,304.28,1324.47,472.71
139,4.633,person,person,2,0.7589,964.75,14.48,1006.66,77.64
139,4.633,person,person,6,0.6719,145.96,215.62,198.01,292.07
139,4.633,person,person,8,0.7347,756.15,33.35,790.13,88.41
139,4.633,person,person,13,0.8585,882.7,51.61,923.07,134.51
139,4.633,person,person,131,0.3493,1429.03,55.41,1470.61,84.63
139,4.633,person,person,10,0.518,395.26,77.79,421.49,132.07
139,4.633,person,person,139,0.8763,737.27,454.76,839.11,627.37
139,4.633,person,person,12,0.3074,63.52,423.96,107.86,483.14
139,4.633,ball,sports ball,114,0.2638,1022.98,273.31,1033.76,281.27
139,4.633,racket,tennis racket,177,0.402,815.59,564.58,845.86,597.12
139,4.633,person,person,175,0.6994,1161.67,64.21,1204.53,125.53
140,4.667,person,person,1,0.9019,1221.44,303.54,1323.81,472.02
140,4.667,person,person,2,0.7249,965.16,14.03,1007.14,77.74
140,4.667,person,person,6,0.6519,145.95,215.68,197.93,292.1
140,4.667,person,person,8,0.6985,755.6,34.3,789.47,88.3
140,4.667,person,person,13,0.86,882.67,51.62,922.94,134.51
140,4.667,person,person,131,0.369,1428.79,55.37,1470.56,84.71
140,4.667,person,person,10,0.4725,395.41,78.06,421.96,132.61
140,4.667,person,person,139,0.8854,741.88,453.37,840.87,618.52
140,4.667,person,person,12,0.2997,63.51,423.95,108.16,483.31
140,4.667,ball,sports ball,114,0.2678,1022.99,273.31,1033.79,281.27
140,4.667,racket,tennis racket,177,0.3919,817.86,566.59,844.6,595.19
140,4.667,person,person,175,0.7429,1163.18,65.11,1206.11,126.59
141,4.7,person,person,1,0.9029,1221.2,303.25,1323.5,471.75
141,4.7,person,person,2,0.7239,965.4,13.88,1007.24,77.77
141,4.7,person,person,6,0.6497,145.96,215.71,197.87,292.09
141,4.7,person,person,8,0.6988,755.21,34.53,789.42,88.28
141,4.7,person,person,13,0.8601,882.68,51.62,922.87,134.52
141,4.7,person,person,131,0.3717,1428.69,55.35,1470.55,84.74
141,4.7,person,person,10,0.4643,395.41,78.16,422.19,132.82
141,4.7,person,person,139,0.8844,742.85,453.09,841.73,615.77
141,4.7,person,person,12,0.3004,63.4,423.95,108.21,483.38
141,4.7,ball,sports ball,114,0.2603,1022.99,273.31,1033.8,281.27
141,4.7,racket,tennis racket,177,0.4002,818.41,567.14,844.32,594.65
141,4.7,person,person,175,0.7434,1163.71,65.36,1206.66,126.89
141,4.7,racket,tennis racket,179,0.3941,817.47,507.61,848.07,540.28
142,4.733,person,person,1,0.9052,1221.44,302.98,1323.05,470.38
142,4.733,person,person,2,0.721,966.09,14.76,1007.37,78.13
142,4.733,person,person,6,0.6509,145.97,215.69,197.82,292.03
142,4.733,person,person,8,0.5961,754.11,33.83,789.27,88.32
142,4.733,person,person,13,0.8561,882.73,51.62,922.82,134.5
142,4.733,person,person,131,0.361,1428.46,55.35,1470.63,84.94
142,4.733,person,person,10,0.5245,395.07,78.15,422.37,133.47
142,4.733,person,person,139,0.8889,746.83,451.68,843.19,607.58
142,4.733,person,person,12,0.3035,63.24,423.95,108.17,483.42
142,4.733,ball,sports ball,114,0.2865,1022.98,273.3,1033.81,281.27
142,4.733,person,person,175,0.7874,1164.5,65.61,1209.49,130.08
142,4.733,racket,tennis racket,179,0.5484,821.18,504.36,852.58,537.81
142,4.733,person,person,15,0.2586,977.05,0.0,993.43,14.17
143,4.767,person,person,1,0.9099,1221.61,302.8,1322.3,468.56
143,4.767,person,person,2,0.7247,966.7,15.2,1007.49,78.17
143,4.767,person,person,6,0.6562,146.01,215.68,197.84,292.04
143,4.767,person,person,8,0.5434,752.76,32.14,789.35,88.24
143,4.767,person,person,13,0.8537,882.77,51.65,922.79,134.53
143,4.767,person,person,131,0.3496,1428.31,55.32,1470.66,85.04
143,4.767,person,person,10,0.476,394.45,78.42,422.01,134.18
143,4.767,person,person,139,0.897,748.59,448.91,844.44,600.4
143,4.767,person,person,12,0.2802,62.4,424.43,105.65,482.07
143,4.767,ball,sports ball,114,0.3074,1022.92,273.27,1033.83,281.29
143,4.767,person,person,175,0.8047,1166.18,67.11,1211.11,131.16
143,4.767,racket,tennis racket,179,0.4099,825.64,501.27,855.75,533.13
144,4.8,person,person,1,0.9106,1221.74,302.65,1321.74,467.03
144,4.8,person,person,2,0.7064,967.04,15.28,1007.66,78.22
144,4.8,person,person,6,0.6212,145.86,215.67,197.73,292.08
144,4.8,person,person,8,0.6411,750.42,31.78,787.54,88.26
144,4.8,person,person,13,0.8544,882.78,51.6,922.77,134.53
144,4.8,person,person,131,0.3775,1428.24,55.28,1470.68,85.06
144,4.8,person,person,10,0.4739,394.32,78.84,421.96,134.53
144,4.8,person,person,139,0.8993,747.07,445.09,843.52,594.56
144,4.8,person,person,12,0.2845,63.26,424.21,107.19,482.47
144,4.8,ball,sports ball,114,0.2844,1022.92,273.26,1033.85,281.31
144,4.8,person,person,175,0.7877,1169.09,69.63,1213.35,132.03
144,4.8,racket,tennis racket,179,0.3483,829.61,498.05,857.06,526.7
145,4.833,person,person,1,0.9076,1221.45,301.97,1321.64,466.51
145,4.833,person,person,2,0.7162,967.51,15.46,1007.81,78.19
145,4.833,person,person,6,0.5946,145.93,215.64,197.82,292.16
145,4.833,person,person,8,0.4854,748.92,31.68,786.16,88.61
145,4.833,person,person,13,0.8579,882.81,51.69,922.72,134.53
145,4.833,person,person,131,0.3365,1428.22,55.28,1470.71,85.1
145,4.833,person,person,10,0.4891,393.54,78.93,421.45,135.04
145,4.833,person,person,139,0.8292,745.02,442.16,844.19,592.97
145,4.833,person,person,12,0.2666,62.47,424.64,105.33,481.82
145,4.833,ball,sports ball,114,0.2629,1022.95,273.32,1033.81,281.32
145,4.833,person,person,175,0.7847,1173.43,72.33,1218.72,135.73
145,4.833,racket,tennis racket,179,0.5099,831.51,494.62,856.57,520.22
146,4.867,person,person,1,0.9075,1221.1,301.55,1322.0,467.18
146,4.867,person,person,2,0.6969,968.26,15.7,1008.12,78.08
146,4.867,person,person,6,0.6075,146.07,215.62,197.94,292.17
146,4.867,person,person,8,0.5665,748.73,30.8,785.92,88.67
146,4.867,person,person,13,0.8557,882.85,51.73,922.69,134.53
146,4.867,person,person,131,0.3444,1428.17,55.23,1470.63,85.02
146,4.867,person,person,10,0.3881,392.69,79.26,420.92,135.95
146,4.867,person,person,139,0.8729,742.98,438.74,845.75,592.44
146,4.867,person,person,12,0.2702,62.17,424.59,104.61,481.55
146,4.867,ball,sports ball,114,0.2612,1022.97,273.35,1033.8,281.33
146,4.867,person,person,175,0.7581,1179.44,76.14,1222.44,136.51
146,4.867,racket,tennis racket,179,0.4917,829.78,490.13,855.82,516.24
147,4.9,person,person,1,0.9067,1220.99,301.41,1322.19,467.46
147,4.9,person,person,2,0.6971,968.6,15.81,1008.16,78.05
147,4.9,person,person,6,0.6163,146.22,215.62,198.01,292.16
147,4.9,person,person,8,0.5561,748.94,30.71,785.61,88.69
147,4.9,person,person,13,0.8552,882.87,51.73,922.68,134.53
147,4.9,person,person,131,0.3483,1428.14,55.23,1470.6,85.01
147,4.9,person,person,10,0.3968,392.22,79.29,420.63,136.3
147,4.9,person,person,139,0.8747,741.64,437.59,846.76,592.48
147,4.9,person,person,12,0.2656,62.11,424.64,104.21,481.46
147,4.9,ball,sports ball,114,0.2674,1022.99,273.36,1033.81,281.34
147,4.9,person,person,175,0.7563,1181.68,77.56,1223.69,136.72
147,4.9,racket,tennis racket,179,0.4992,829.02,488.84,855.79,515.18
148,4.933,person,person,1,0.9092,1220.99,301.12,1322.94,468.43
148,4.933,person,person,2,0.6985,968.71,15.77,1008.06,77.97
148,4.933,person,person,6,0.6088,146.26,215.62,198.0,292.15
148,4.933,person,person,8,0.485,748.21,29.99,784.43,88.63
148,4.933,person,person,13,0.8566,882.92,51.71,922.68,134.49
148,4.933,person,person,131,0.3274,1428.15,55.22,1470.58,84.96
148,4.933,person,person,10,0.4221,391.3,79.22,419.75,136.53
148,4.933,person,person,139,0.8701,738.17,434.95,846.29,592.86
148,4.933,person,person,12,0.2687,62.2,424.55,104.09,481.35
148,4.933,ball,sports ball,114,0.2542,1022.99,273.36,1033.8,281.33
148,4.933,person,person,175,0.707,1183.04,80.27,1223.58,137.52
148,4.933,racket,tennis racket,179,0.5573,825.98,486.27,854.2,513.66
149,4.967,person,person,1,0.9092,1221.23,300.82,1323.65,468.79
149,4.967,person,person,2,0.6674,969.68,16.11,1008.37,77.75
149,4.967,person,person,6,0.5981,146.18,215.63,197.88,292.16
149,4.967,person,person,13,0.8605,882.87,51.61,922.65,134.49
149,4.967,person,person,131,0.3689,1428.07,55.19,1470.51,84.9
149,4.967,person,person,10,0.4821,390.59,79.23,418.9,136.47
149,4.967,person,person,139,0.8802,735.98,432.46,846.67,593.15
149,4.967,person,person,12,0.2735,62.18,424.34,104.01,481.33
149,4.967,person,person,175,0.6088,1184.55,83.74,1223.39,138.06
149,4.967,racket,tennis racket,179,0.5371,822.61,483.72,852.1,512.02
150,5.0,person,person,1,0.9091,1221.99,300.21,1324.73,468.78
150,5.0,person,person,2,0.7235,970.16,15.84,1008.57,77.63
150,5.0,person,person,6,0.711,146.34,215.39,198.17,292.49
150,5.0,person,person,13,0.8664,882.72,51.52,922.42,134.36
150,5.0,person,person,10,0.4218,389.11,79.73,417.62,137.49
150,5.0,person,person,139,0.8941,733.89,429.0,846.82,592.66
150,5.0,person,person,175,0.6983,1183.73,87.26,1221.6,138.43
150,5.0,racket,tennis racket,179,0.5837,819.77,481.95,849.01,509.49
150,5.0,person,person,15,0.2905,976.3,0.0,994.59,16.36
150,5.0,person,person,8,0.3337,745.7,27.2,782.66,89.14
151,5.033,person,person,1,0.9121,1222.41,299.96,1325.3,468.81
151,5.033,person,person,2,0.7083,971.04,15.86,1009.03,77.72
151,5.033,person,person,6,0.7049,146.49,215.31,198.22,292.61
151,5.033,person,person,13,0.8691,882.62,51.48,922.26,134.29
151,5.033,person,person,10,0.3538,388.54,79.62,417.32,137.72
151,5.033,person,person,139,0.9148,732.48,426.12,847.36,592.58
151,5.033,racket,tennis racket,179,0.6898,816.87,480.66,845.82,507.72
151,5.033,person,person,15,0.296,976.54,0.0,994.43,16.38
151,5.033,person,person,8,0.368,745.24,25.4,781.8,88.86
151,5.033,person,person,176,0.501,1176.75,89.39,1228.28,140.04
152,5.067,person,person,1,0.9101,1220.4,299.93,1324.16,469.3
152,5.067,person,person,2,0.6507,972.28,15.81,1009.76,77.81
152,5.067,person,person,6,0.7121,146.63,215.31,198.17,292.65
152,5.067,person,person,13,0.8689,882.53,51.49,922.12,134.25
152,5.067,person,person,10,0.3648,388.42,79.64,417.41,137.59
152,5.067,person,person,139,0.9161,731.69,423.98,847.8,592.28
152,5.067,racket,tennis racket,179,0.6455,813.63,480.55,842.8,507.66
152,5.067,person,person,15,0.2906,976.89,0.0,994.16,16.07
152,5.067,person,person,8,0.5147,745.26,27.43,779.41,88.3
152,5.067,person,person,176,0.7061,1176.13,90.74,1229.1,141.48
153,5.1,person,person,1,0.9094,1219.46,299.84,1323.97,469.61
153,5.1,person,person,2,0.6501,972.92,15.8,1009.89,77.87
153,5.1,person,person,6,0.7098,146.71,215.29,198.11,292.71
153,5.1,person,person,13,0.8674,882.51,51.46,922.08,134.23
153,5.1,person,person,10,0.3823,387.95,79.61,416.99,137.46
153,5.1,person,person,139,0.9154,731.4,423.28,847.97,592.26
153,5.1,racket,tennis racket,179,0.6388,812.45,480.61,841.72,507.68
153,5.1,person,person,15,0.294,976.98,0.0,994.09,16.15
153,5.1,person,person,8,0.4927,745.49,27.94,778.34,87.95
153,5.1,person,person,176,0.7081,1175.7,91.22,1229.67,141.86
154,5.133,person,person,1,0.9085,1217.31,299.79,1322.65,469.54
154,5.133,person,person,2,0.6693,973.16,15.82,1009.74,78.01
154,5.133,person,person,6,0.6974,146.83,215.28,198.06,292.74
154,5.133,person,person,13,0.8701,882.44,51.43,922.01,134.23
154,5.133,person,person,10,0.4214,389.26,79.85,419.04,137.76
154,5.133,person,person,139,0.9046,731.47,422.38,848.66,592.23
154,5.133,racket,tennis racket,179,0.6205,811.62,480.95,839.88,506.88
154,5.133,person,person,15,0.2992,977.07,0.0,993.98,16.16
154,5.133,person,person,8,0.4781,747.07,31.07,777.57,87.96
154,5.133,person,person,176,0.6468,1173.73,92.14,1228.35,142.83
155,5.167,person,person,1,0.91,1212.58,300.39,1319.07,469.68
155,5.167,person,person,2,0.6716,973.61,15.88,1009.76,78.08
155,5.167,person,person,6,0.7121,146.92,215.32,197.96,292.74
155,5.167,person,person,13,0.8736,882.34,51.52,921.89,134.27
155,5.167,person,person,10,0.4365,389.14,80.06,419.58,137.92
155,5.167,person,person,139,0.9083,731.15,421.39,849.05,592.35
155,5.167,racket,tennis racket,179,0.5803,809.91,481.18,838.18,507.1
155,5.167,person,person,15,0.2979,977.24,0.0,993.74,15.89
155,5.167,person,person,8,0.4778,747.64,32.08,776.93,87.95
155,5.167,person,person,176,0.6373,1171.06,93.3,1229.98,148.28
156,5.2,person,person,1,0.9162,1206.36,301.33,1314.11,469.75
156,5.2,person,person,2,0.6755,973.62,15.86,1009.49,78.16
156,5.2,person,person,6,0.6691,146.92,215.28,197.88,292.8
156,5.2,person,person,13,0.8721,882.13,51.57,921.7,134.28
156,5.2,person,person,10,0.4073,388.65,80.04,419.25,136.93
156,5.2,person,person,139,0.9058,730.44,420.16,849.28,592.78
156,5.2,racket,tennis racket,179,0.5922,809.82,480.82,837.99,506.65
156,5.2,person,person,15,0.2797,977.23,0.0,993.6,15.86
156,5.2,person,person,8,0.4408,748.76,35.21,775.95,87.87
156,5.2,person,person,176,0.4457,1167.62,94.57,1231.83,155.6
156,5.2,racket,tennis racket,194,0.3684,794.46,481.98,837.07,518.34
157,5.233,person,person,1,0.9044,1199.21,302.35,1308.05,469.51
157,5.233,person,person,2,0.6716,974.29,15.37,1010.0,78.11
157,5.233,person,person,6,0.6886,147.3,215.7,197.7,292.48
157,5.233,person,person,13,0.882,881.72,51.61,921.37,134.39
157,5.233,person,person,10,0.3712,388.07,79.9,418.93,136.39
157,5.233,person,person,139,0.9068,730.47,419.44,849.65,592.8
157,5.233,racket,tennis racket,179,0.5352,811.19,480.81,838.4,505.47
157,5.233,person,person,15,0.2721,977.27,0.0,993.38,15.64
157,5.233,person,person,8,0.4401,748.68,35.18,775.51,87.96
157,5.233,person,person,176,0.3059,1169.77,95.01,1228.42,150.59
157,5.233,racket,tennis racket,194,0.2984,795.16,481.79,837.8,518.12
158,5.267,person,person,1,0.92,1193.3,303.54,1303.38,469.21
158,5.267,person,person,2,0.6723,974.8,15.61,1009.9,78.15
158,5.267,person,person,6,0.6888,147.56,215.93,197.65,292.39
158,5.267,person,person,13,0.8844,881.35,51.55,921.08,134.3
158,5.267,person,person,10,0.4097,387.26,80.03,418.06,135.78
158,5.267,person,person,139,0.9098,730.38,418.96,849.79,592.9
158,5.267,racket,tennis racket,179,0.4485,812.27,481.32,839.97,506.22
158,5.267,person,person,8,0.4639,748.94,36.2,775.03,88.17
158,5.267,person,person,176,0.581,1170.79,95.9,1226.5,148.3
158,5.267,racket,tennis racket,194,0.2565,796.54,481.87,839.32,518.17
159,5.3,person,person,1,0.919,1190.55,303.99,1302.29,469.14
159,5.3,person,person,2,0.6763,975.13,15.71,1009.69,78.13
159,5.3,person,person,6,0.6874,147.66,216.03,197.56,292.3
159,5.3,person,person,13,0.8843,881.21,51.52,921.02,134.31
159,5.3,person,person,10,0.4136,386.93,80.2,417.79,135.5
159,5.3,person,person,139,0.9094,730.38,418.86,849.77,593.0
159,5.3,racket,tennis racket,179,0.4537,812.58,481.49,840.64,506.53
159,5.3,person,person,8,0.4641,749.12,36.5,774.8,88.25
159,5.3,person,person,176,0.5843,1171.01,96.09,1225.92,147.41
159,5.3,racket,tennis racket,194,0.2904,802.46,481.91,842.41,515.86
160,5.333,person,person,1,0.9019,1186.42,304.06,1300.38,468.92
160,5.333,person,person,2,0.6725,975.32,15.77,1009.42,78.13
160,5.333,person,person,6,0.6929,147.73,216.06,197.52,292.26
160,5.333,person,person,13,0.8808,880.99,51.44,920.95,134.33
160,5.333,person,person,10,0.5174,386.34,80.48,417.26,135.47
160,5.333,person,person,139,0.9019,730.14,418.93,849.56,593.33
160,5.333,racket,tennis racket,179,0.5195,812.46,481.86,842.4,508.49
160,5.333,person,person,8,0.4411,749.13,35.61,774.81,88.12
160,5.333,person,person,176,0.5845,1171.26,96.58,1225.47,146.84
161,5.367,person,person,1,0.9052,1181.41,304.2,1298.27,468.9
161,5.367,person,person,2,0.674,975.42,15.83,1009.1,78.13
161,5.367,person,person,6,0.6929,147.32,215.6,197.54,292.63
161,5.367,person,person,13,0.8788,880.91,51.76,920.79,134.17
161,5.367,person,person,10,0.5794,385.75,80.39,417.01,135.64
161,5.367,person,person,139,0.9055,730.16,418.8,849.56,593.24
161,5.367,racket,tennis racket,179,0.5022,812.92,481.91,844.4,509.85
161,5.367,person,person,8,0.4724,749.32,35.06,774.86,88.04
161,5.367,person,person,176,0.7129,1170.7,96.68,1225.62,147.14
162,5.4,person,person,1,0.9106,1176.59,304.4,1296.56,468.83
162,5.4,person,person,2,0.6798,975.42,15.84,1008.74,78.1
162,5.4,person,person,6,0.6895,147.44,215.77,197.42,292.44
162,5.4,person,person,13,0.8749,880.68,52.24,920.42,133.87
162,5.4,person,person,10,0.5964,385.4,80.39,416.76,135.42
162,5.4,person,person,139,0.9058,730.28,419.1,849.43,593.24
162,5.4,racket,tennis racket,179,0.3992,813.31,482.73,845.76,511.47
162,5.4,person,person,8,0.3813,748.72,32.36,775.05,88.01
162,5.4,person,person,176,0.7257,1170.62,96.76,1226.16,147.3
162,5.4,racket,tennis racket,194,0.3365,802.19,482.71,843.13,517.0
163,5.433,person,person,1,0.8925,1172.34,304.14,1295.75,468.72
163,5.433,person,person,2,0.6991,975.27,15.93,1008.29,78.07
163,5.433,person,person,6,0.6882,147.45,215.74,197.39,292.39
163,5.433,person,person,13,0.8867,879.44,52.46,919.42,133.29
163,5.433,person,person,10,0.589,385.09,80.3,416.65,135.4
163,5.433,person,person,139,0.9108,730.43,419.47,849.43,593.33
163,5.433,racket,tennis racket,179,0.4807,815.06,483.6,846.73,511.38
163,5.433,person,person,8,0.3935,748.76,31.5,775.03,88.03
163,5.433,person,person,176,0.7238,1170.77,96.67,1228.37,149.06
163,5.433,person,person,131,0.2843,1427.45,55.46,1471.38,86.26
164,5.467,person,person,1,0.904,1167.41,303.73,1294.57,468.5
164,5.467,person,person,2,0.7041,975.67,15.97,1008.46,78.12
164,5.467,person,person,6,0.6737,147.71,215.71,197.51,292.28
164,5.467,person,person,13,0.8995,876.84,53.12,917.32,132.91
164,5.467,person,person,10,0.5916,385.2,80.28,416.64,134.82
164,5.467,person,person,139,0.9101,730.53,419.5,849.57,593.36
164,5.467,racket,tennis racket,179,0.5785,817.02,483.47,847.39,509.71
164,5.467,person,person,8,0.4172,748.38,28.7,775.33,87.99
164,5.467,person,person,176,0.7923,1167.86,95.67,1229.02,151.44
164,5.467,person,person,131,0.2668,1427.4,55.5,1471.47,86.45
164,5.467,ball,sports ball,114,0.2722,1022.82,273.14,1034.02,281.46
165,5.5,person,person,1,0.9043,1164.63,303.6,1295.14,468.44
165,5.5,person,person,2,0.7029,975.95,16.01,1008.47,78.1
165,5.5,person,person,6,0.6712,147.82,215.69,197.54,292.25
165,5.5,person,person,13,0.8994,875.61,53.34,916.83,132.78
165,5.5,person,person,10,0.5892,385.18,80.25,416.74,134.66
165,5.5,person,person,139,0.91,730.53,419.52,849.64,593.41
165,5.5,racket,tennis racket,179,0.58,817.63,483.48,847.72,509.12
165,5.5,person,person,8,0.4083,748.41,27.55,775.35,88.04
165,5.5,person,person,176,0.7898,1166.79,95.28,1229.21,152.35
165,5.5,person,person,131,0.2785,1427.39,55.49,1471.44,86.47
165,5.5,racket,tennis racket,210,0.4209,1156.92,348.86,1192.71,372.48
165,5.5,ball,sports ball,114,0.2788,1022.85,273.14,1033.99,281.45
165,5.5,person,person,15,0.2513,977.09,0.0,993.77,16.41
166,5.533,person,person,1,0.9064,1162.16,303.58,1294.78,466.59
166,5.533,person,person,2,0.71,975.69,15.67,1008.25,77.86
166,5.533,person,person,6,0.594,147.84,215.72,197.48,292.22
166,5.533,person,person,13,0.8999,873.1,53.43,915.47,132.6
166,5.533,person,person,10,0.5927,385.2,80.31,416.79,134.48
166,5.533,person,person,139,0.9022,730.5,419.52,849.74,593.57
166,5.533,racket,tennis racket,179,0.5015,818.2,484.02,847.99,509.08
166,5.533,person,person,8,0.3757,748.58,23.41,776.67,88.13
166,5.533,person,person,176,0.8181,1165.41,95.99,1227.55,152.54
166,5.533,person,person,131,0.267,1427.4,55.43,1471.37,86.37
166,5.533,ball,sports ball,114,0.351,1022.85,273.16,1033.89,281.4
166,5.533,person,person,15,0.2539,977.12,0.0,993.86,16.73
166,5.533,racket,tennis racket,194,0.2963,810.04,484.13,846.37,514.02
167,5.567,person,person,1,0.8911,1160.88,303.57,1294.05,463.7
167,5.567,person,person,2,0.7278,975.87,15.5,1008.37,77.72
167,5.567,person,person,6,0.6221,147.65,215.28,197.51,292.28
167,5.567,person,person,13,0.8992,870.95,53.72,914.52,132.56
167,5.567,person,person,10,0.5872,385.14,80.33,416.77,134.31
167,5.567,person,person,139,0.9033,730.39,419.5,849.71,593.69
167,5.567,racket,tennis racket,179,0.5967,818.43,483.97,848.37,508.97
167,5.567,person,person,8,0.475,749.05,23.05,776.77,88.12
167,5.567,person,person,176,0.8365,1161.7,91.83,1228.03,152.58
167,5.567,person,person,131,0.3005,1427.29,55.35,1471.48,86.49
167,5.567,ball,sports ball,114,0.319,1022.86,273.17,1033.89,281.43
167,5.567,person,person,15,0.2576,977.1,0.0,993.98,17.16
168,5.6,person,person,1,0.904,1157.33,302.06,1290.52,459.54
168,5.6,person,person,2,0.7219,976.23,15.75,1008.61,77.63
168,5.6,person,person,6,0.6691,147.65,215.33,197.4,292.26
168,5.6,person,person,13,0.8957,869.82,55.11,913.98,132.54
168,5.6,person,person,10,0.6076,385.0,80.25,416.72,134.19
168,5.6,person,person,139,0.9048,730.35,419.37,849.78,593.76
168,5.6,racket,tennis racket,179,0.5697,818.49,484.09,848.29,508.82
168,5.6,person,person,8,0.5065,749.07,21.64,777.03,88.13
168,5.6,person,person,176,0.7774,1157.01,87.65,1226.9,152.69
168,5.6,person,person,131,0.2825,1427.39,55.35,1471.4,86.38
168,5.6,ball,sports ball,114,0.4108,1022.87,273.17,1033.9,281.44
169,5.633,person,person,1,0.8813,1148.41,299.9,1283.42,456.36
169,5.633,person,person,2,0.728,975.91,15.48,1008.16,77.26
169,5.633,person,person,6,0.663,147.35,215.57,197.0,292.23
169,5.633,person,person,13,0.893,869.02,55.74,914.12,132.59
169,5.633,person,person,10,0.6327,385.04,80.38,416.45,133.48
169,5.633,person,person,139,0.9048,730.31,419.13,849.86,593.81
169,5.633,racket,tennis racket,179,0.4958,817.91,484.1,848.09,509.14
169,5.633,person,person,8,0.5433,749.19,20.94,777.02,87.92
169,5.633,person,person,176,0.7738,1152.45,85.11,1223.1,152.54
169,5.633,person,person,131,0.2817,1427.48,55.34,1471.3,86.24
169,5.633,ball,sports ball,114,0.4125,1022.87,273.16,1033.85,281.4
169,5.633,person,person,15,0.2768,977.91,0.02,993.42,15.73
170,5.667,person,person,1,0.9059,1145.39,298.62,1280.94,453.9
170,5.667,person,person,2,0.6955,976.58,15.35,1008.52,76.56
170,5.667,person,person,6,0.6106,145.67,215.5,195.81,292.27
170,5.667,person,person,13,0.8858,868.59,56.49,914.59,132.69
170,5.667,person,person,10,0.6591,385.44,80.43,416.53,132.63
170,5.667,person,person,139,0.9055,730.09,418.69,849.83,593.84
170,5.667,racket,tennis racket,179,0.4875,817.3,483.91,847.84,509.41
170,5.667,person,person,8,0.5486,749.64,20.88,777.23,88.0
170,5.667,person,person,176,0.8083,1147.84,82.5,1219.16,152.61
170,5.667,person,person,131,0.271,1427.57,55.36,1471.19,86.12
170,5.667,ball,sports ball,114,0.366,1022.92,273.11,1034.03,281.46
170,5.667,person,person,15,0.2516,978.42,0.02,993.2,14.85
171,5.7,person,person,1,0.9062,1143.82,298.12,1280.51,453.08
171,5.7,person,person,2,0.6896,976.68,15.42,1008.41,76.31
171,5.7,person,person,6,0.6184,144.57,215.44,195.22,292.29
171,5.7,person,person,13,0.885,868.08,56.72,915.12,132.73
171,5.7,person,person,10,0.6595,385.5,80.42,416.64,132.39
171,5.7,person,person,139,0.9051,730.04,418.56,849.75,593.85
171,5.7,racket,tennis racket,179,0.4842,817.16,483.86,847.64,509.46
171,5.7,person,person,8,0.5546,749.82,20.79,777.22,88.05
171,5.7,person,person,176,0.8086,1146.57,81.48,1216.93,152.61
171,5.7,ball,sports ball,114,0.3684,1022.94,273.1,1034.05,281.47
171,5.7,person,person,15,0.2673,978.6,0.02,993.16,14.51
171,5.7,racket,tennis racket,222,0.4716,1121.52,310.56,1144.67,334.59
172,5.733,person,person,1,0.9198,1137.34,296.86,1275.48,451.3
172,5.733,person,person,2,0.6749,978.4,15.53,1010.5,76.27
172,5.733,person,person,6,0.6798,144.52,215.39,195.53,292.35
172,5.733,person,person,13,0.8823,867.66,57.15,915.53,132.8
172,5.733,person,person,10,0.686,385.38,80.15,416.81,132.44
172,5.733,person,person,139,0.9043,729.97,418.11,849.72,593.67
172,5.733,racket,tennis racket,179,0.2957,816.64,483.52,846.61,508.93
172,5.733,person,person,8,0.484,750.03,22.58,776.57,88.23
172,5.733,person,person,176,0.8023,1145.3,80.5,1214.41,152.66
172,5.733,ball,sports ball,114,0.3721,1022.9,273.07,1034.04,281.45
172,5.733,racket,tennis racket,222,0.5863,1117.06,306.17,1144.1,334.44
172,5.733,person,person,131,0.259,1427.57,55.39,1471.15,86.11
173,5.767,person,person,1,0.9199,1128.84,294.09,1269.02,448.8
173,5.767,person,person,2,0.7476,979.43,15.32,1012.43,76.65
173,5.767,person,person,6,0.6359,145.02,215.38,196.13,292.32
173,5.767,person,person,13,0.8815,867.28,57.35,915.9,132.83
173,5.767,person,person,10,0.6879,384.38,79.77,415.9,132.44
173,5.767,person,person,139,0.9053,729.76,417.33,849.79,593.61
173,5.767,racket,tennis racket,179,0.3507,816.91,483.06,845.11,507.05
173,5.767,person,person,8,0.5658,750.44,23.73,776.55,88.35
173,5.767,person,person,176,0.786,1144.34,79.87,1211.49,151.77
173,5.767,ball,sports ball,114,0.3686,1022.86,273.01,1034.1,281.48
173,5.767,person,person,131,0.2638,1427.54,55.36,1471.27,86.19
174,5.8,person,person,1,0.925,1120.94,292.09,1262.61,446.18
174,5.8,person,person,2,0.7873,981.18,15.28,1014.94,76.57
174,5.8,person,person,6,0.6294,143.89,215.45,195.42,292.4
174,5.8,person,person,13,0.8727,866.79,57.64,915.87,132.57
174,5.8,person,person,10,0.6721,383.73,79.57,414.97,132.43
174,5.8,person,person,139,0.9064,729.41,416.5,849.86,593.83
174,5.8,racket,tennis racket,179,0.3341,816.35,482.68,843.97,506.41
174,5.8,person,person,8,0.5466,750.95,25.96,776.32,88.3
174,5.8,person,person,176,0.7714,1141.55,79.49,1210.32,155.43
174,5.8,ball,sports ball,114,0.3253,1022.87,273.03,1034.07,281.49
174,5.8,person,person,131,0.2592,1427.46,55.37,1471.44,86.41
174,5.8,person,person,226,0.3262,62.56,424.19,108.46,494.08
175,5.833,person,person,1,0.9302,1110.39,290.43,1254.7,445.01
175,5.833,person,person,2,0.7999,983.08,15.65,1017.82,76.81
175,5.833,person,person,6,0.676,141.52,215.56,193.89,292.46
175,5.833,person,person,13,0.8787,865.89,58.18,915.14,131.84
175,5.833,person,person,10,0.6798,383.4,79.29,414.39,132.52
175,5.833,person,person,139,0.9037,729.29,415.6,850.08,593.73
175,5.833,racket,tennis racket,179,0.2727,815.39,482.72,842.32,506.18
175,5.833,person,person,8,0.5507,750.75,27.68,775.66,88.38
175,5.833,person,person,176,0.7807,1138.63,79.94,1207.04,157.22
175,5.833,ball,sports ball,114,0.4047,1022.89,273.02,1034.02,281.43
175,5.833,person,person,131,0.2712,1427.45,55.37,1471.52,86.49
175,5.833,person,person,226,0.3136,62.66,424.15,108.63,494.14
175,5.833,person,person,15,0.2712,978.64,0.0,992.77,13.81
176,5.867,person,person,1,0.9189,1105.42,288.53,1251.74,444.56
176,5.867,person,person,2,0.7905,984.78,16.01,1020.52,76.79
176,5.867,person,person,6,0.7368,139.61,215.53,192.99,292.48
176,5.867,person,person,13,0.8743,865.38,59.39,914.55,131.1
176,5.867,person,person,10,0.7018,383.43,78.89,414.21,132.57
176,5.867,person,person,139,0.9067,729.09,414.39,850.42,593.7
176,5.867,person,person,8,0.5531,750.46,28.48,775.33,88.7
176,5.867,person,person,176,0.7413,1136.47,80.18,1204.79,159.39
176,5.867,ball,sports ball,114,0.4126,1022.89,273.02,1033.96,281.39
176,5.867,person,person,131,0.2957,1427.46,55.33,1471.6,86.54
176,5.867,person,person,226,0.3281,62.66,424.19,108.68,494.24
176,5.867,racket,tennis racket,230,0.4638,798.71,483.46,838.08,513.96
176,5.867,person,person,15,0.2806,978.62,0.0,993.03,14.06
177,5.9,person,person,1,0.9168,1103.33,287.84,1250.8,444.42
177,5.9,person,person,2,0.7956,985.09,16.16,1021.86,76.78
177,5.9,person,person,6,0.7393,138.66,215.5,192.95,292.5
177,5.9,person,person,13,0.8741,864.92,59.84,914.69,130.82
177,5.9,person,person,10,0.6998,383.6,78.74,414.02,132.54
177,5.9,person,person,139,0.9066,729.12,413.97,850.48,593.67
177,5.9,person,person,8,0.5694,750.41,29.04,775.25,88.83
177,5.9,person,person,176,0.7412,1136.19,80.29,1203.51,160.23
177,5.9,ball,sports ball,114,0.413,1022.9,273.02,1033.95,281.38
177,5.9,person,person,131,0.2987,1427.47,55.32,1471.62,86.56
177,5.9,person,person,226,0.3196,62.71,424.17,108.74,494.24
177,5.9,racket,tennis racket,230,0.4409,798.73,483.37,837.95,513.78
177,5.9,person,person,15,0.2833,978.6,0.0,993.12,14.15
177,5.9,racket,tennis racket,231,0.3949,1083.23,313.4,1112.24,348.48
178,5.933,person,person,1,0.9236,1100.57,287.21,1248.48,444.53
178,5.933,person,person,2,0.7735,985.26,16.71,1022.88,76.93
178,5.933,person,person,6,0.781,138.08,215.75,193.04,292.51
178,5.933,person,person,13,0.8159,864.37,60.88,914.54,130.7
178,5.933,person,person,10,0.712,383.76,78.57,413.93,132.6
178,5.933,person,person,139,0.9123,727.51,413.03,849.68,593.98
178,5.933,person,person,8,0.5208,750.15,29.57,774.86,88.19
178,5.933,person,person,176,0.6606,1135.32,80.13,1201.02,160.19
178,5.933,ball,sports ball,114,0.4639,1022.92,273.03,1033.91,281.35
178,5.933,person,person,131,0.3141,1427.4,55.3,1471.67,86.67
178,5.933,person,person,226,0.3561,62.73,424.2,108.83,494.36
178,5.933,racket,tennis racket,230,0.5542,798.45,483.45,836.01,512.59
178,5.933,person,person,15,0.2833,978.64,0.0,993.25,14.27
178,5.933,racket,tennis racket,231,0.6178,1079.22,319.16,1108.63,354.61
179,5.967,person,person,1,0.9268,1097.23,286.64,1244.82,444.76
179,5.967,person,person,2,0.6766,986.11,17.33,1024.68,76.93
179,5.967,person,person,6,0.6786,138.53,216.06,193.8,292.4
179,5.967,person,person,13,0.8574,863.07,62.8,913.5,130.74
179,5.967,person,person,10,0.698,383.9,77.95,414.04,132.68
179,5.967,person,person,139,0.9109,725.57,411.9,848.75,594.01
179,5.967,person,person,8,0.4988,749.59,28.69,774.79,88.1
179,5.967,person,person,176,0.7392,1134.89,80.35,1198.47,160.5
179,5.967,ball,sports ball,114,0.4195,1022.94,273.05,1033.92,281.35
179,5.967,person,person,131,0.3239,1427.37,55.26,1471.64,86.66
179,5.967,person,person,226,0.3626,62.74,424.23,108.82,494.35
179,5.967,racket,tennis racket,230,0.5724,797.39,482.41,834.33,511.07
179,5.967,person,person,15,0.2893,978.78,0.0,993.66,14.57
179,5.967,racket,tennis racket,231,0.712,1075.5,323.84,1107.79,362.53
180,6.0,person,person,1,0.9215,1094.09,285.62,1240.62,444.79
180,6.0,person,person,2,0.6645,986.66,17.47,1026.25,76.64
180,6.0,person,person,6,0.6427,138.87,216.31,194.39,292.31
180,6.0,person,person,13,0.8555,860.57,64.67,911.74,130.9
180,6.0,person,person,10,0.6961,384.19,78.14,413.53,132.07
180,6.0,person,person,139,0.9041,724.23,410.93,848.32,593.85
180,6.0,person,person,8,0.4633,750.04,30.15,774.73,87.97
180,6.0,person,person,176,0.683,1130.6,79.71,1192.96,159.82
180,6.0,ball,sports ball,114,0.4303,1022.96,273.05,1033.92,281.34
180,6.0,person,person,131,0.3131,1427.35,55.22,1471.7,86.72
180,6.0,person,person,226,0.3612,62.79,424.21,108.86,494.29
180,6.0,racket,tennis racket,230,0.5376,796.91,481.48,832.55,509.13
180,6.0,person,person,15,0.3428,978.68,0.0,993.8,14.88
180,6.0,racket,tennis racket,231,0.7017,1073.64,328.2,1107.37,368.24
181,6.033,person,person,1,0.9009,1091.31,284.61,1235.1,444.16
181,6.033,person,person,2,0.723,986.71,17.66,1027.41,76.63
181,6.033,person,person,6,0.6961,138.33,216.19,194.46,292.3
181,6.033,person,person,13,0.8489,857.65,65.23,910.47,130.78
181,6.033,person,person,10,0.6874,384.42,78.14,413.43,132.1
181,6.033,person,person,139,0.9075,722.9,410.31,847.97,594.14
181,6.033,person,person,8,0.4517,750.43,31.39,774.79,87.91
181,6.033,person,person,176,0.7172,1128.51,78.73,1190.31,159.91
181,6.033,ball,sports ball,114,0.4109,1022.99,273.08,1033.91,281.34
181,6.033,person,person,131,0.3316,1427.41,55.21,1471.64,86.65
181,6.033,person,person,226,0.3673,62.69,424.23,108.84,494.44
181,6.033,racket,tennis racket,230,0.2738,795.58,480.5,829.59,506.75
181,6.033,person,person,15,0.373,978.71,0.0,993.9,15.01
181,6.033,racket,tennis racket,231,0.6668,1075.22,335.44,1106.16,371.34
182,6.067,person,person,1,0.8957,1090.29,283.73,1231.36,443.92
182,6.067,person,person,2,0.7568,986.29,17.73,1028.12,76.63
182,6.067,person,person,6,0.7307,138.07,216.05,194.8,292.38
182,6.067,person,person,13,0.842,854.33,65.25,909.45,130.67
182,6.067,person,person,10,0.6423,384.87,78.15,413.5,131.97
182,6.067,person,person,139,0.9137,721.34,409.91,847.29,594.15
182,6.067,person,person,8,0.3877,750.46,30.86,775.29,88.21
182,6.067,person,person,176,0.7281,1128.85,77.63,1189.77,160.29
182,6.067,ball,sports ball,114,0.3897,1022.99,273.09,1033.9,281.33
182,6.067,person,person,131,0.3443,1427.38,55.21,1471.58,86.67
182,6.067,person,person,226,0.362,62.59,424.25,108.83,494.63
182,6.067,racket,tennis racket,230,0.4114,792.67,479.05,826.05,504.64
182,6.067,person,person,15,0.4035,978.75,0.0,993.96,15.07
182,6.067,racket,tennis racket,231,0.6759,1079.64,341.24,1106.91,371.87
183,6.1,person,person,1,0.8957,1090.93,283.42,1229.21,443.82
183,6.1,person,person,2,0.762,985.79,17.77,1028.66,76.65
183,6.1,person,person,6,0.734,137.91,215.99,195.08,292.41
183,6.1,person,person,13,0.8413,852.46,65.24,909.73,130.63
183,6.1,person,person,10,0.634,385.12,78.2,413.39,131.85
183,6.1,person,person,139,0.9137,720.63,409.81,847.19,594.17
183,6.1,person,person,8,0.4043,750.47,30.86,775.48,88.3
183,6.1,person,person,176,0.7303,1129.58,77.21,1189.08,160.4
183,6.1,ball,sports ball,114,0.3946,1022.96,273.09,1033.91,281.36
183,6.1,person,person,131,0.334,1427.39,55.22,1471.55,86.68
183,6.1,person,person,226,0.3617,62.58,424.27,108.84,494.72
183,6.1,racket,tennis racket,230,0.4084,791.69,478.63,824.96,503.96
183,6.1,person,person,15,0.4072,978.76,0.0,993.93,15.04
183,6.1,racket,tennis racket,231,0.6731,1080.99,342.83,1107.52,371.66
184,6.133,person,person,1,0.8789,1094.07,282.53,1229.18,443.88
184,6.133,person,person,2,0.7623,985.37,17.78,1029.14,76.58
184,6.133,person,person,6,0.7693,138.45,216.08,195.78,292.42
184,6.133,person,person,13,0.7099,850.05,64.56,909.96,130.52
184,6.133,person,person,10,0.6603,385.35,78.02,413.46,131.91
184,6.133,person,person,139,0.916,719.67,409.55,847.05,594.2
184,6.133,person,person,8,0.3912,750.87,31.65,775.8,88.3
184,6.133,person,person,176,0.7179,1128.54,76.21,1187.59,160.79
184,6.133,ball,sports ball,114,0.4432,1023.06,273.09,1033.92,281.29
184,6.133,person,person,131,0.286,1427.55,55.3,1471.43,86.58
184,6.133,person,person,226,0.3393,62.79,424.25,109.01,494.58
184,6.133,person,person,15,0.4437,978.86,0.0,994.0,15.05
184,6.133,racket,tennis racket,231,0.6181,1085.86,339.79,1115.6,371.06
185,6.167,person,person,1,0.8943,1096.43,281.42,1228.54,444.2
185,6.167,person,person,2,0.7807,985.27,17.52,1029.93,76.47
185,6.167,person,person,6,0.7771,138.59,216.09,196.14,292.46
185,6.167,person,person,10,0.6831,385.5,78.0,413.45,132.01
185,6.167,person,person,139,0.9166,718.54,409.02,847.03,594.35
185,6.167,person,person,8,0.4239,751.01,32.35,775.81,88.16
185,6.167,person,person,176,0.7806,1128.41,75.53,1186.22,160.46
185,6.167,ball,sports ball,114,0.4689,1023.11,273.07,1033.95,281.26
185,6.167,person,person,131,0.3086,1427.74,55.37,1471.33,86.44
185,6.167,person,person,226,0.3427,62.89,424.3,109.17,494.65
185,6.167,person,person,15,0.4357,978.92,0.0,994.08,15.09
185,6.167,racket,tennis racket,231,0.7698,1089.94,340.44,1119.88,371.0
186,6.2,person,person,1,0.8915,1097.96,280.21,1226.7,444.19
186,6.2,person,person,2,0.7275,986.76,17.46,1031.67,76.45
186,6.2,person,person,6,0.7825,138.47,215.26,196.66,292.39
186,6.2,person,person,10,0.6912,385.84,77.5,414.0,132.18
186,6.2,person,person,139,0.9212,715.5,408.87,845.17,593.96
186,6.2,person,person,8,0.3983,751.11,33.11,775.85,88.18
186,6.2,person,person,176,0.8231,1128.21,75.25,1184.98,160.68
186,6.2,ball,sports ball,114,0.5102,1023.13,273.1,1033.91,281.23
186,6.2,person,person,131,0.2676,1427.86,55.41,1471.18,86.26
186,6.2,person,person,226,0.3208,62.96,424.22,109.27,494.5
186,6.2,person,person,15,0.4312,978.89,0.0,994.13,15.21
186,6.2,racket,tennis racket,231,0.7659,1093.21,342.43,1122.09,370.87
186,6.2,person,person,236,0.5697,820.63,63.94,884.48,130.54
187,6.233,person,person,1,0.9005,1098.91,279.71,1223.58,443.92
187,6.233,person,person,2,0.7683,986.91,17.32,1032.49,77.02
187,6.233,person,person,6,0.7516,137.92,214.29,196.9,292.37
187,6.233,person,person,10,0.6782,385.97,77.36,414.12,132.29
187,6.233,person,person,139,0.9161,710.44,407.87,842.16,592.76
187,6.233,person,person,8,0.3074,750.87,33.14,775.97,88.3
187,6.233,person,person,176,0.8283,1128.32,74.87,1184.22,161.01
187,6.233,ball,sports ball,114,0.4944,1023.15,273.14,1033.87,281.22
187,6.233,person,person,131,0.3018,1427.79,55.33,1471.25,86.28
187,6.233,person,person,226,0.3275,62.79,424.26,109.14,494.6
187,6.233,person,person,15,0.4082,979.09,0.0,994.26,15.19
187,6.233,racket,tennis racket,231,0.7704,1095.19,343.8,1124.36,371.37
187,6.233,person,person,236,0.3667,816.37,64.46,878.75,129.84
188,6.267,person,person,1,0.9061,1099.32,278.44,1220.81,444.38
188,6.267,person,person,2,0.7691,987.95,17.11,1033.45,77.05
188,6.267,person,person,6,0.7421,138.13,214.82,196.86,292.44
188,6.267,person,person,10,0.6741,386.11,77.09,414.11,132.0
188,6.267,person,person,139,0.9223,704.86,407.25,838.54,590.66
188,6.267,person,person,176,0.8327,1128.39,74.6,1183.31,161.03
188,6.267,ball,sports ball,114,0.46,1023.18,273.18,1033.88,281.23
188,6.267,person,person,131,0.2948,1427.81,55.33,1471.23,86.25
188,6.267,person,person,226,0.3212,62.7,424.4,109.02,494.67
188,6.267,person,person,15,0.4308,979.1,0.0,994.47,15.37
188,6.267,racket,tennis racket,231,0.6818,1095.53,345.51,1124.8,372.24
188,6.267,person,person,236,0.5149,809.46,65.36,869.84,128.96
189,6.3,person,person,1,0.9058,1100.74,278.0,1218.62,444.58
189,6.3,person,person,2,0.7732,988.41,17.01,1033.71,77.04
189,6.3,person,person,6,0.7427,138.2,215.07,196.85,292.44
189,6.3,person,person,10,0.6853,386.22,76.98,414.12,131.92
189,6.3,person,person,139,0.922,702.0,407.05,838.01,589.93
189,6.3,person,person,176,0.8337,1128.78,74.51,1182.71,161.03
189,6.3,ball,sports ball,114,0.4512,1023.19,273.2,1033.89,281.24
189,6.3,person,person,131,0.2945,1427.81,55.34,1471.23,86.26
189,6.3,person,person,226,0.3178,62.65,424.42,108.92,494.64
189,6.3,person,person,15,0.4312,979.11,0.0,994.51,15.38
189,6.3,racket,tennis racket,231,0.6938,1095.24,346.01,1125.21,372.53
189,6.3,person,person,236,0.5275,808.65,65.51,868.96,129.48
189,6.3,racket,tennis racket,240,0.37,1141.35,400.7,1166.38,423.48
190,6.333,person,person,1,0.9035,1100.98,277.52,1215.48,444.91
190,6.333,person,person,2,0.7993,988.51,16.77,1033.71,77.01
190,6.333,person,person,6,0.6983,137.69,215.83,196.18,292.54
190,6.333,person,person,10,0.6497,386.32,76.86,414.24,132.03
190,6.333,person,person,139,0.9248,697.3,406.24,835.2,587.07
190,6.333,person,person,176,0.8327,1128.97,74.4,1182.05,161.03
190,6.333,ball,sports ball,114,0.4063,1023.21,273.21,1033.93,281.25
190,6.333,person,person,131,0.3122,1427.71,55.3,1471.31,86.37
190,6.333,person,person,226,0.3312,62.59,424.54,108.95,494.9
190,6.333,person,person,15,0.4588,979.33,0.0,994.81,15.3
190,6.333,racket,tennis racket,231,0.6549,1097.07,346.06,1128.85,373.42
190,6.333,person,person,236,0.4096,803.53,66.58,865.71,132.04
190,6.333,racket,tennis racket,240,0.353,1138.16,401.12,1162.69,423.39
191,6.367,person,person,1,0.8863,1101.28,276.56,1212.38,445.13
191,6.367,person,person,2,0.7995,988.61,16.57,1033.66,76.98
191,6.367,person,person,6,0.6554,137.77,215.95,196.36,292.55
191,6.367,person,person,10,0.5894,386.51,76.82,414.12,131.42
191,6.367,person,person,139,0.9248,689.96,405.87,829.41,584.74
191,6.367,person,person,176,0.8444,1129.29,74.38,1181.41,160.95
191,6.367,ball,sports ball,114,0.4059,1023.19,273.21,1033.94,281.25
191,6.367,person,person,131,0.3207,1427.66,55.3,1471.36,86.45
191,6.367,person,person,226,0.378,62.67,424.64,109.13,495.12
191,6.367,person,person,15,0.4438,979.75,0.0,995.36,15.21
191,6.367,racket,tennis racket,231,0.7195,1100.12,346.24,1133.34,374.1
191,6.367,person,person,236,0.3705,801.01,67.49,862.04,131.43
191,6.367,racket,tennis racket,240,0.3047,1135.54,402.92,1158.2,423.39
192,6.4,person,person,1,0.7818,1100.45,275.82,1208.08,444.63
192,6.4,person,person,2,0.7976,988.71,16.52,1033.41,76.88
192,6.4,person,person,6,0.5782,137.59,215.84,196.44,292.52
192,6.4,person,person,10,0.6224,386.87,76.84,414.5,131.33
192,6.4,person,person,139,0.9295,678.76,404.77,819.44,582.86
192,6.4,person,person,176,0.8455,1129.51,74.11,1180.99,160.96
192,6.4,ball,sports ball,114,0.3867,1023.16,273.21,1033.95,281.27
192,6.4,person,person,131,0.3087,1427.6,55.33,1471.44,86.62
192,6.4,person,person,226,0.3428,62.65,424.65,109.0,494.96
192,6.4,person,person,15,0.3877,980.67,0.1,996.38,15.11
192,6.4,racket,tennis racket,231,0.2994,1104.17,348.98,1133.96,373.37
192,6.4,person,person,236,0.4383,785.8,68.47,852.17,136.72
192,6.4,racket,tennis racket,240,0.3398,1134.83,403.39,1157.19,423.47
193,6.433,person,person,1,0.8338,1099.26,274.74,1203.37,443.17
193,6.433,person,person,2,0.8021,988.66,16.48,1033.22,76.97
193,6.433,person,person,6,0.7139,138.14,216.63,196.53,292.48
193,6.433,person,person,10,0.6445,387.1,76.97,414.79,131.28
193,6.433,person,person,139,0.9312,666.61,403.46,808.28,582.07
193,6.433,person,person,176,0.8475,1129.49,74.13,1180.23,161.12
193,6.433,ball,sports ball,114,0.445,1023.13,273.21,1033.95,281.28
193,6.433,person,person,131,0.2567,1427.85,55.38,1471.13,86.23
193,6.433,person,person,226,0.3376,62.55,424.66,108.84,494.9
193,6.433,person,person,15,0.3888,981.53,0.12,997.46,14.91
193,6.433,racket,tennis racket,231,0.3637,1107.78,351.09,1134.59,373.13
193,6.433,person,person,236,0.6618,785.2,69.53,853.82,140.1
193,6.433,racket,tennis racket,240,0.365,1134.45,403.13,1157.47,423.69
194,6.467,person,person,1,0.8799,1100.43,273.7,1201.38,442.41
194,6.467,person,person,2,0.7951,989.08,16.49,1033.33,76.91
194,6.467,person,person,6,0.7393,138.22,216.87,196.59,292.46
194,6.467,person,person,10,0.6842,386.6,77.01,414.15,131.32
194,6.467,person,person,139,0.911,654.67,401.99,796.25,581.08
194,6.467,person,person,176,0.8493,1129.41,74.23,1179.21,160.7
194,6.467,ball,sports ball,114,0.4173,1023.13,273.22,1033.93,281.27
194,6.467,person,person,226,0.3383,62.69,424.63,108.91,494.7
194,6.467,person,person,15,0.4178,981.64,0.15,997.82,14.79
194,6.467,person,person,236,0.4711,774.85,70.99,843.13,142.53
195,6.5,person,person,1,0.8803,1101.82,273.34,1199.8,442.13
195,6.5,person,person,2,0.7911,989.27,16.49,1033.32,76.92
195,6.5,person,person,6,0.7398,138.33,216.98,196.74,292.42
195,6.5,person,person,10,0.6846,386.42,77.07,413.76,131.22
195,6.5,person,person,139,0.9103,650.47,401.47,791.75,580.76
195,6.5,person,person,176,0.8478,1129.57,74.26,1178.69,160.57
195,6.5,ball,sports ball,114,0.4191,1023.09,273.22,1033.95,281.28
195,6.5,person,person,226,0.3327,62.61,424.66,108.84,494.74
195,6.5,person,person,15,0.4085,981.53,0.15,998.03,14.73
195,6.5,person,person,236,0.4711,770.77,71.52,838.23,143.4
196,6.533,person,person,1,0.8856,1103.78,272.72,1198.52,441.28
196,6.533,person,person,2,0.8146,989.38,16.49,1033.29,76.92
196,6.533,person,person,6,0.7782,138.44,217.13,196.86,292.44
196,6.533,person,person,10,0.641,386.05,77.31,413.22,131.24
196,6.533,person,person,139,0.9158,640.66,399.79,781.04,580.49
196,6.533,person,person,176,0.8513,1129.3,74.09,1177.84,159.95
196,6.533,ball,sports ball,114,0.3988,1023.03,273.2,1033.9,281.27
196,6.533,person,person,226,0.3387,62.7,424.6,108.97,494.69
196,6.533,person,person,15,0.4377,981.45,0.16,998.4,14.82
196,6.533,person,person,236,0.6256,764.3,73.09,829.52,143.65
197,6.567,person,person,1,0.8812,1104.53,271.65,1195.88,439.53
197,6.567,person,person,2,0.8072,989.43,16.55,1033.1,76.88
197,6.567,person,person,6,0.7693,138.38,217.12,196.92,292.41
197,6.567,person,person,10,0.6688,385.61,77.82,412.41,130.97
197,6.567,person,person,139,0.9303,630.07,397.61,768.17,579.24
197,6.567,person,person,176,0.8537,1129.02,74.0,1176.9,158.68
197,6.567,ball,sports ball,114,0.3651,1023.02,273.23,1033.88,281.27
197,6.567,person,person,226,0.3595,62.65,424.68,108.89,494.72
197,6.567,person,person,15,0.4328,981.45,0.11,998.81,14.94
197,6.567,person,person,236,0.6568,760.05,74.93,822.57,142.98
198,6.6,person,person,1,0.8689,1104.49,270.88,1192.57,437.13
198,6.6,person,person,2,0.8174,989.56,16.36,1033.24,76.87
198,6.6,person,person,6,0.7711,138.33,217.05,197.03,292.37
198,6.6,person,person,10,0.6935,385.09,78.0,411.93,130.88
198,6.6,person,person,139,0.8853,624.98,395.84,761.78,578.67
198,6.6,person,person,176,0.8584,1128.99,74.01,1176.35,157.63
198,6.6,ball,sports ball,114,0.3968,1023.02,273.23,1033.92,281.29
198,6.6,person,person,226,0.3375,62.64,424.61,108.85,494.59
198,6.6,person,person,15,0.4605,981.49,0.06,999.26,15.0
198,6.6,person,person,236,0.6068,756.79,75.66,818.28,142.83
199,6.633,person,person,1,0.9007,1102.92,269.92,1188.97,434.97
199,6.633,person,person,2,0.8106,989.89,16.31,1033.53,76.93
199,6.633,person,person,6,0.7834,138.18,216.9,197.14,292.37
199,6.633,person,person,10,0.6319,384.7,78.4,411.41,130.55
199,6.633,person,person,139,0.8945,618.37,395.23,750.44,575.59
199,6.633,person,person,176,0.8591,1128.97,73.9,1175.77,156.18
199,6.633,ball,sports ball,114,0.4109,1023.02,273.24,1033.93,281.3
199,6.633,person,person,226,0.3425,62.54,424.55,108.86,494.73
199,6.633,person,person,15,0.4397,981.46,0.02,999.49,14.94
199,6.633,person,person,236,0.6701,753.35,76.9,814.33,143.27
200,6.667,person,person,1,0.9006,1100.8,269.28,1185.63,433.27
200,6.667,person,person,2,0.8037,990.19,16.23,1033.75,76.96
200,6.667,person,person,6,0.7584,138.15,216.75,197.32,292.43
200,6.667,person,person,10,0.6592,384.18,78.56,411.05,130.53
200,6.667,person,person,139,0.8665,616.63,395.74,738.03,563.52
200,6.667,person,person,176,0.8654,1129.29,73.86,1175.21,154.2
200,6.667,ball,sports ball,114,0.3933,1023.03,273.25,1033.91,281.29
200,6.667,person,person,226,0.3477,62.52,424.5,108.95,494.88
200,6.667,person,person,15,0.4408,981.44,0.0,999.9,15.1
200,6.667,person,person,236,0.6285,742.95,77.86,807.13,145.74
201,6.7,person,person,1,0.9004,1100.27,269.05,1184.29,432.66
201,6.7,person,person,2,0.8083,990.37,16.18,1033.88,77.02
201,6.7,person,person,6,0.7505,138.04,216.66,197.38,292.45
201,6.7,person,person,10,0.6473,383.94,78.69,410.93,130.44
201,6.7,person,person,139,0.8691,616.81,396.08,732.92,558.21
201,6.7,person,person,176,0.866,1129.39,73.85,1175.12,153.49
201,6.7,ball,sports ball,114,0.3901,1023.01,273.23,1033.93,281.29
201,6.7,person,person,226,0.3513,62.4,424.53,108.86,495.03
201,6.7,person,person,15,0.4516,981.37,0.0,1000.08,15.12
201,6.7,person,person,236,0.6492,738.72,78.29,805.1,146.67
202,6.733,person,person,1,0.901,1098.27,268.1,1182.16,432.58
202,6.733,person,person,2,0.7846,990.43,16.29,1033.86,77.16
202,6.733,person,person,6,0.7324,137.77,216.46,197.35,292.44
202,6.733,person,person,10,0.6433,383.46,78.67,410.73,130.55
202,6.733,person,person,139,0.8506,611.32,397.49,729.87,565.74
202,6.733,person,person,176,0.8696,1129.43,73.87,1174.91,152.64
202,6.733,ball,sports ball,114,0.3947,1023.01,273.24,1033.96,281.3
202,6.733,person,person,226,0.2972,62.35,424.48,108.66,494.82
202,6.733,person,person,15,0.466,981.22,0.0,1000.27,15.25
202,6.733,person,person,8,0.4112,759.73,34.01,785.2,86.68
203,6.767,person,person,1,0.9174,1093.2,267.63,1177.55,432.51
203,6.767,person,person,2,0.7791,990.64,16.3,1034.07,77.28
203,6.767,person,person,6,0.7588,137.95,216.47,197.53,292.42
203,6.767,person,person,10,0.624,382.88,78.83,410.28,130.64
203,6.767,person,person,139,0.8824,601.84,398.5,723.56,573.92
203,6.767,person,person,176,0.8681,1129.32,73.71,1174.7,152.12
203,6.767,ball,sports ball,114,0.4013,1023.02,273.23,1033.95,281.28
203,6.767,person,person,226,0.3069,62.52,424.54,108.61,494.51
203,6.767,person,person,15,0.4553,981.1,0.05,1000.45,15.43
203,6.767,person,person,8,0.4562,759.86,34.37,786.39,87.16
204,6.8,person,person,1,0.9107,1083.52,267.47,1169.69,432.76
204,6.8,person,person,2,0.7806,990.84,16.38,1034.13,77.27
204,6.8,person,person,6,0.7587,138.14,216.72,197.69,292.6
204,6.8,person,person,10,0.6778,382.71,78.75,410.32,130.55
204,6.8,person,person,139,0.9067,593.74,399.5,716.39,578.4
204,6.8,person,person,176,0.859,1128.87,73.4,1174.16,151.99
204,6.8,ball,sports ball,114,0.4042,1023.01,273.24,1033.97,281.3
204,6.8,person,person,226,0.2875,62.4,424.56,108.43,494.48
204,6.8,person,person,15,0.44,981.17,0.07,1000.61,15.39
204,6.8,person,person,8,0.5815,759.3,33.97,787.04,87.48
205,6.833,person,person,1,0.9124,1074.29,267.43,1162.72,432.87
205,6.833,person,person,2,0.7842,990.62,16.4,1033.76,77.24
205,6.833,person,person,6,0.7189,137.84,216.5,197.59,292.55
205,6.833,person,person,10,0.6538,382.55,78.69,410.37,130.34
205,6.833,person,person,139,0.9135,584.17,401.23,706.98,579.85
205,6.833,person,person,176,0.852,1128.7,73.16,1173.75,151.91
205,6.833,ball,sports ball,114,0.4555,1023.01,273.24,1033.97,281.29
205,6.833,person,person,226,0.2933,62.45,424.49,108.45,494.38
205,6.833,person,person,15,0.3879,981.21,0.08,1000.33,14.91
205,6.833,person,person,8,0.5011,759.29,33.35,788.25,87.55
206,6.867,person,person,1,0.9199,1064.18,267.74,1155.39,432.89
206,6.867,person,person,2,0.7812,990.77,16.38,1033.95,77.26
206,6.867,person,person,6,0.7146,137.72,216.41,197.6,292.55
206,6.867,person,person,10,0.6083,382.73,78.9,410.68,130.19
206,6.867,person,person,139,0.9096,572.92,402.6,697.16,579.61
206,6.867,person,person,176,0.849,1128.91,73.04,1173.56,151.84
206,6.867,ball,sports ball,114,0.4518,1023.02,273.25,1033.97,281.29
206,6.867,person,person,226,0.291,62.36,424.51,108.37,494.43
206,6.867,person,person,15,0.329,981.47,0.07,1000.16,14.31
206,6.867,person,person,8,0.3458,759.26,32.31,789.27,87.41
206,6.867,person,person,236,0.3375,702.45,87.0,771.59,155.81
207,6.9,person,person,1,0.9203,1059.71,267.87,1153.54,432.95
207,6.9,person,person,2,0.7794,990.89,16.33,1034.11,77.24
207,6.9,person,person,6,0.7106,137.56,216.29,197.6,292.57
207,6.9,person,person,10,0.6102,382.62,78.97,410.81,130.16
207,6.9,person,person,139,0.9092,568.27,403.13,694.35,579.51
207,6.9,person,person,176,0.849,1129.1,72.99,1173.41,151.84
207,6.9,ball,sports ball,114,0.4443,1023.01,273.25,1033.98,281.29
207,6.9,person,person,226,0.2667,61.93,424.38,107.88,494.3
207,6.9,person,person,15,0.331,981.5,0.08,1000.12,14.0
207,6.9,person,person,8,0.3862,759.13,31.76,789.88,87.35
207,6.9,person,person,236,0.3193,698.73,87.74,769.81,156.44
208,6.933,person,person,1,0.9076,1051.06,268.84,1148.32,433.73
208,6.933,person,person,2,0.8012,990.79,16.21,1034.11,77.26
208,6.933,person,person,6,0.7655,137.72,216.3,197.76,292.56
208,6.933,person,person,10,0.6012,382.92,79.36,411.22,130.11
208,6.933,person,person,139,0.9117,561.0,404.22,689.24,578.44
208,6.933,person,person,176,0.8512,1129.85,73.04,1173.68,151.82
208,6.933,ball,sports ball,114,0.4582,1023.03,273.26,1033.98,281.28
208,6.933,person,person,226,0.2791,62.38,424.34,108.42,494.36
208,6.933,person,person,15,0.2559,981.8,0.07,1000.11,13.49
208,6.933,person,person,8,0.3919,759.18,30.44,790.76,87.38
208,6.933,person,person,236,0.3624,693.88,89.11,763.59,156.45
209,6.967,person,person,1,0.9069,1043.04,270.99,1143.69,434.57
209,6.967,person,person,2,0.8018,990.42,16.19,1033.69,77.29
209,6.967,person,person,6,0.778,137.88,216.35,197.86,292.54
209,6.967,person,person,10,0.6276,382.46,79.54,410.96,130.07
209,6.967,person,person,139,0.9131,555.38,405.78,686.07,577.65
209,6.967,person,person,176,0.8341,1130.75,73.07,1174.02,151.66
209,6.967,ball,sports ball,114,0.4709,1023.04,273.27,1033.97,281.26
209,6.967,person,person,226,0.2699,62.07,424.35,108.16,494.46
209,6.967,person,person,8,0.511,760.38,30.71,791.92,87.21
209,6.967,person,person,236,0.5992,681.24,85.68,751.84,156.66
210,7.0,person,person,1,0.9073,1036.37,272.9,1141.1,435.83
210,7.0,person,person,2,0.7786,990.75,15.85,1034.19,77.41
210,7.0,person,person,6,0.7741,137.96,216.89,197.49,292.4
210,7.0,person,person,10,0.4354,381.22,79.14,410.73,130.64
210,7.0,person,person,139,0.9059,552.28,408.07,685.33,577.87
210,7.0,person,person,176,0.8144,1131.72,73.19,1174.51,151.67
210,7.0,ball,sports ball,114,0.4347,1023.06,273.37,1033.88,281.27
210,7.0,person,person,226,0.3453,65.32,424.42,105.37,483.93
210,7.0,person,person,8,0.4138,761.87,32.12,793.13,86.89
210,7.0,person,person,236,0.7321,672.68,84.73,741.74,157.71
211,7.033,person,person,1,0.9128,1030.82,274.7,1139.76,437.19
211,7.033,person,person,2,0.7886,990.53,15.97,1033.79,77.35
211,7.033,person,person,6,0.7588,137.75,217.04,197.25,292.37
211,7.033,person,person,10,0.3958,380.46,79.04,410.48,130.84
211,7.033,person,person,139,0.9169,550.51,410.51,685.4,577.87
211,7.033,person,person,176,0.8412,1132.34,72.66,1175.01,151.68
211,7.033,ball,sports ball,114,0.3991,1023.05,273.44,1033.84,281.31
211,7.033,person,person,226,0.3337,66.46,424.44,104.44,479.71
211,7.033,person,person,8,0.4639,762.15,32.03,793.89,86.91
211,7.033,person,person,236,0.7581,665.05,84.27,732.73,159.99
212,7.067,person,person,1,0.9122,1026.19,276.82,1138.91,438.07
212,7.067,person,person,2,0.79,990.79,16.04,1033.47,76.76
212,7.067,person,person,6,0.7784,137.75,217.11,197.28,292.37
212,7.067,person,person,10,0.3729,380.16,79.02,410.31,130.46
212,7.067,person,person,139,0.9231,548.82,412.77,685.47,577.88
212,7.067,person,person,176,0.8189,1132.73,72.12,1175.3,151.63
212,7.067,ball,sports ball,114,0.3371,1023.03,273.47,1033.82,281.34
212,7.067,person,person,226,0.3832,66.76,424.4,104.3,477.86
212,7.067,person,person,8,0.5491,761.99,31.89,794.12,86.82
212,7.067,person,person,236,0.664,660.97,85.58,726.94,163.27
213,7.1,person,person,1,0.9117,1023.4,277.6,1139.9,438.34
213,7.1,person,person,2,0.7898,990.88,16.04,1033.25,76.5
213,7.1,person,person,6,0.7824,137.73,217.15,197.3,292.38
213,7.1,person,person,10,0.4318,379.96,78.99,410.34,130.38
213,7.1,person,person,139,0.9235,547.48,413.56,686.66,577.87
213,7.1,person,person,176,0.8161,1132.97,71.91,1175.33,151.63
213,7.1,ball,sports ball,114,0.3327,1023.01,273.5,1033.81,281.35
213,7.1,person,person,226,0.4154,66.66,424.38,104.4,477.13
213,7.1,person,person,8,0.5195,761.81,31.95,794.21,86.8
213,7.1,person,person,236,0.6643,660.6,86.03,724.13,164.48
214,7.133,person,person,1,0.9125,1019.7,278.29,1139.84,438.61
214,7.133,person,person,2,0.7985,990.33,16.05,1033.2,76.99
214,7.133,person,person,6,0.785,137.91,217.19,197.46,292.37
214,7.133,person,person,10,0.4464,379.78,79.11,410.3,130.31
214,7.133,person,person,139,0.9248,545.19,413.76,686.7,577.73
214,7.133,person,person,176,0.7987,1133.12,71.86,1175.29,151.64
214,7.133,ball,sports ball,114,0.2882,1022.85,273.57,1033.65,281.4
214,7.133,person,person,226,0.3248,66.05,424.44,104.75,477.73
214,7.133,person,person,8,0.6444,762.9,31.94,795.5,86.62
214,7.133,person,person,236,0.507,656.34,87.81,719.42,167.7
215,7.167,person,person,1,0.912,1014.95,279.55,1137.59,438.62
215,7.167,person,person,2,0.7968,990.32,15.71,1033.22,76.66
215,7.167,person,person,6,0.7846,137.82,217.19,197.43,292.37
215,7.167,person,person,10,0.461,379.45,79.3,410.09,130.26
215,7.167,person,person,139,0.9214,541.67,413.5,684.61,577.27
215,7.167,person,person,176,0.8459,1133.12,71.7,1175.12,151.43
215,7.167,ball,sports ball,114,0.2919,1022.83,273.56,1033.64,281.38
215,7.167,person,person,226,0.3122,65.45,424.5,104.98,478.1
215,7.167,person,person,8,0.5471,763.57,32.36,796.29,86.56
215,7.167,racket,tennis racket,253,0.5173,1123.62,107.81,1146.1,127.54
216,7.2,person,person,1,0.9142,1010.0,279.92,1134.78,438.78
216,7.2,person,person,2,0.7965,990.43,15.69,1033.25,76.52
216,7.2,person,person,6,0.785,137.76,217.15,197.46,292.39
216,7.2,person,person,10,0.3627,379.35,79.67,409.96,130.14
216,7.2,person,person,139,0.914,536.92,412.85,681.06,577.25
216,7.2,person,person,176,0.8613,1133.34,71.51,1175.14,151.19
216,7.2,ball,sports ball,114,0.2797,1022.83,273.51,1033.69,281.37
216,7.2,person,person,226,0.2983,65.05,424.54,105.28,478.32
216,7.2,person,person,8,0.6147,763.55,32.29,796.62,86.51
216,7.2,racket,tennis racket,253,0.5599,1123.28,109.62,1143.16,127.03
216,7.2,racket,tennis racket,255,0.6202,1017.81,348.83,1052.73,372.15
216,7.2,person,person,236,0.4687,641.48,89.7,707.83,175.03
217,7.233,person,person,1,0.9072,1004.36,279.28,1129.94,438.31
217,7.233,person,person,2,0.7914,990.4,15.56,1033.56,76.7
217,7.233,person,person,6,0.7813,137.67,217.14,197.39,292.32
217,7.233,person,person,10,0.3141,379.14,79.69,409.93,130.11
217,7.233,person,person,139,0.9156,532.88,412.0,677.99,577.33
217,7.233,person,person,176,0.8722,1133.93,71.19,1175.65,150.9
217,7.233,ball,sports ball,114,0.289,1022.83,273.51,1033.7,281.37
217,7.233,person,person,226,0.2807,63.96,425.88,103.66,478.77
217,7.233,person,person,8,0.5432,763.07,31.53,796.89,86.53
217,7.233,racket,tennis racket,253,0.6299,1123.26,110.76,1140.89,126.14
217,7.233,racket,tennis racket,255,0.4637,1013.38,347.15,1050.42,371.98
218,7.267,person,person,1,0.9024,997.02,278.36,1122.2,438.04
218,7.267,person,person,2,0.7891,991.08,15.55,1034.15,76.44
218,7.267,person,person,6,0.7737,137.63,217.11,197.39,292.29
218,7.267,person,person,10,0.4299,379.17,79.45,409.77,129.28
218,7.267,person,person,139,0.9161,529.61,410.7,675.36,577.12
218,7.267,person,person,176,0.8638,1134.96,70.85,1176.86,150.79
218,7.267,ball,sports ball,114,0.28,1022.78,273.6,1033.62,281.42
218,7.267,person,person,226,0.2805,63.35,426.57,102.98,479.23
218,7.267,person,person,8,0.6664,762.91,31.51,797.0,86.49
218,7.267,racket,tennis racket,253,0.6238,1123.15,109.98,1140.38,124.9
219,7.3,person,person,1,0.9029,994.65,277.99,1119.22,437.93
219,7.3,person,person,2,0.7881,991.3,15.57,1034.41,76.39
219,7.3,person,person,6,0.7735,137.6,217.1,197.41,292.28
219,7.3,person,person,10,0.4463,379.17,79.38,409.75,128.91
219,7.3,person,person,139,0.9165,528.58,410.22,674.41,577.04
219,7.3,person,person,176,0.8645,1135.32,70.75,1177.31,150.77
219,7.3,ball,sports ball,114,0.2803,1022.78,273.63,1033.6,281.43
219,7.3,person,person,226,0.2763,63.16,426.52,103.07,479.41
219,7.3,person,person,8,0.6589,762.77,31.72,797.0,86.49
219,7.3,racket,tennis racket,253,0.6252,1123.04,109.79,1140.3,124.61
220,7.333,person,person,1,0.9134,989.88,276.8,1113.04,437.81
220,7.333,person,person,2,0.7766,991.91,16.03,1034.65,76.19
220,7.333,person,person,6,0.7767,137.73,217.16,197.54,292.33
220,7.333,person,person,10,0.4569,379.12,79.27,409.92,128.94
220,7.333,person,person,139,0.9168,528.11,409.28,674.42,577.04
220,7.333,person,person,176,0.8469,1136.2,70.64,1178.4,150.81
220,7.333,person,person,226,0.2775,62.98,426.64,103.21,479.83
220,7.333,person,person,8,0.6969,762.35,31.07,797.18,86.56
220,7.333,racket,tennis racket,253,0.5972,1122.37,108.55,1141.09,124.51
220,7.333,person,person,236,0.4604,629.19,98.47,692.35,180.99
221,7.367,person,person,1,0.9075,986.92,276.45,1107.88,438.07
221,7.367,person,person,2,0.7659,992.18,16.39,1034.44,75.82
221,7.367,person,person,6,0.7778,137.7,217.21,197.5,292.33
221,7.367,person,person,10,0.4819,378.99,79.21,409.91,128.85
221,7.367,person,person,139,0.9143,527.93,408.45,674.65,577.07
221,7.367,person,person,176,0.8491,1136.88,70.51,1179.34,150.8
221,7.367,person,person,226,0.2915,62.89,427.07,102.82,479.77
221,7.367,person,person,8,0.5756,762.81,32.22,796.89,86.03
221,7.367,racket,tennis racket,253,0.4134,1121.16,108.01,1140.39,124.37
221,7.367,racket,tennis racket,256,0.5045,1122.73,105.08,1145.89,124.7
221,7.367,person,person,236,0.374,629.04,101.46,689.68,181.65
222,7.4,person,person,1,0.9051,985.41,275.8,1104.11,438.26
222,7.4,person,person,2,0.7396,991.63,17.2,1033.44,75.83
222,7.4,person,person,6,0.7785,137.7,216.96,197.69,292.41
222,7.4,person,person,10,0.4859,378.91,79.11,410.05,128.9
222,7.4,person,person,139,0.9118,528.7,408.22,675.13,577.07
222,7.4,person,person,176,0.8377,1137.83,70.19,1180.52,150.91
222,7.4,person,person,226,0.2814,62.81,427.14,102.78,479.8
222,7.4,person,person,8,0.7107,762.16,30.72,797.28,86.08
222,7.4,racket,tennis racket,256,0.5383,1120.88,103.84,1146.3,125.37
222,7.4,person,person,236,0.5251,630.17,103.37,689.49,181.97
223,7.433,person,person,1,0.9127,984.64,275.63,1100.8,438.66
223,7.433,person,person,2,0.7531,991.09,17.21,1033.3,76.33
223,7.433,person,person,6,0.7971,137.58,216.81,197.69,292.42
223,7.433,person,person,10,0.5929,378.8,79.08,410.35,129.38
223,7.433,person,person,139,0.9099,529.32,407.79,675.64,577.2
223,7.433,person,person,176,0.8221,1139.02,69.74,1182.2,151.2
223,7.433,person,person,226,0.2837,62.59,427.12,102.91,480.18
223,7.433,person,person,8,0.7676,761.64,28.71,797.88,85.95
223,7.433,racket,tennis racket,256,0.5611,1120.9,103.18,1146.71,125.03
223,7.433,person,person,236,0.756,630.31,104.98,689.76,182.22
224,7.467,person,person,1,0.9045,984.38,275.57,1097.75,438.72
224,7.467,person,person,2,0.7422,990.24,16.67,1033.02,76.55
224,7.467,person,person,6,0.8004,137.57,217.05,197.49,292.36
224,7.467,person,person,10,0.6057,378.52,79.02,410.3,129.63
224,7.467,person,person,139,0.9082,530.27,407.73,676.04,577.2
224,7.467,person,person,176,0.8143,1139.83,69.69,1183.52,151.52
224,7.467,person,person,226,0.2853,62.52,427.14,103.18,480.59
224,7.467,person,person,8,0.771,760.78,24.84,799.09,85.78
224,7.467,racket,tennis racket,256,0.4812,1121.52,102.57,1147.3,124.39
224,7.467,person,person,236,0.7602,626.14,105.47,685.96,183.0
225,7.5,person,person,1,0.9045,985.18,275.55,1095.99,438.75
225,7.5,person,person,2,0.743,989.87,16.5,1032.87,76.59
225,7.5,person,person,6,0.7982,137.65,217.14,197.54,292.38
225,7.5,person,person,10,0.6004,378.46,79.0,410.35,129.74
225,7.5,person,person,139,0.9085,530.86,407.71,676.1,577.22
225,7.5,person,person,176,0.8143,1140.1,69.7,1184.14,151.69
225,7.5,person,person,226,0.2849,62.45,427.17,102.98,480.4
225,7.5,person,person,8,0.7666,760.5,23.35,799.48,85.79
225,7.5,racket,tennis racket,256,0.4776,1122.48,103.4,1147.19,124.19
225,7.5,person,person,236,0.7654,624.73,105.65,684.7,183.21
226,7.533,person,person,1,0.9021,986.11,276.55,1093.45,438.46
226,7.533,person,person,2,0.7502,988.27,15.61,1031.24,75.59
226,7.533,person,person,6,0.7967,137.64,217.15,197.53,292.34
226,7.533,person,person,10,0.596,378.41,78.85,410.48,129.87
226,7.533,person,person,139,0.9084,531.53,407.86,676.11,577.22
226,7.533,person,person,176,0.8098,1140.85,69.63,1184.9,151.46
226,7.533,person,person,226,0.2849,62.43,428.4,101.82,480.05
226,7.533,person,person,8,0.7449,760.35,22.43,799.48,85.53
226,7.533,racket,tennis racket,256,0.4952,1122.83,103.74,1147.54,124.44
226,7.533,person,person,236,0.817,624.27,105.89,686.81,187.56
227,7.567,person,person,1,0.8953,987.27,277.66,1091.14,438.25
227,7.567,person,person,2,0.7387,986.42,14.98,1028.26,73.48
227,7.567,person,person,6,0.7899,137.65,217.13,197.59,292.35
227,7.567,person,person,10,0.5936,378.32,78.85,410.47,130.01
227,7.567,person,person,139,0.9073,531.93,408.04,675.94,577.23
227,7.567,person,person,176,0.8144,1141.08,69.57,1185.28,151.44
227,7.567,person,person,226,0.2814,62.34,428.9,101.69,480.52
227,7.567,person,person,8,0.7424,760.58,22.11,799.36,85.0
227,7.567,racket,tennis racket,256,0.4798,1122.86,103.68,1147.91,124.59
227,7.567,person,person,236,0.7778,626.33,106.14,690.15,191.0
228,7.6,person,person,1,0.9001,988.2,278.86,1088.7,438.08
228,7.6,person,person,2,0.7032,984.17,14.53,1025.18,72.47
228,7.6,person,person,6,0.7929,137.71,217.15,197.62,292.32
228,7.6,person,person,10,0.6131,378.08,78.66,410.35,130.17
228,7.6,person,person,139,0.9047,532.26,408.3,675.7,577.24
228,7.6,person,person,176,0.8184,1141.2,69.27,1185.62,151.56
228,7.6,person,person,226,0.2793,62.34,428.13,102.29,480.56
228,7.6,person,person,8,0.7265,760.51,22.06,798.86,84.73
228,7.6,racket,tennis racket,256,0.485,1122.45,102.51,1149.17,125.06
228,7.6,person,person,236,0.7636,627.84,106.27,692.21,194.25
229,7.633,person,person,1,0.8985,988.61,279.28,1086.48,438.05
229,7.633,person,person,2,0.7269,981.48,13.27,1022.8,72.79
229,7.633,person,person,6,0.7945,137.61,216.85,197.72,292.28
229,7.633,person,person,10,0.5959,378.34,78.52,410.75,130.27
229,7.633,person,person,139,0.9037,532.41,408.14,675.64,577.26
229,7.633,person,person,176,0.81,1140.93,69.0,1185.38,151.49
229,7.633,person,person,226,0.2797,62.35,428.67,101.86,480.51
229,7.633,person,person,8,0.6531,760.32,22.24,798.12,84.52
229,7.633,racket,tennis racket,256,0.4825,1121.95,101.7,1149.99,125.76
229,7.633,person,person,236,0.7353,628.07,107.16,692.04,197.56
230,7.667,person,person,1,0.8933,989.24,279.64,1084.74,438.09
230,7.667,person,person,2,0.7558,979.62,11.71,1021.16,73.04
230,7.667,person,person,6,0.8053,137.87,217.06,197.77,292.22
230,7.667,person,person,10,0.6176,378.47,78.46,410.92,130.31
230,7.667,person,person,139,0.9031,532.59,407.93,675.62,577.22
230,7.667,person,person,176,0.792,1140.35,68.71,1184.73,151.42
230,7.667,person,person,226,0.2885,62.33,428.99,101.64,480.58
230,7.667,person,person,8,0.648,760.49,22.64,797.59,84.15
230,7.667,racket,tennis racket,256,0.5274,1122.34,101.83,1150.72,126.56
230,7.667,person,person,236,0.7546,630.63,107.95,694.95,200.18
231,7.7,person,person,1,0.8929,990.13,279.76,1083.6,438.12
231,7.7,person,person,2,0.7565,979.23,11.13,1020.29,73.15
231,7.7,person,person,6,0.8059,137.96,217.13,197.78,292.19
231,7.7,person,person,10,0.6029,378.56,78.41,411.01,130.3
231,7.7,person,person,139,0.9032,532.78,407.84,675.56,577.21
231,7.7,person,person,176,0.7931,1140.17,68.61,1184.41,151.4
231,7.7,person,person,226,0.2833,62.26,428.97,101.67,480.71
231,7.7,person,person,8,0.6486,760.6,22.82,797.32,84.02
231,7.7,racket,tennis racket,256,0.5306,1122.6,101.86,1150.89,126.86
231,7.7,person,person,236,0.754,631.99,108.2,695.94,201.09
232,7.733,person,person,1,0.8929,990.57,279.47,1082.36,438.16
232,7.733,person,person,2,0.7474,978.99,11.21,1018.91,72.75
232,7.733,person,person,6,0.8069,137.85,216.88,197.84,292.2
232,7.733,person,person,10,0.6107,378.64,78.29,411.17,130.22
232,7.733,person,person,139,0.9046,532.81,407.45,675.62,577.25
232,7.733,person,person,176,0.7967,1138.82,69.04,1182.6,151.37
232,7.733,person,person,226,0.282,62.29,429.2,101.6,480.82
232,7.733,person,person,8,0.568,761.14,24.54,796.61,83.72
232,7.733,racket,tennis racket,256,0.4333,1122.61,101.98,1150.75,127.41
232,7.733,person,person,236,0.7263,634.3,110.37,696.42,201.54
233,7.767,person,person,1,0.8963,991.07,279.2,1081.27,438.11
233,7.767,person,person,2,0.7276,978.54,9.99,1018.29,72.64
233,7.767,person,person,6,0.7943,137.71,216.82,197.8,292.27
233,7.767,person,person,10,0.6453,378.88,78.32,411.52,130.28
233,7.767,person,person,139,0.9043,532.99,407.4,675.55,577.25
233,7.767,person,person,176,0.7935,1138.08,69.78,1181.29,151.19
233,7.767,person,person,226,0.3219,62.32,429.3,101.39,480.6
233,7.767,person,person,8,0.3223,762.29,26.85,796.41,83.5
233,7.767,racket,tennis racket,256,0.3681,1122.94,101.97,1150.87,127.77
233,7.767,person,person,236,0.703,635.02,110.63,695.8,201.15
234,7.8,person,person,1,0.9042,991.51,278.6,1080.42,438.12
234,7.8,person,person,2,0.7066,977.77,9.56,1017.08,72.64
234,7.8,person,person,6,0.8097,137.74,216.82,197.83,292.31
234,7.8,person,person,10,0.6378,378.93,78.17,411.77,130.32
234,7.8,person,person,139,0.905,532.92,406.58,675.85,577.32
234,7.8,person,person,176,0.7305,1137.46,70.49,1180.3,151.2
234,7.8,person,person,226,0.3199,62.33,428.98,101.46,480.37
234,7.8,person,person,236,0.7589,637.64,111.46,697.03,200.83
234,7.8,racket,tennis racket,267,0.487,1010.89,357.25,1030.72,379.07
235,7.833,person,person,1,0.8977,992.23,278.22,1079.81,438.12
235,7.833,person,person,2,0.6639,978.08,11.01,1015.68,72.14
235,7.833,person,person,6,0.8145,137.73,216.89,197.79,292.35
235,7.833,person,person,10,0.6537,378.82,78.12,411.83,130.5
235,7.833,person,person,139,0.9049,533.05,406.35,675.82,577.3
235,7.833,person,person,176,0.7253,1136.56,70.91,1178.28,149.7
235,7.833,person,person,226,0.3261,62.29,429.03,101.51,480.55
235,7.833,person,person,236,0.8092,638.15,109.06,698.28,201.05
236,7.867,person,person,1,0.8993,993.02,277.83,1079.41,438.06
236,7.867,person,person,2,0.62,978.53,11.9,1014.78,71.51
236,7.867,person,person,6,0.8117,137.64,216.96,197.66,292.35
236,7.867,person,person,10,0.6531,378.91,78.11,412.02,130.58
236,7.867,person,person,139,0.9037,533.19,406.21,675.75,577.28
236,7.867,person,person,176,0.6895,1135.8,71.82,1177.72,149.82
236,7.867,person,person,226,0.3217,62.3,428.95,101.58,480.57
236,7.867,person,person,236,0.8542,639.46,106.7,699.96,200.62
237,7.9,person,person,1,0.8989,993.76,277.74,1078.94,438.04
237,7.9,person,person,2,0.6288,978.89,12.32,1014.36,71.28
237,7.9,person,person,6,0.814,137.6,216.99,197.63,292.36
237,7.9,person,person,10,0.6518,378.94,78.12,412.11,130.6
237,7.9,person,person,139,0.9037,533.32,406.16,675.64,577.26
237,7.9,person,person,176,0.6936,1135.28,72.15,1177.62,149.9
237,7.9,person,person,226,0.3233,62.35,428.96,101.54,480.46
237,7.9,person,person,236,0.8535,640.23,105.79,700.36,200.4
238,7.933,person,person,1,0.8998,994.38,276.76,1078.95,438.16
238,7.933,person,person,2,0.6778,978.73,12.16,1013.98,71.48
238,7.933,person,person,6,0.8113,137.44,217.02,197.48,292.3
238,7.933,person,person,10,0.6475,379.08,78.15,412.26,130.59
238,7.933,person,person,139,0.9036,533.46,406.05,675.64,577.31
238,7.933,person,person,176,0.8564,1132.52,72.97,1175.8,150.21
238,7.933,person,person,226,0.3282,62.38,428.94,101.5,480.33
238,7.933,person,person,236,0.8291,643.61,105.81,703.51,200.18
239,7.967,person,person,1,0.9003,994.67,275.67,1078.89,438.2
239,7.967,person,person,2,0.5764,978.36,11.04,1013.53,70.92
239,7.967,person,person,6,0.8083,137.28,217.01,197.38,292.25
239,7.967,person,person,10,0.672,379.2,78.15,412.44,130.63
239,7.967,person,person,139,0.904,533.62,405.98,675.61,577.33
239,7.967,person,person,176,0.8228,1130.37,74.34,1174.42,150.35
239,7.967,person,person,226,0.323,62.34,428.94,101.53,480.42
239,7.967,person,person,236,0.8278,647.69,105.42,708.16,199.83
240,8.0,person,person,1,0.9014,994.34,275.09,1078.42,438.23
240,8.0,person,person,2,0.5106,977.96,10.02,1013.49,71.4
240,8.0,person,person,6,0.7924,137.11,216.99,197.36,292.31
240,8.0,person,person,10,0.6467,379.43,78.28,412.66,130.66
240,8.0,person,person,139,0.9052,533.78,406.0,675.53,577.31
240,8.0,person,person,176,0.7003,1132.73,74.96,1177.1,150.68
240,8.0,person,person,226,0.3185,62.31,428.93,101.56,480.51
240,8.0,person,person,236,0.7231,651.9,106.26,713.24,199.83
241,8.033,person,person,1,0.9031,994.89,274.57,1079.23,438.06
241,8.033,person,person,2,0.6278,977.95,10.3,1013.1,71.9
241,8.033,person,person,6,0.8059,136.97,216.81,197.42,292.29
241,8.033,person,person,10,0.6403,379.6,78.41,412.8,130.63
241,8.033,person,person,139,0.9052,533.91,406.1,675.38,577.32
241,8.033,person,person,176,0.6532,1133.09,74.86,1178.14,150.93
241,8.033,person,person,226,0.321,62.36,429.0,101.52,480.45
241,8.033,person,person,236,0.8562,655.77,105.5,718.8,199.39
242,8.067,person,person,1,0.9085,996.08,274.2,1081.19,437.99
242,8.067,person,person,2,0.5821,977.97,10.94,1012.43,71.98
242,8.067,person,person,6,0.8049,136.96,216.78,197.43,292.21
242,8.067,person,person,10,0.6323,379.55,78.4,412.79,130.66
242,8.067,person,person,139,0.9043,534.0,406.17,675.29,577.37
242,8.067,person,person,176,0.793,1132.99,74.82,1178.61,151.09
242,8.067,person,person,226,0.3198,62.43,429.02,101.46,480.26
242,8.067,person,person,236,0.8941,657.82,105.2,722.17,199.24
243,8.1,person,person,1,0.9086,996.37,274.05,1082.11,437.98
243,8.1,person,person,2,0.5909,978.0,10.83,1012.19,72.04
243,8.1,person,person,6,0.8044,136.97,216.77,197.46,292.17
243,8.1,person,person,10,0.6263,379.52,78.41,412.75,130.65
243,8.1,person,person,139,0.9043,534.1,406.21,675.21,577.39
243,8.1,person,person,176,0.7944,1132.89,74.77,1178.98,151.13
243,8.1,person,person,226,0.314,62.41,428.97,101.5,480.3
243,8.1,person,person,236,0.8945,658.25,105.09,723.73,199.15
244,8.133,person,person,1,0.9159,998.21,274.25,1085.1,437.99
244,8.133,person,person,2,0.6768,977.02,7.93,1012.35,72.08
244,8.133,person,person,6,0.7995,137.21,217.09,197.46,292.11
244,8.133,person,person,10,0.6312,379.44,78.49,412.61,130.67
244,8.133,person,person,139,0.9063,534.01,406.09,674.77,576.96
244,8.133,person,person,176,0.8112,1132.18,74.57,1178.91,151.21
244,8.133,person,person,226,0.2998,62.36,428.88,101.62,480.42
244,8.133,person,person,236,0.8696,660.43,105.01,726.24,198.76
245,8.167,person,person,1,0.9216,1000.82,274.53,1089.15,438.02
245,8.167,person,person,2,0.7231,976.52,7.63,1011.53,71.72
245,8.167,person,person,6,0.7968,137.28,216.98,197.67,292.19
245,8.167,person,person,10,0.6257,379.39,78.61,412.48,130.69
245,8.167,person,person,139,0.9071,534.02,405.86,674.65,576.74
245,8.167,person,person,176,0.8251,1131.24,73.42,1179.03,151.14
245,8.167,person,person,226,0.2905,62.42,429.08,101.51,480.38
245,8.167,person,person,236,0.8214,663.59,105.18,728.87,198.22
245,8.167,person,person,8,0.4298,767.35,25.23,801.32,82.26
246,8.2,person,person,1,0.9231,1004.06,275.04,1093.92,438.19
246,8.2,person,person,2,0.7619,976.41,9.33,1009.61,69.71
246,8.2,person,person,6,0.7969,137.38,216.99,197.8,292.26
246,8.2,person,person,10,0.623,379.37,78.56,412.38,130.64
246,8.2,person,person,139,0.9084,534.13,405.86,674.54,576.62
246,8.2,person,person,176,0.7918,1129.72,71.89,1178.24,150.3
246,8.2,person,person,226,0.3046,62.53,429.35,101.32,480.21
246,8.2,person,person,236,0.8057,667.57,104.04,732.51,197.82
246,8.2,person,person,8,0.602,767.85,24.87,801.17,81.93
247,8.233,person,person,1,0.9097,1007.59,275.19,1099.84,439.05
247,8.233,person,person,2,0.7691,975.95,10.13,1008.45,69.07
247,8.233,person,person,6,0.777,137.19,216.89,197.73,292.29
247,8.233,person,person,10,0.6309,379.5,78.68,412.31,130.48
247,8.233,person,person,139,0.9096,534.09,405.55,674.62,576.65
247,8.233,person,person,176,0.6894,1128.32,70.81,1174.78,145.58
247,8.233,person,person,226,0.3077,62.51,429.55,101.09,480.09
247,8.233,person,person,236,0.7594,675.5,102.08,738.69,196.97
247,8.233,person,person,8,0.5085,768.87,25.56,801.24,82.07
248,8.267,person,person,1,0.9131,1009.36,275.89,1103.7,439.72
248,8.267,person,person,2,0.7571,975.2,10.22,1007.23,67.9
248,8.267,person,person,6,0.7815,137.1,216.83,197.67,292.22
248,8.267,person,person,10,0.6145,379.57,78.76,412.29,130.43
248,8.267,person,person,139,0.9095,534.08,404.89,674.93,576.74
248,8.267,person,person,176,0.771,1124.95,68.99,1169.94,142.1
248,8.267,person,person,226,0.2963,62.56,429.47,101.06,479.84
248,8.267,person,person,236,0.7675,679.27,99.51,741.78,197.18
248,8.267,person,person,8,0.2996,769.95,26.74,801.23,82.12
248,8.267,ball,sports ball,114,0.3332,1023.14,273.84,1033.8,281.59
249,8.3,person,person,1,0.9133,1009.43,276.13,1105.66,439.96
249,8.3,person,person,2,0.7546,974.81,10.24,1006.83,67.54
249,8.3,person,person,6,0.7828,137.07,216.79,197.67,292.2
249,8.3,person,person,10,0.6116,379.64,78.77,412.34,130.42
249,8.3,person,person,139,0.9093,534.16,404.64,674.99,576.78
249,8.3,person,person,176,0.7726,1123.85,68.32,1168.05,140.8
249,8.3,person,person,226,0.3066,62.6,429.56,100.91,479.62
249,8.3,person,person,236,0.7628,681.31,98.57,742.17,197.25
249,8.3,person,person,8,0.2941,770.45,27.42,801.03,82.08
249,8.3,ball,sports ball,114,0.331,1023.18,273.85,1033.8,281.6
250,8.333,person,person,1,0.9078,1009.05,276.41,1107.62,441.19
250,8.333,person,person,2,0.7641,973.72,10.03,1005.77,66.95
250,8.333,person,person,6,0.7844,137.06,216.85,197.6,292.13
250,8.333,person,person,10,0.6158,379.65,78.79,412.34,130.45
250,8.333,person,person,139,0.9055,534.61,404.03,675.7,577.04
250,8.333,person,person,176,0.8021,1121.14,67.9,1163.85,138.63
250,8.333,person,person,226,0.2998,62.61,429.67,100.84,479.56
250,8.333,person,person,236,0.7684,686.25,97.55,745.42,197.52
250,8.333,person,person,8,0.575,769.91,24.16,801.78,82.19
250,8.333,ball,sports ball,114,0.422,1023.22,273.77,1033.88,281.63
251,8.367,person,person,1,0.9102,1008.54,277.57,1108.48,441.71
251,8.367,person,person,2,0.7442,972.72,10.3,1004.68,66.72
251,8.367,person,person,6,0.7856,137.2,216.9,197.62,292.0
251,8.367,person,person,10,0.6342,379.33,78.77,411.94,130.5
251,8.367,person,person,139,0.8963,536.58,403.24,677.49,577.1
251,8.367,person,person,176,0.7646,1116.97,66.77,1158.85,137.16
251,8.367,person,person,226,0.3058,62.65,429.84,100.73,479.47
251,8.367,person,person,236,0.8152,691.89,95.93,749.9,196.94
251,8.367,person,person,8,0.5386,770.26,22.09,802.63,82.09
251,8.367,ball,sports ball,114,0.4429,1023.25,273.72,1033.87,281.63
252,8.4,person,person,1,0.9178,1007.96,278.32,1109.52,442.4
252,8.4,person,person,2,0.7186,971.8,10.6,1003.69,66.47
252,8.4,person,person,6,0.7824,137.28,216.95,197.61,291.89
252,8.4,person,person,10,0.6781,378.85,78.77,411.35,130.56
252,8.4,person,person,139,0.9023,538.86,402.21,679.0,576.5
252,8.4,person,person,176,0.7045,1113.17,65.86,1154.94,136.77
252,8.4,person,person,226,0.3121,62.64,430.09,100.67,479.61
252,8.4,person,person,236,0.7538,692.96,95.79,748.53,196.89
252,8.4,person,person,8,0.7061,770.87,20.88,803.1,81.52
252,8.4,ball,sports ball,114,0.4995,1023.29,273.66,1033.9,281.6
252,8.4,racket,tennis racket,273,0.6686,719.04,150.05,742.35,168.95
253,8.433,person,person,1,0.9103,1009.43,279.15,1112.01,442.2
253,8.433,person,person,2,0.6971,970.95,10.93,1002.87,66.48
253,8.433,person,person,6,0.7698,137.27,217.0,197.56,291.81
253,8.433,person,person,10,0.6829,378.42,78.77,410.72,130.64
253,8.433,person,person,139,0.914,542.34,401.18,681.13,575.81
253,8.433,person,person,176,0.8029,1110.09,64.75,1152.43,137.03
253,8.433,person,person,226,0.2891,62.56,429.87,100.86,479.71
253,8.433,person,person,236,0.5463,698.03,95.55,753.01,197.04
253,8.433,person,person,8,0.7052,771.58,20.44,803.48,81.08
253,8.433,ball,sports ball,114,0.5782,1023.25,273.56,1033.95,281.61
253,8.433,person,person,277,0.374,220.25,110.03,241.31,141.12
254,8.467,person,person,1,0.9094,1011.14,279.04,1115.48,442.16
254,8.467,person,person,2,0.6777,970.27,10.98,1002.27,66.41
254,8.467,person,person,6,0.756,137.1,217.1,197.4,291.79
254,8.467,person,person,10,0.6961,378.3,78.77,410.41,130.65
254,8.467,person,person,139,0.9216,546.4,400.02,683.47,575.08
254,8.467,person,person,176,0.754,1106.58,63.64,1149.79,136.78
254,8.467,person,person,226,0.2996,62.59,429.94,100.78,479.58
254,8.467,person,person,236,0.6235,697.84,95.3,751.47,197.07
254,8.467,person,person,8,0.6847,772.65,20.32,804.18,80.79
254,8.467,ball,sports ball,114,0.5887,1023.25,273.57,1033.93,281.63
254,8.467,person,person,277,0.3687,218.96,110.64,239.95,141.59
255,8.5,person,person,1,0.9069,1011.27,279.0,1117.18,442.16
255,8.5,person,person,2,0.6832,970.04,11.04,1002.11,66.35
255,8.5,person,person,6,0.7545,136.99,217.14,197.36,291.8
255,8.5,person,person,10,0.6964,378.34,78.74,410.3,130.68
255,8.5,person,person,139,0.9216,548.54,399.58,683.84,574.77
255,8.5,person,person,176,0.7528,1105.14,63.22,1148.91,136.69
255,8.5,person,person,226,0.306,62.58,430.1,100.72,479.65
255,8.5,person,person,236,0.6041,698.06,95.26,750.38,197.1
255,8.5,person,person,8,0.689,773.12,20.37,804.3,80.66
255,8.5,ball,sports ball,114,0.5718,1023.26,273.56,1033.96,281.66
255,8.5,person,person,277,0.3692,218.57,110.87,239.51,141.75
255,8.5,racket,tennis racket,280,0.3575,727.74,153.06,749.55,169.59
256,8.533,person,person,1,0.9153,1014.7,278.93,1121.89,442.24
256,8.533,person,person,2,0.6814,969.75,11.02,1001.83,66.25
256,8.533,person,person,6,0.7823,137.0,217.09,197.5,291.84
256,8.533,person,person,10,0.7017,378.47,78.73,410.25,130.73
256,8.533,person,person,139,0.9206,552.01,398.73,685.45,574.18
256,8.533,person,person,176,0.7984,1100.39,61.51,1146.16,136.7
256,8.533,person,person,226,0.3093,62.74,430.11,100.5,479.04
256,8.533,person,person,236,0.6727,707.59,95.37,761.57,196.93
256,8.533,person,person,8,0.6658,774.18,20.59,805.01,80.24
256,8.533,ball,sports ball,114,0.5871,1023.27,273.56,1033.96,281.67
256,8.533,person,person,277,0.3508,217.43,110.84,238.69,142.13
256,8.533,racket,tennis racket,280,0.3715,728.35,150.63,752.9,169.33
257,8.567,person,person,1,0.9096,1019.8,279.09,1127.43,442.2
257,8.567,person,person,2,0.6478,969.18,11.13,1001.69,66.87
257,8.567,person,person,6,0.7805,137.1,217.02,197.65,291.81
257,8.567,person,person,10,0.7323,378.39,78.69,410.0,130.74
257,8.567,person,person,139,0.9155,554.07,397.88,686.36,574.25
257,8.567,person,person,176,0.8543,1094.35,60.19,1142.23,136.35
257,8.567,person,person,226,0.2986,62.77,429.97,100.51,478.77
257,8.567,person,person,236,0.8959,711.42,95.28,767.14,196.73
257,8.567,person,person,8,0.6777,774.82,20.98,804.94,79.7
257,8.567,ball,sports ball,114,0.6036,1023.27,273.55,1033.95,281.67
257,8.567,person,person,277,0.3243,216.72,110.89,238.12,142.35
258,8.6,person,person,1,0.9143,1025.65,278.57,1133.55,442.28
258,8.6,person,person,2,0.6673,968.87,11.08,1001.68,67.32
258,8.6,person,person,6,0.7942,137.16,217.07,197.7,291.84
258,8.6,person,person,10,0.7319,378.5,78.62,409.98,130.78
258,8.6,person,person,139,0.9151,555.4,397.22,686.46,574.19
258,8.6,person,person,176,0.8531,1088.68,59.11,1138.33,135.66
258,8.6,person,person,226,0.3023,62.79,429.97,100.54,478.7
258,8.6,person,person,236,0.888,712.94,95.3,770.1,196.4
258,8.6,person,person,8,0.6563,775.09,20.95,804.82,79.37
258,8.6,ball,sports ball,114,0.6329,1023.28,273.53,1033.94,281.65
258,8.6,person,person,277,0.2867,216.04,111.6,237.66,143.28
259,8.633,person,person,1,0.9181,1032.66,278.13,1140.1,442.38
259,8.633,person,person,2,0.6892,967.87,11.05,1000.8,67.38
259,8.633,person,person,6,0.7862,137.13,217.13,197.68,291.87
259,8.633,person,person,10,0.6998,378.7,78.67,409.99,130.81
259,8.633,person,person,139,0.9116,556.41,396.78,686.56,574.53
259,8.633,person,person,176,0.8452,1084.39,58.75,1134.56,133.75
259,8.633,person,person,226,0.3116,62.83,430.08,100.47,478.54
259,8.633,person,person,236,0.8916,714.27,95.1,772.8,196.18
259,8.633,person,person,8,0.6381,775.77,20.85,805.37,79.33
259,8.633,ball,sports ball,114,0.6205,1023.25,273.52,1033.94,281.67
260,8.667,person,person,1,0.8999,1039.25,277.58,1145.89,442.89
260,8.667,person,person,2,0.6986,966.99,10.83,999.8,67.0
260,8.667,person,person,6,0.7748,137.07,217.2,197.67,291.91
260,8.667,person,person,10,0.695,378.82,78.66,409.98,130.81
260,8.667,person,person,139,0.911,557.26,396.77,686.18,574.6
260,8.667,person,person,176,0.7765,1080.21,58.4,1129.39,130.27
260,8.667,person,person,226,0.3174,62.79,430.12,100.46,478.52
260,8.667,person,person,236,0.8698,716.3,94.97,775.31,195.29
260,8.667,person,person,8,0.6369,776.91,20.93,806.46,79.09
260,8.667,ball,sports ball,114,0.6124,1023.24,273.51,1033.95,281.68
261,8.7,person,person,1,0.8991,1042.03,277.41,1147.55,443.07
261,8.7,person,person,2,0.7036,966.64,10.71,999.4,66.85
261,8.7,person,person,6,0.778,137.1,217.22,197.74,291.94
261,8.7,person,person,10,0.6947,378.92,78.67,409.95,130.81
261,8.7,person,person,139,0.9112,557.89,396.78,685.66,574.65
261,8.7,person,person,176,0.7799,1078.89,58.57,1128.12,129.26
261,8.7,person,person,226,0.3086,62.71,430.04,100.57,478.62
261,8.7,person,person,236,0.8719,716.72,94.94,776.4,194.97
261,8.7,person,person,8,0.6422,777.33,20.97,806.95,79.01
261,8.7,ball,sports ball,114,0.6166,1023.25,273.52,1033.94,281.68
262,8.733,person,person,1,0.8947,1048.36,276.47,1152.11,442.7
262,8.733,person,person,2,0.6789,966.76,10.0,999.56,66.7
262,8.733,person,person,6,0.7701,136.93,216.99,197.78,291.94
262,8.733,person,person,10,0.6648,379.43,78.7,410.32,130.66
262,8.733,person,person,139,0.9122,558.79,396.72,685.71,574.74
262,8.733,person,person,176,0.7635,1074.26,59.12,1122.19,127.48
262,8.733,person,person,226,0.3175,62.72,430.03,100.57,478.52
262,8.733,person,person,236,0.7326,718.73,94.91,778.22,193.92
262,8.733,person,person,8,0.5698,778.18,21.03,807.85,78.63
262,8.733,ball,sports ball,114,0.5766,1023.26,273.52,1033.94,281.69
262,8.733,racket,tennis racket,286,0.3757,633.78,442.72,663.81,471.1
263,8.767,person,person,1,0.894,1055.94,275.88,1157.26,442.66
263,8.767,person,person,2,0.7003,966.55,9.7,999.0,66.41
263,8.767,person,person,6,0.7624,136.83,216.99,197.72,291.94
263,8.767,person,person,10,0.6282,379.78,78.72,410.62,130.67
263,8.767,person,person,139,0.9092,560.84,396.78,687.07,574.78
263,8.767,person,person,176,0.789,1069.36,59.51,1115.6,126.5
263,8.767,person,person,226,0.3215,62.77,430.03,100.54,478.34
263,8.767,person,person,236,0.8136,721.49,94.53,780.39,192.87
263,8.767,person,person,8,0.5526,778.96,20.61,809.24,78.81
263,8.767,ball,sports ball,114,0.5835,1023.28,273.53,1033.91,281.67
263,8.767,racket,tennis racket,286,0.5891,632.89,442.08,663.4,470.93
264,8.8,person,person,1,0.9095,1060.34,275.34,1159.39,442.58
264,8.8,person,person,2,0.7143,966.1,9.68,998.08,66.24
264,8.8,person,person,6,0.7844,137.13,217.18,197.83,291.93
264,8.8,person,person,10,0.6515,380.43,78.64,411.38,130.56
264,8.8,person,person,139,0.9087,563.12,396.75,688.88,574.68
264,8.8,person,person,176,0.8107,1062.44,59.71,1108.21,126.9
264,8.8,person,person,226,0.3098,62.87,429.98,100.66,478.26
264,8.8,person,person,236,0.8418,726.35,94.11,784.13,192.41
264,8.8,person,person,8,0.5481,779.89,20.6,810.43,78.6
264,8.8,ball,sports ball,114,0.5651,1023.31,273.59,1033.86,281.66
264,8.8,racket,tennis racket,286,0.5614,633.75,442.81,664.64,472.09
265,8.833,person,person,1,0.9104,1063.25,274.6,1160.36,442.45
265,8.833,person,person,2,0.7304,965.75,9.89,997.29,66.33
265,8.833,person,person,6,0.7959,137.44,217.23,198.01,291.9
265,8.833,person,person,10,0.662,380.96,78.65,412.05,130.54
265,8.833,person,person,139,0.908,565.14,396.08,691.04,574.98
265,8.833,person,person,176,0.8546,1055.78,59.41,1102.03,127.52
265,8.833,person,person,226,0.3113,62.89,430.09,100.67,478.32
265,8.833,person,person,236,0.8613,729.54,93.33,786.55,191.96
265,8.833,person,person,8,0.5295,780.53,20.55,811.36,78.65
265,8.833,ball,sports ball,114,0.5869,1023.33,273.62,1033.84,281.66
265,8.833,racket,tennis racket,286,0.5778,635.05,444.43,667.39,475.16
265,8.833,racket,tennis racket,288,0.4357,633.15,444.63,677.28,481.24
266,8.867,person,person,1,0.9141,1065.55,274.23,1161.0,442.37
266,8.867,person,person,2,0.7285,965.76,9.72,997.0,66.19
266,8.867,person,person,6,0.8002,137.81,217.15,198.26,291.82
266,8.867,person,person,10,0.6634,382.09,78.78,413.47,130.44
266,8.867,person,person,139,0.9099,568.31,395.41,694.18,574.95
266,8.867,person,person,176,0.8191,1051.44,58.52,1098.58,127.81
266,8.867,person,person,226,0.305,62.91,429.9,100.75,478.18
266,8.867,person,person,236,0.8435,730.59,92.57,786.67,191.46
266,8.867,person,person,8,0.4903,781.17,20.66,812.16,78.61
266,8.867,ball,sports ball,114,0.6048,1023.33,273.59,1033.88,281.67
266,8.867,racket,tennis racket,286,0.6191,636.74,445.71,666.91,474.62
266,8.867,racket,tennis racket,288,0.4451,633.98,445.32,679.18,482.99
267,8.9,person,person,1,0.9145,1066.76,274.1,1160.62,442.35
267,8.9,person,person,2,0.7309,965.9,9.69,996.79,66.05
267,8.9,person,person,6,0.798,137.99,217.1,198.35,291.8
267,8.9,person,person,10,0.6578,382.48,78.78,414.25,130.42
267,8.9,person,person,139,0.9096,569.62,395.18,695.21,574.95
267,8.9,person,person,176,0.8202,1050.03,58.23,1097.54,127.93
267,8.9,person,person,226,0.3081,62.9,429.99,100.71,478.17
267,8.9,person,person,236,0.8428,731.13,92.32,786.29,191.28
267,8.9,person,person,8,0.4757,781.34,20.76,812.46,78.6
267,8.9,ball,sports ball,114,0.5909,1023.3,273.55,1033.9,281.69
267,8.9,racket,tennis racket,286,0.6204,637.5,446.22,666.46,474.22
267,8.9,racket,tennis racket,288,0.44,634.44,445.66,679.69,483.63
267,8.9,racket,tennis racket,289,0.3079,770.69,148.42,789.06,162.51
268,8.933,person,person,1,0.9167,1067.62,273.87,1160.28,442.43
268,8.933,person,person,2,0.7619,965.68,9.87,996.14,66.22
268,8.933,person,person,6,0.7824,138.02,217.02,198.31,291.77
268,8.933,person,person,10,0.6699,383.11,78.38,415.89,130.9
268,8.933,person,person,139,0.9051,572.62,395.17,697.92,574.94
268,8.933,person,person,176,0.8153,1048.02,57.71,1095.86,127.38
268,8.933,person,person,226,0.3106,62.84,429.8,100.78,478.13
268,8.933,person,person,236,0.8505,731.88,92.22,786.2,191.31
268,8.933,person,person,8,0.4699,781.46,20.46,812.93,78.81
268,8.933,ball,sports ball,114,0.5867,1023.29,273.57,1033.87,281.68
268,8.933,racket,tennis racket,286,0.5737,639.79,446.32,668.09,473.88
268,8.933,racket,tennis racket,288,0.2675,636.46,446.02,681.87,484.47
269,8.967,person,person,1,0.9117,1068.37,273.53,1160.14,442.28
269,8.967,person,person,2,0.766,965.56,9.92,995.54,66.16
269,8.967,person,person,6,0.7853,138.08,217.03,198.29,291.78
269,8.967,person,person,10,0.5857,383.46,78.05,417.13,131.31
269,8.967,person,person,139,0.9146,575.22,394.62,700.55,575.19
269,8.967,person,person,176,0.78,1045.93,56.95,1093.92,126.49
269,8.967,person,person,226,0.32,62.8,429.94,100.75,478.28
269,8.967,person,person,236,0.8146,734.6,92.14,788.59,191.34
269,8.967,person,person,8,0.5212,781.72,20.21,813.6,79.01
269,8.967,ball,sports ball,114,0.5846,1023.3,273.58,1033.85,281.66
269,8.967,racket,tennis racket,286,0.515,642.9,446.48,670.38,473.52
270,9.0,person,person,1,0.9097,1069.23,272.82,1160.6,441.9
270,9.0,person,person,2,0.771,966.05,9.73,995.61,66.14
270,9.0,person,person,6,0.7719,137.02,216.76,197.57,291.89
270,9.0,person,person,10,0.536,385.38,77.92,419.37,131.05
270,9.0,person,person,139,0.919,577.57,394.87,701.7,574.84
270,9.0,person,person,176,0.7729,1044.32,56.33,1092.24,126.03
270,9.0,person,person,226,0.3285,63.02,426.23,104.96,479.58
270,9.0,person,person,236,0.8078,738.12,91.35,792.6,191.26
270,9.0,person,person,8,0.5969,782.01,19.28,814.18,78.33
270,9.0,ball,sports ball,114,0.5865,1023.26,273.52,1033.79,281.6
271,9.033,person,person,1,0.909,1069.75,271.83,1160.97,441.37
271,9.033,person,person,2,0.7668,966.52,9.71,995.68,66.26
271,9.033,person,person,6,0.7777,136.66,216.73,197.32,291.95
271,9.033,person,person,10,0.4569,386.6,77.73,420.84,130.94
271,9.033,person,person,139,0.9196,578.92,394.93,701.31,573.19
271,9.033,person,person,176,0.7267,1043.84,55.91,1090.83,125.06
271,9.033,person,person,226,0.329,63.14,424.89,106.36,479.78
271,9.033,person,person,236,0.7643,740.68,90.95,795.35,191.29
271,9.033,person,person,8,0.6409,782.14,18.89,814.53,78.22
271,9.033,ball,sports ball,114,0.6019,1023.26,273.52,1033.77,281.58
271,9.033,person,person,295,0.4164,205.51,114.53,229.87,191.02
271,9.033,person,person,296,0.3056,1430.95,55.4,1470.81,87.43
272,9.067,person,person,1,0.9148,1070.77,270.43,1161.68,439.52
272,9.067,person,person,2,0.7563,967.23,9.94,995.91,66.22
272,9.067,person,person,6,0.7841,136.63,216.87,197.19,291.92
272,9.067,person,person,10,0.6298,387.21,76.93,422.01,130.94
272,9.067,person,person,139,0.9142,579.87,394.48,700.87,571.45
272,9.067,person,person,176,0.7729,1042.83,55.0,1090.27,125.87
272,9.067,person,person,226,0.3359,63.1,424.42,106.89,479.99
272,9.067,person,person,236,0.7803,742.2,90.51,796.99,191.35
272,9.067,person,person,8,0.6565,782.34,18.65,814.85,78.1
272,9.067,ball,sports ball,114,0.6082,1023.25,273.53,1033.74,281.58
272,9.067,person,person,295,0.358,205.21,114.16,229.52,190.5
272,9.067,person,person,296,0.3147,1430.97,55.34,1470.84,87.38
273,9.1,person,person,1,0.9149,1071.09,269.88,1161.86,438.82
273,9.1,person,person,2,0.7577,967.59,10.04,995.9,66.2
273,9.1,person,person,6,0.7876,136.63,216.95,197.13,291.88
273,9.1,person,person,10,0.6274,387.45,76.62,422.49,130.92
273,9.1,person,person,139,0.9108,580.3,394.36,700.49,570.78
273,9.1,person,person,176,0.7775,1042.69,54.69,1089.9,126.16
273,9.1,person,person,226,0.3679,63.34,424.21,106.97,479.46
273,9.1,person,person,236,0.7807,742.67,90.35,797.41,191.39
273,9.1,person,person,8,0.6569,782.44,18.58,815.03,78.06
273,9.1,ball,sports ball,114,0.6092,1023.23,273.53,1033.73,281.59
273,9.1,person,person,295,0.3435,205.11,113.95,229.41,190.32
273,9.1,person,person,296,0.3098,1430.99,55.35,1470.83,87.37
273,9.1,racket,tennis racket,300,0.4051,775.1,129.82,806.32,151.98
274,9.133,person,person,1,0.9143,1072.6,268.61,1163.36,436.98
274,9.133,person,person,2,0.7203,968.19,9.86,996.39,66.06
274,9.133,person,person,6,0.7275,136.29,216.42,197.28,291.96
274,9.133,person,person,10,0.6341,387.64,75.97,423.07,131.05
274,9.133,person,person,139,0.9049,583.2,392.91,702.72,570.06
274,9.133,person,person,176,0.7927,1041.05,53.93,1087.8,125.92
274,9.133,person,person,226,0.3197,63.36,424.13,107.24,479.59
274,9.133,person,person,236,0.7388,744.66,90.31,799.11,191.14
274,9.133,person,person,8,0.6648,782.73,18.64,815.13,77.74
274,9.133,ball,sports ball,114,0.6132,1023.21,273.52,1033.69,281.56
274,9.133,person,person,295,0.4499,205.18,114.63,229.32,190.52
274,9.133,person,person,296,0.2855,1430.64,55.35,1471.28,88.05
275,9.167,person,person,1,0.9173,1074.88,266.42,1165.45,433.48
275,9.167,person,person,2,0.7219,968.36,9.33,996.89,66.25
275,9.167,person,person,6,0.7113,135.87,215.42,197.57,291.95
275,9.167,person,person,10,0.6062,387.81,76.22,423.16,131.37
275,9.167,person,person,139,0.8923,587.68,390.95,706.35,569.74
275,9.167,person,person,176,0.7921,1039.75,52.99,1085.91,125.23
275,9.167,person,person,226,0.3675,63.64,424.1,107.19,478.98
275,9.167,person,person,236,0.7566,746.95,90.05,801.58,191.0
275,9.167,person,person,8,0.6486,782.55,18.52,814.92,77.69
275,9.167,ball,sports ball,114,0.6375,1023.21,273.51,1033.67,281.52
275,9.167,person,person,295,0.4397,205.16,114.99,229.22,190.62
275,9.167,person,person,296,0.2766,1430.52,55.32,1471.43,88.28
275,9.167,ball,sports ball,303,0.6134,786.98,167.32,799.16,179.57
276,9.2,person,person,1,0.9121,1078.9,265.09,1168.21,428.32
276,9.2,person,person,2,0.7282,968.94,9.52,997.46,66.54
276,9.2,person,person,6,0.6188,136.31,215.61,197.73,291.97
276,9.2,person,person,10,0.6192,388.09,75.63,423.6,131.27
276,9.2,person,person,139,0.9053,590.72,388.97,708.94,570.02
276,9.2,person,person,176,0.8116,1037.45,51.7,1083.45,124.49
276,9.2,person,person,226,0.324,63.37,424.16,107.48,479.71
276,9.2,person,person,236,0.7998,748.64,89.68,803.23,190.45
276,9.2,person,person,8,0.6587,782.88,18.6,814.81,76.94
276,9.2,ball,sports ball,114,0.6094,1023.22,273.52,1033.6,281.47
276,9.2,person,person,295,0.4232,205.25,115.1,229.25,190.56
276,9.2,person,person,296,0.2811,1430.48,55.33,1471.49,88.41
276,9.2,ball,sports ball,303,0.4954,787.57,167.0,799.76,179.25
277,9.233,person,person,1,0.9054,1083.82,263.98,1172.25,424.87
277,9.233,person,person,2,0.7186,969.06,9.34,997.76,66.52
277,9.233,person,person,6,0.4795,137.82,215.95,198.27,291.67
277,9.233,person,person,10,0.6415,388.19,75.41,423.66,131.18
277,9.233,person,person,139,0.8902,592.51,386.47,710.28,569.84
277,9.233,person,person,176,0.8336,1037.83,49.97,1083.13,122.58
277,9.233,person,person,226,0.3441,63.47,424.13,107.51,479.52
277,9.233,person,person,236,0.7643,751.38,89.13,806.22,190.1
277,9.233,person,person,8,0.6792,783.2,18.26,815.15,76.56
277,9.233,ball,sports ball,114,0.5652,1023.23,273.54,1033.53,281.43
277,9.233,person,person,295,0.4264,205.45,115.22,229.62,191.21
277,9.233,person,person,296,0.2605,1430.39,55.32,1471.5,88.53
277,9.233,ball,sports ball,303,0.4272,788.2,167.23,800.11,179.18
277,9.233,racket,tennis racket,310,0.3641,797.16,134.36,815.58,149.47
278,9.267,person,person,1,0.9088,1088.43,262.99,1176.63,423.38
278,9.267,person,person,2,0.7204,969.43,9.59,998.09,66.53
278,9.267,person,person,6,0.54,139.06,216.27,198.67,291.58
278,9.267,person,person,10,0.6495,388.22,75.19,423.74,131.2
278,9.267,person,person,139,0.8774,594.31,384.72,711.47,570.02
278,9.267,person,person,176,0.8028,1038.58,47.64,1084.45,121.6
278,9.267,person,person,226,0.3839,63.84,424.12,107.52,478.87
278,9.267,person,person,236,0.8339,752.22,88.58,806.6,189.49
278,9.267,person,person,8,0.6689,783.82,18.11,815.55,75.72
278,9.267,ball,sports ball,114,0.5487,1023.2,273.52,1033.53,281.43
278,9.267,person,person,295,0.4123,205.48,115.26,229.74,191.51
278,9.267,racket,tennis racket,310,0.5522,800.97,135.45,817.72,149.15
279,9.3,person,person,1,0.9093,1090.03,262.64,1178.19,422.93
279,9.3,person,person,2,0.7187,969.57,9.69,998.24,66.5
279,9.3,person,person,6,0.5531,139.72,216.38,198.74,291.55
279,9.3,person,person,10,0.6485,388.19,75.13,423.67,131.23
279,9.3,person,person,139,0.8793,595.46,384.09,711.4,570.11
279,9.3,person,person,176,0.8028,1038.9,46.78,1084.85,121.24
279,9.3,person,person,226,0.3774,63.86,424.15,107.52,478.72
279,9.3,person,person,236,0.834,752.59,88.38,806.58,189.29
279,9.3,person,person,8,0.6703,783.99,18.04,815.74,75.42
279,9.3,ball,sports ball,114,0.5545,1023.18,273.5,1033.52,281.42
279,9.3,person,person,295,0.4266,205.5,115.25,229.81,191.66
279,9.3,racket,tennis racket,310,0.5467,802.2,135.77,818.53,149.06
280,9.333,person,person,1,0.8952,1092.79,262.42,1180.34,421.73
280,9.333,person,person,2,0.691,969.45,9.66,998.2,66.45
280,9.333,person,person,6,0.5026,140.36,216.36,198.86,291.54
280,9.333,person,person,10,0.6366,388.21,75.11,423.63,131.25
280,9.333,person,person,139,0.8811,596.99,383.1,711.98,569.89
280,9.333,person,person,176,0.7693,1039.56,44.97,1085.65,120.12
280,9.333,person,person,226,0.3998,63.88,424.16,107.43,478.45
280,9.333,person,person,236,0.8205,753.53,87.43,807.22,188.72
280,9.333,person,person,8,0.6846,784.66,17.95,816.19,74.89
280,9.333,ball,sports ball,114,0.537,1023.19,273.52,1033.5,281.41
280,9.333,person,person,295,0.45,205.61,115.56,229.82,191.59
280,9.333,racket,tennis racket,310,0.3842,801.82,134.52,819.4,148.77
281,9.367,person,person,1,0.8875,1096.28,262.13,1182.98,420.3
281,9.367,person,person,2,0.7249,969.57,9.69,998.48,66.43
281,9.367,person,person,6,0.5161,140.65,215.74,199.08,291.56
281,9.367,person,person,10,0.5912,388.48,75.05,423.35,130.37
281,9.367,person,person,139,0.8934,598.26,381.85,712.36,569.34
281,9.367,person,person,176,0.7775,1040.82,43.13,1086.99,118.7
281,9.367,person,person,226,0.3963,63.79,424.18,107.28,478.34
281,9.367,person,person,236,0.8042,756.08,86.72,808.43,185.94
281,9.367,person,person,8,0.6524,784.92,17.96,816.09,74.13
281,9.367,ball,sports ball,114,0.5268,1023.21,273.53,1033.49,281.4
281,9.367,person,person,295,0.4178,205.57,115.94,229.66,191.55
281,9.367,racket,tennis racket,310,0.298,801.04,133.15,820.57,148.95
281,9.367,person,person,296,0.2513,1430.59,55.36,1471.17,88.18
282,9.4,person,person,1,0.8962,1098.67,261.44,1184.68,418.67
282,9.4,person,person,2,0.731,970.21,9.83,999.27,66.34
282,9.4,person,person,6,0.5892,139.22,213.32,199.34,291.96
282,9.4,person,person,10,0.5618,388.67,76.18,422.46,129.53
282,9.4,person,person,139,0.8993,599.63,380.77,712.62,568.34
282,9.4,person,person,176,0.7501,1040.48,41.63,1086.62,116.87
282,9.4,person,person,226,0.3763,63.61,424.21,107.25,478.51
282,9.4,person,person,236,0.7915,757.96,86.21,809.15,184.11
282,9.4,person,person,8,0.6342,785.22,17.97,816.66,74.75
282,9.4,ball,sports ball,114,0.5016,1023.19,273.53,1033.5,281.42
282,9.4,person,person,295,0.4227,205.29,115.89,229.16,190.73
282,9.4,person,person,296,0.2548,1430.6,55.36,1471.15,88.2
283,9.433,person,person,1,0.9009,1100.92,260.95,1186.21,417.57
283,9.433,person,person,2,0.7582,971.1,10.03,999.62,65.45
283,9.433,person,person,6,0.7176,139.63,214.48,198.71,292.08
283,9.433,person,person,10,0.5415,388.56,76.58,422.02,129.15
283,9.433,person,person,139,0.9053,601.07,379.97,712.09,565.98
283,9.433,person,person,176,0.7855,1038.18,39.67,1084.62,114.61
283,9.433,person,person,226,0.3752,63.39,424.24,107.36,479.0
283,9.433,person,person,236,0.799,759.37,85.29,809.61,182.43
283,9.433,person,person,8,0.7087,785.74,18.08,817.08,74.9
283,9.433,ball,sports ball,114,0.517,1023.17,273.52,1033.53,281.46
283,9.433,person,person,295,0.4104,204.69,115.82,228.66,190.52
283,9.433,racket,tennis racket,316,0.3513,788.86,119.85,822.71,148.92
284,9.467,person,person,1,0.8992,1102.89,260.26,1187.82,416.93
284,9.467,person,person,2,0.7242,971.16,7.32,1000.73,65.2
284,9.467,person,person,6,0.6656,137.6,211.16,198.87,292.14
284,9.467,person,person,10,0.4725,387.57,76.74,421.19,129.21
284,9.467,person,person,139,0.9097,602.86,378.95,711.69,562.57
284,9.467,person,person,176,0.8171,1038.66,39.34,1083.65,112.72
284,9.467,person,person,226,0.3476,63.25,424.2,107.47,479.31
284,9.467,person,person,236,0.824,760.9,84.78,810.64,181.84
284,9.467,person,person,8,0.6788,785.9,18.0,817.52,75.27
284,9.467,ball,sports ball,114,0.5073,1023.14,273.53,1033.54,281.49
284,9.467,person,person,295,0.4133,204.44,115.71,228.57,190.57
284,9.467,racket,tennis racket,310,0.442,798.47,129.84,822.57,149.32
285,9.5,person,person,1,0.8994,1103.61,260.03,1188.22,416.76
285,9.5,person,person,2,0.7257,971.27,6.4,1001.05,65.1
285,9.5,person,person,6,0.6747,136.91,209.97,198.78,292.16
285,9.5,person,person,10,0.4709,387.2,76.79,420.99,129.2
285,9.5,person,person,139,0.91,603.68,378.6,711.28,561.3
285,9.5,person,person,176,0.8171,1039.01,39.28,1083.21,112.04
285,9.5,person,person,226,0.3452,63.2,424.19,107.56,479.52
285,9.5,person,person,236,0.8221,761.52,84.61,810.83,181.64
285,9.5,person,person,8,0.6759,785.86,17.96,817.64,75.43
285,9.5,ball,sports ball,114,0.5017,1023.13,273.52,1033.57,281.51
285,9.5,person,person,295,0.4132,204.33,115.66,228.59,190.58
285,9.5,racket,tennis racket,310,0.4399,798.26,129.57,822.79,149.37
286,9.533,person,person,1,0.8997,1104.98,260.3,1189.07,416.51
286,9.533,person,person,2,0.7329,972.0,8.58,1000.55,64.66
286,9.533,person,person,6,0.6881,137.26,212.06,197.66,292.21
286,9.533,person,person,10,0.2968,387.29,77.62,421.1,129.16
286,9.533,person,person,139,0.8915,604.96,378.12,710.48,558.27
286,9.533,person,person,176,0.8324,1039.27,39.02,1082.49,111.09
286,9.533,person,person,226,0.2921,62.5,423.66,107.02,479.64
286,9.533,person,person,236,0.8167,762.81,84.13,811.73,180.98
286,9.533,person,person,8,0.6709,786.24,17.92,818.01,75.49
286,9.533,ball,sports ball,114,0.5375,1023.05,273.47,1033.62,281.58
286,9.533,person,person,295,0.421,204.32,115.56,228.65,190.51
286,9.533,racket,tennis racket,310,0.3459,797.71,128.58,823.06,149.01
287,9.567,person,person,1,0.9013,1106.41,260.75,1190.01,416.41
287,9.567,person,person,2,0.7022,972.71,9.3,1000.85,64.3
287,9.567,person,person,6,0.7171,137.96,214.88,196.39,291.99
287,9.567,person,person,10,0.3587,384.89,78.59,418.54,129.64
287,9.567,person,person,139,0.8954,607.15,377.34,710.17,553.83
287,9.567,person,person,176,0.8202,1039.43,38.96,1080.8,108.8
287,9.567,person,person,226,0.3182,63.03,424.02,107.2,479.51
287,9.567,person,person,236,0.8249,764.57,83.62,813.36,180.47
287,9.567,person,person,8,0.6636,786.74,17.83,818.53,75.64
287,9.567,ball,sports ball,114,0.5067,1023.03,273.45,1033.6,281.57
287,9.567,person,person,295,0.4131,204.28,115.69,228.67,190.43
288,9.6,person,person,1,0.9071,1107.35,260.98,1190.62,416.4
288,9.6,person,person,2,0.7215,973.91,9.62,1001.8,64.06
288,9.6,person,person,6,0.7133,138.08,216.57,195.43,291.61
288,9.6,person,person,10,0.3836,381.31,78.47,415.14,129.91
288,9.6,person,person,139,0.9085,611.62,375.99,714.0,550.61
288,9.6,person,person,176,0.8008,1039.79,39.01,1080.11,107.79
288,9.6,person,person,226,0.3533,63.38,424.12,107.12,479.0
288,9.6,person,person,236,0.7812,765.83,83.03,814.72,180.52
288,9.6,person,person,8,0.6573,787.16,17.92,818.74,75.58
288,9.6,ball,sports ball,114,0.5088,1023.04,273.45,1033.59,281.58
288,9.6,person,person,295,0.4189,204.22,115.83,228.7,190.52
288,9.6,racket,tennis racket,310,0.2619,795.35,124.43,825.31,148.96
289,9.633,person,person,1,0.9016,1107.61,261.04,1190.52,416.11
289,9.633,person,person,2,0.6652,974.89,10.09,1002.22,63.21
289,9.633,person,person,6,0.605,137.91,218.01,194.69,291.45
289,9.633,person,person,139,0.9143,617.74,374.95,721.26,549.12
289,9.633,person,person,176,0.7863,1039.7,39.59,1079.49,108.0
289,9.633,person,person,226,0.4116,63.66,424.22,107.14,478.68
289,9.633,person,person,236,0.8039,768.46,82.67,817.8,180.49
289,9.633,person,person,8,0.6159,787.7,17.77,819.12,75.35
289,9.633,ball,sports ball,114,0.4945,1023.06,273.46,1033.56,281.57
289,9.633,person,person,295,0.4028,204.11,115.79,228.68,190.53
289,9.633,person,person,319,0.425,1004.89,0.0,1021.39,12.1
290,9.667,person,person,1,0.901,1107.73,260.86,1190.57,415.78
290,9.667,person,person,2,0.6908,975.48,10.24,1002.96,63.69
290,9.667,person,person,6,0.5857,138.27,219.16,194.39,290.94
290,9.667,person,person,139,0.9096,621.89,374.05,727.33,549.16
290,9.667,person,person,176,0.7595,1039.87,39.61,1079.85,108.63
290,9.667,person,person,226,0.3487,63.52,424.36,107.43,479.34
290,9.667,person,person,236,0.7395,769.19,82.48,818.08,180.51
290,9.667,person,person,8,0.5775,787.99,17.52,819.58,75.54
290,9.667,ball,sports ball,114,0.5203,1023.07,273.46,1033.57,281.57
290,9.667,person,person,295,0.392,204.08,115.79,228.68,190.49
290,9.667,person,person,319,0.4065,1005.65,0.0,1022.17,12.06
290,9.667,racket,tennis racket,321,0.3468,1170.95,324.81,1191.05,352.82
291,9.7,person,person,1,0.9008,1107.71,260.79,1190.54,415.69
291,9.7,person,person,2,0.6923,975.71,10.31,1003.26,63.92
291,9.7,person,person,6,0.5912,138.27,219.59,194.49,290.77
291,9.7,person,person,139,0.9094,623.01,373.77,729.89,549.22
291,9.7,person,person,176,0.7593,1040.02,39.59,1080.02,108.91
291,9.7,person,person,226,0.3489,63.5,424.37,107.57,479.51
291,9.7,person,person,236,0.7347,769.73,82.42,818.22,180.56
291,9.7,person,person,8,0.583,788.07,17.42,819.69,75.6
291,9.7,ball,sports ball,114,0.5188,1023.07,273.45,1033.58,281.58
291,9.7,person,person,295,0.3883,204.08,115.9,228.69,190.45
291,9.7,person,person,319,0.4058,1005.88,0.0,1022.44,12.03
291,9.7,racket,tennis racket,321,0.3694,1171.08,324.63,1191.2,352.71
292,9.733,person,person,1,0.9059,1107.28,260.42,1190.58,415.85
292,9.733,person,person,2,0.6607,975.84,10.22,1003.47,63.96
292,9.733,person,person,6,0.5345,138.16,219.69,194.46,290.38
292,9.733,person,person,139,0.9116,623.71,373.49,731.82,549.53
292,9.733,person,person,176,0.7143,1040.44,39.88,1079.7,108.15
292,9.733,person,person,226,0.3557,63.53,424.39,107.57,479.44
292,9.733,person,person,236,0.8004,772.69,82.42,821.25,180.48
292,9.733,person,person,8,0.6126,788.27,17.28,820.05,75.77
292,9.733,ball,sports ball,114,0.5257,1023.08,273.45,1033.59,281.59
292,9.733,person,person,295,0.3686,203.71,116.05,228.39,190.42
292,9.733,person,person,319,0.4398,1005.84,0.0,1022.79,12.25
292,9.733,racket,tennis racket,321,0.3633,1172.08,323.35,1190.65,349.18
293,9.767,person,person,1,0.8996,1106.53,259.56,1190.67,416.03
293,9.767,person,person,2,0.6851,977.4,10.6,1004.82,64.05
293,9.767,person,person,6,0.5825,138.52,220.7,194.42,290.12
293,9.767,person,person,139,0.9159,624.87,373.6,733.57,549.69
293,9.767,person,person,176,0.7853,1039.95,37.05,1080.74,108.7
293,9.767,person,person,226,0.3734,63.54,424.4,107.43,479.23
293,9.767,person,person,236,0.7991,774.88,82.24,823.25,180.16
293,9.767,person,person,8,0.637,788.97,17.05,821.11,75.91
293,9.767,ball,sports ball,114,0.5244,1023.12,273.47,1033.59,281.57
293,9.767,person,person,295,0.362,203.44,115.97,228.27,190.38
293,9.767,person,person,319,0.4025,1005.99,0.0,1022.94,12.17
293,9.767,racket,tennis racket,321,0.3235,1172.3,321.57,1190.83,347.21
294,9.8,person,person,1,0.9076,1106.09,259.26,1190.76,416.02
294,9.8,person,person,2,0.713,978.44,10.73,1005.84,64.39
294,9.8,person,person,6,0.5312,139.34,219.81,195.76,289.88
294,9.8,person,person,139,0.9151,625.6,373.82,734.48,549.59
294,9.8,person,person,176,0.7988,1039.78,37.8,1079.83,108.9
294,9.8,person,person,226,0.3996,63.55,424.34,107.23,478.85
294,9.8,person,person,236,0.79,776.45,81.87,824.36,179.42
294,9.8,person,person,8,0.6302,789.26,17.08,821.49,75.84
294,9.8,ball,sports ball,114,0.5374,1023.15,273.48,1033.6,281.57
294,9.8,person,person,295,0.3344,203.51,116.07,228.54,190.68
294,9.8,person,person,319,0.3736,1006.13,0.0,1022.86,11.9
295,9.833,person,person,1,0.9065,1105.01,258.97,1190.67,416.98
295,9.833,person,person,2,0.7005,978.82,10.67,1006.39,64.67
295,9.833,person,person,6,0.519,139.25,219.18,196.03,289.6
295,9.833,person,person,139,0.9112,625.57,373.7,734.82,549.51
295,9.833,person,person,176,0.8227,1039.99,39.32,1078.92,109.19
295,9.833,person,person,226,0.3407,63.22,424.4,107.29,479.54
295,9.833,person,person,236,0.8012,777.86,81.65,824.98,178.51
295,9.833,person,person,8,0.626,788.64,16.92,820.89,75.84
295,9.833,ball,sports ball,114,0.533,1023.15,273.44,1033.69,281.6
295,9.833,person,person,295,0.3735,203.61,116.13,228.74,190.75
295,9.833,person,person,319,0.321,1006.07,0.0,1023.11,12.05
296,9.867,person,person,1,0.9078,1104.07,258.92,1190.79,418.42
296,9.867,person,person,2,0.7817,978.65,10.25,1006.7,64.81
296,9.867,person,person,6,0.4724,139.58,220.05,195.68,289.48
296,9.867,person,person,139,0.9039,625.32,373.35,734.86,549.06
296,9.867,person,person,176,0.8211,1039.66,40.23,1077.58,109.19
296,9.867,person,person,226,0.3584,62.94,424.35,107.39,480.02
296,9.867,person,person,236,0.8076,779.46,81.47,825.51,177.31
296,9.867,person,person,8,0.6518,787.63,16.97,819.51,75.81
296,9.867,ball,sports ball,114,0.5334,1023.16,273.46,1033.65,281.58
296,9.867,person,person,295,0.3753,203.63,116.22,228.81,190.74
296,9.867,person,person,319,0.3795,1006.11,0.0,1023.38,12.15
297,9.9,person,person,1,0.9074,1103.6,258.78,1190.85,418.84
297,9.9,person,person,2,0.7808,978.5,10.1,1006.84,64.88
297,9.9,person,person,6,0.4796,139.71,220.41,195.59,289.44
297,9.9,person,person,139,0.9034,625.11,373.25,734.91,548.88
297,9.9,person,person,176,0.8218,1039.66,40.52,1076.99,109.26
297,9.9,person,person,226,0.3403,62.75,424.37,107.53,480.5
297,9.9,person,person,236,0.8085,780.15,81.41,825.5,176.85
297,9.9,person,person,8,0.6529,787.34,16.99,818.89,75.77
297,9.9,ball,sports ball,114,0.5252,1023.15,273.46,1033.64,281.58
297,9.9,person,person,295,0.3779,203.72,116.26,228.93,190.77
297,9.9,person,person,319,0.3745,1006.07,0.0,1023.52,12.2
297,9.9,racket,tennis racket,325,0.355,645.23,476.62,668.41,524.42
297,9.9,racket,tennis racket,326,0.3134,808.45,133.9,825.67,152.43
298,9.933,person,person,1,0.9157,1102.71,258.91,1190.58,420.03
298,9.933,person,person,2,0.8027,979.42,10.04,1007.87,64.74
298,9.933,person,person,6,0.5197,138.07,220.76,194.38,289.64
298,9.933,person,person,139,0.9048,624.29,372.76,734.41,548.24
298,9.933,person,person,176,0.8311,1039.98,40.5,1076.98,109.39
298,9.933,person,person,226,0.3205,61.96,424.43,107.96,482.32
298,9.933,person,person,236,0.8447,781.35,81.23,825.72,175.76
298,9.933,person,person,8,0.638,787.14,16.87,818.44,75.75
298,9.933,ball,sports ball,114,0.5294,1023.15,273.46,1033.63,281.58
298,9.933,person,person,295,0.3771,203.57,116.35,229.01,191.32
298,9.933,person,person,319,0.3836,1006.27,0.01,1023.8,12.21
298,9.933,racket,tennis racket,326,0.4424,809.49,133.72,827.28,152.85
299,9.967,person,person,1,0.9066,1102.7,259.61,1191.48,422.55
299,9.967,person,person,2,0.8242,980.52,10.07,1009.25,65.44
299,9.967,person,person,6,0.519,137.29,220.92,194.01,289.76
299,9.967,person,person,139,0.9113,623.0,371.99,733.66,547.42
299,9.967,person,person,176,0.8164,1041.06,40.1,1078.28,109.43
299,9.967,person,person,226,0.3783,61.84,424.46,107.87,482.4
299,9.967,person,person,236,0.8155,782.92,80.77,825.54,172.8
299,9.967,person,person,8,0.6442,787.21,17.07,818.08,75.65
299,9.967,ball,sports ball,114,0.5372,1023.15,273.46,1033.62,281.57
299,9.967,person,person,295,0.3941,203.5,116.39,229.08,191.58
299,9.967,person,person,319,0.3932,1007.02,0.08,1024.78,12.5
300,10.0,person,person,1,0.909,1102.97,261.01,1192.61,426.11
300,10.0,person,person,2,0.8204,981.75,10.14,1010.73,66.22
300,10.0,person,person,6,0.5177,137.43,221.06,193.87,289.2
300,10.0,person,person,139,0.9024,621.4,371.83,732.61,546.75
300,10.0,person,person,176,0.835,1042.03,40.06,1079.23,109.42
300,10.0,person,person,226,0.3596,62.21,424.4,106.26,479.93
300,10.0,person,person,236,0.8182,783.92,80.54,824.32,168.78
300,10.0,person,person,8,0.6468,787.09,17.27,817.67,75.49
300,10.0,ball,sports ball,114,0.544,1022.93,273.25,1033.55,281.49
300,10.0,person,person,319,0.4063,1008.0,0.09,1025.64,12.6
300,10.0,racket,tennis racket,326,0.3993,812.86,132.85,829.25,150.36
301,10.033,person,person,1,0.9098,1103.65,262.02,1193.42,428.01
301,10.033,person,person,2,0.799,983.19,10.2,1012.2,66.91
301,10.033,person,person,6,0.4884,136.65,220.97,193.39,289.07
301,10.033,person,person,139,0.9007,619.86,372.27,731.18,545.42
301,10.033,person,person,176,0.8211,1042.87,40.16,1080.34,109.99
301,10.033,person,person,226,0.4293,63.0,424.44,106.63,479.12
301,10.033,person,person,236,0.806,785.13,80.3,824.39,167.37
301,10.033,person,person,8,0.6395,786.99,17.29,817.5,75.49
301,10.033,ball,sports ball,114,0.5599,1022.88,273.21,1033.54,281.48
301,10.033,person,person,319,0.3184,1008.99,0.17,1026.69,12.96
301,10.033,racket,tennis racket,326,0.5782,814.33,132.78,829.93,149.27
302,10.067,person,person,1,0.9064,1105.28,262.77,1194.93,429.59
302,10.067,person,person,2,0.7654,984.29,10.0,1013.49,67.45
302,10.067,person,person,6,0.5292,136.65,220.23,193.84,288.82
302,10.067,person,person,139,0.9172,618.72,373.64,728.79,542.06
302,10.067,person,person,176,0.8131,1043.21,40.23,1081.09,110.84
302,10.067,person,person,226,0.4636,63.58,424.24,107.28,478.59
302,10.067,person,person,236,0.8133,786.57,79.92,825.19,167.09
302,10.067,person,person,8,0.6454,786.89,17.44,817.24,75.33
302,10.067,ball,sports ball,114,0.5515,1022.84,273.16,1033.56,281.48
302,10.067,racket,tennis racket,326,0.5218,813.9,129.46,830.79,147.09
303,10.1,person,person,1,0.9064,1106.03,263.03,1195.35,430.15
303,10.1,person,person,2,0.7661,984.71,9.92,1013.88,67.64
303,10.1,person,person,6,0.5318,136.63,219.9,194.05,288.73
303,10.1,person,person,139,0.9174,617.8,374.17,728.33,540.84
303,10.1,person,person,176,0.8113,1043.31,40.23,1081.38,111.18
303,10.1,person,person,226,0.44,63.53,424.17,107.76,478.85
303,10.1,person,person,236,0.8127,787.22,79.8,825.25,167.05
303,10.1,person,person,8,0.6479,786.86,17.47,817.15,75.24
303,10.1,ball,sports ball,114,0.5491,1022.87,273.17,1033.56,281.49
303,10.1,racket,tennis racket,326,0.4999,813.63,128.27,831.21,146.38
304,10.133,person,person,1,0.9062,1107.97,263.43,1196.75,430.76
304,10.133,person,person,2,0.7064,986.0,10.48,1015.24,67.99
304,10.133,person,person,6,0.5685,137.61,218.79,195.04,288.13
304,10.133,person,person,139,0.9119,615.68,375.23,725.31,538.03
304,10.133,person,person,176,0.8162,1043.57,40.23,1082.08,112.04
304,10.133,person,person,226,0.3775,62.95,424.08,108.81,480.7
304,10.133,person,person,236,0.8065,788.2,79.27,825.68,166.94
304,10.133,person,person,8,0.6685,786.62,17.02,816.98,74.89
304,10.133,ball,sports ball,114,0.5025,1022.84,273.15,1033.56,281.5
304,10.133,racket,tennis racket,326,0.4392,813.48,125.69,832.32,144.82
305,10.167,person,person,1,0.9103,1109.8,265.29,1197.71,431.87
305,10.167,person,person,2,0.7197,987.18,11.02,1016.59,68.47
305,10.167,person,person,6,0.5968,138.01,218.58,195.21,288.04
305,10.167,person,person,139,0.8916,612.78,378.08,719.86,535.17
305,10.167,person,person,176,0.8334,1045.6,40.58,1084.24,112.01
305,10.167,person,person,226,0.3784,62.75,424.03,109.41,481.52
305,10.167,person,person,236,0.7652,788.72,79.07,825.75,167.11
305,10.167,person,person,8,0.6519,786.63,16.9,816.99,74.68
305,10.167,ball,sports ball,114,0.4721,1022.88,273.16,1033.54,281.47
305,10.167,racket,tennis racket,326,0.3738,813.33,124.54,832.69,143.83
306,10.2,person,person,1,0.901,1110.94,266.29,1198.16,432.04
306,10.2,person,person,2,0.7566,988.42,11.36,1018.16,68.94
306,10.2,person,person,6,0.6141,138.0,218.08,195.21,287.95
306,10.2,person,person,139,0.8906,607.86,380.45,712.17,532.66
306,10.2,person,person,176,0.8265,1047.32,41.86,1086.05,112.92
306,10.2,person,person,226,0.3584,63.53,423.99,109.34,480.22
306,10.2,person,person,236,0.7284,789.57,78.99,825.94,167.12
306,10.2,person,person,8,0.6403,786.6,16.77,817.09,74.66
306,10.2,ball,sports ball,114,0.473,1022.92,273.18,1033.51,281.44
307,10.233,person,person,1,0.9,1110.41,266.34,1197.84,432.14
307,10.233,person,person,2,0.7007,988.98,12.05,1018.64,68.84
307,10.233,person,person,6,0.6185,137.73,217.08,195.29,287.79
307,10.233,person,person,139,0.9094,603.16,382.95,704.54,530.33
307,10.233,person,person,176,0.8243,1048.27,42.68,1087.18,113.52
307,10.233,person,person,226,0.3602,63.96,423.96,109.26,479.29
307,10.233,person,person,236,0.6686,790.1,78.5,826.1,166.9
307,10.233,person,person,8,0.6337,786.37,16.72,817.1,74.84
307,10.233,ball,sports ball,114,0.4588,1022.92,273.18,1033.52,281.46
308,10.267,person,person,1,0.8966,1109.91,266.96,1197.67,432.22
308,10.267,person,person,2,0.7111,988.77,11.43,1018.78,68.42
308,10.267,person,person,6,0.6399,138.06,216.8,195.3,287.51
308,10.267,person,person,139,0.8981,598.61,384.25,697.94,528.03
308,10.267,person,person,176,0.816,1048.48,43.54,1087.45,114.06
308,10.267,person,person,226,0.4175,63.98,423.78,109.84,479.35
308,10.267,person,person,236,0.4809,792.04,77.79,827.61,164.82
308,10.267,person,person,8,0.642,787.04,17.1,818.05,74.96
308,10.267,ball,sports ball,114,0.4242,1022.9,273.17,1033.54,281.49
309,10.3,person,person,1,0.8967,1109.48,266.73,1197.82,432.19
309,10.3,person,person,2,0.7073,988.61,11.17,1018.89,68.25
309,10.3,person,person,6,0.6443,138.34,216.75,195.23,287.38
309,10.3,person,person,139,0.8979,596.94,384.68,695.84,527.25
309,10.3,person,person,176,0.8149,1048.48,43.86,1087.59,114.25
309,10.3,person,person,226,0.4124,63.8,423.73,110.17,479.54
309,10.3,person,person,236,0.4775,792.79,77.54,828.31,164.15
309,10.3,person,person,8,0.641,787.21,17.24,818.56,75.02
309,10.3,ball,sports ball,114,0.4175,1022.91,273.15,1033.53,281.46
310,10.333,person,person,1,0.8866,1109.02,266.65,1198.05,432.08
310,10.333,person,person,2,0.7165,988.45,10.67,1019.15,68.0
310,10.333,person,person,6,0.6551,137.83,217.25,194.28,287.3
310,10.333,person,person,139,0.8874,590.83,386.05,689.22,527.88
310,10.333,person,person,176,0.8159,1048.27,44.11,1087.93,115.14
310,10.333,person,person,226,0.3749,63.59,423.69,110.92,480.33
310,10.333,person,person,236,0.7193,792.29,77.56,828.13,166.07
310,10.333,person,person,8,0.6336,786.08,17.24,817.69,74.95
310,10.333,ball,sports ball,114,0.4289,1022.95,273.17,1033.5,281.42
311,10.367,person,person,1,0.8832,1110.92,267.58,1199.94,432.15
311,10.367,person,person,2,0.735,988.77,10.96,1019.64,68.04
311,10.367,person,person,6,0.6393,138.41,217.38,194.66,287.27
311,10.367,person,person,139,0.891,584.84,387.39,683.81,530.12
311,10.367,person,person,176,0.8076,1048.35,44.31,1088.36,115.74
311,10.367,person,person,226,0.4398,63.35,423.91,110.4,479.93
311,10.367,person,person,236,0.7257,792.1,77.58,827.71,166.81
311,10.367,person,person,8,0.6516,786.72,17.46,818.91,75.13
311,10.367,ball,sports ball,114,0.4477,1022.92,273.17,1033.48,281.43
312,10.4,person,person,1,0.8964,1111.75,268.45,1200.9,432.38
312,10.4,person,person,2,0.7496,991.01,11.56,1021.62,68.1
312,10.4,person,person,6,0.5733,138.66,217.72,194.68,287.34
312,10.4,person,person,139,0.9122,578.94,389.26,679.34,533.9
312,10.4,person,person,176,0.806,1048.59,44.82,1088.68,115.99
312,10.4,person,person,226,0.4336,62.85,424.1,110.06,480.22
312,10.4,person,person,236,0.7426,793.05,77.59,828.34,166.96
312,10.4,person,person,8,0.7026,787.36,17.53,820.32,75.29
312,10.4,ball,sports ball,114,0.4344,1022.9,273.17,1033.48,281.44
312,10.4,racket,tennis racket,332,0.5061,621.4,407.63,659.73,438.93
313,10.433,person,person,1,0.903,1113.51,269.0,1202.66,432.57
313,10.433,person,person,2,0.7497,993.01,12.15,1023.18,67.96
313,10.433,person,person,6,0.5492,140.73,217.67,196.37,287.49
313,10.433,person,person,139,0.8975,572.75,392.45,672.96,536.86
313,10.433,person,person,176,0.8682,1049.49,44.73,1089.62,115.69
313,10.433,person,person,226,0.4515,63.13,423.94,110.71,480.19
313,10.433,person,person,236,0.8076,795.31,77.28,830.5,166.03
313,10.433,person,person,8,0.6675,787.33,17.63,820.87,75.31
313,10.433,ball,sports ball,114,0.4275,1022.89,273.17,1033.49,281.45
313,10.433,racket,tennis racket,332,0.6784,617.1,406.29,655.53,437.62
314,10.467,person,person,1,0.9082,1115.48,269.35,1204.46,432.46
314,10.467,person,person,2,0.7139,996.58,12.31,1026.52,68.6
314,10.467,person,person,6,0.522,141.82,216.83,197.44,287.43
314,10.467,person,person,139,0.8923,568.96,394.12,669.23,537.67
314,10.467,person,person,176,0.839,1051.79,44.63,1091.95,115.76
314,10.467,person,person,226,0.4443,64.2,423.27,112.01,479.18
314,10.467,person,person,236,0.8378,796.63,76.58,832.22,165.78
314,10.467,person,person,8,0.686,787.53,17.68,821.33,74.92
314,10.467,ball,sports ball,114,0.4122,1022.87,273.17,1033.42,281.43
314,10.467,racket,tennis racket,332,0.5997,611.19,404.49,654.1,439.37
315,10.5,person,person,1,0.9075,1116.26,269.44,1205.2,432.4
315,10.5,person,person,2,0.7078,998.04,12.33,1027.63,68.84
315,10.5,person,person,6,0.5126,142.33,216.41,197.67,287.4
315,10.5,person,person,139,0.893,567.52,394.73,668.16,537.97
315,10.5,person,person,176,0.8387,1052.64,44.56,1092.78,115.78
315,10.5,person,person,226,0.4448,64.45,423.08,112.79,479.06
315,10.5,person,person,236,0.8384,797.06,76.32,832.91,165.7
315,10.5,person,person,8,0.6724,787.37,17.72,821.55,74.86
315,10.5,ball,sports ball,114,0.4106,1022.85,273.16,1033.33,281.37
315,10.5,racket,tennis racket,332,0.5936,609.26,403.94,653.81,440.03
316,10.533,person,person,1,0.9168,1116.79,269.72,1205.59,432.19
316,10.533,person,person,2,0.7212,999.35,12.72,1028.39,68.94
316,10.533,person,person,6,0.5063,143.16,216.26,197.37,286.4
316,10.533,person,person,139,0.8954,565.02,396.3,665.89,538.3
316,10.533,person,person,176,0.8183,1055.2,44.44,1095.26,116.09
316,10.533,person,person,226,0.452,64.24,423.09,112.81,478.93
316,10.533,person,person,236,0.8448,798.01,75.49,834.4,164.92
316,10.533,person,person,8,0.6626,787.05,17.68,822.0,75.44
316,10.533,ball,sports ball,114,0.4413,1022.83,273.16,1033.3,281.35
316,10.533,racket,tennis racket,332,0.5629,606.13,404.33,645.98,435.93
317,10.567,person,person,1,0.9181,1118.84,270.14,1207.4,432.69
317,10.567,person,person,2,0.6552,999.46,12.64,1029.06,70.28
317,10.567,person,person,6,0.3694,142.43,215.43,196.79,286.16
317,10.567,person,person,139,0.9022,561.37,399.36,662.93,539.61
317,10.567,person,person,176,0.7496,1055.97,44.05,1096.2,116.14
317,10.567,person,person,226,0.4602,63.87,423.16,112.77,479.08
317,10.567,person,person,236,0.8328,798.63,74.64,835.55,164.13
317,10.567,person,person,8,0.6436,786.6,17.81,822.11,76.07
317,10.567,ball,sports ball,114,0.4719,1022.86,273.18,1033.31,281.37
317,10.567,racket,tennis racket,332,0.499,610.05,404.81,648.11,435.07
318,10.6,person,person,1,0.9159,1120.24,270.83,1209.02,434.77
318,10.6,person,person,2,0.6274,1000.89,12.93,1030.73,71.73
318,10.6,person,person,6,0.4623,143.19,216.06,196.56,285.92
318,10.6,person,person,139,0.8971,554.57,402.21,659.48,544.08
318,10.6,person,person,176,0.7086,1054.91,44.06,1096.11,116.39
318,10.6,person,person,226,0.4337,63.16,423.35,112.69,479.91
318,10.6,person,person,236,0.8401,798.58,73.76,836.11,163.4
318,10.6,person,person,8,0.5796,785.97,17.49,821.64,76.06
318,10.6,ball,sports ball,114,0.4121,1022.87,273.19,1033.33,281.38
318,10.6,racket,tennis racket,332,0.5793,608.54,406.19,647.31,437.18
319,10.633,person,person,1,0.9077,1122.08,271.26,1210.96,437.2
319,10.633,person,person,2,0.5811,1002.37,13.03,1031.84,71.91
319,10.633,person,person,6,0.4346,144.33,215.75,197.15,285.57
319,10.633,person,person,139,0.7787,539.28,406.23,645.24,550.1
319,10.633,person,person,176,0.6982,1060.63,43.98,1101.82,117.02
319,10.633,person,person,226,0.428,62.81,423.42,112.29,479.87
319,10.633,person,person,236,0.8095,798.54,72.95,836.43,162.15
319,10.633,person,person,8,0.5821,785.68,16.95,821.36,75.65
319,10.633,ball,sports ball,114,0.4129,1022.87,273.18,1033.3,281.36
319,10.633,racket,tennis racket,332,0.6303,604.76,407.74,643.57,438.91
320,10.667,person,person,1,0.9057,1123.64,271.79,1212.37,439.76
320,10.667,person,person,2,0.6286,1004.34,13.36,1033.03,71.44
320,10.667,person,person,6,0.3781,145.33,215.42,196.93,283.98
320,10.667,person,person,139,0.8556,531.27,409.15,641.13,557.6
320,10.667,person,person,176,0.7064,1063.44,44.11,1104.99,117.96
320,10.667,person,person,226,0.4011,61.93,423.62,111.53,480.54
320,10.667,person,person,236,0.7966,799.14,72.3,836.93,160.02
320,10.667,person,person,8,0.619,785.7,16.49,821.68,75.76
320,10.667,ball,sports ball,114,0.4321,1022.86,273.19,1033.3,281.37
320,10.667,racket,tennis racket,332,0.4842,597.81,409.7,640.93,444.99
321,10.7,person,person,1,0.9056,1124.52,271.98,1212.54,440.74
321,10.7,person,person,2,0.6277,1005.16,13.46,1033.34,71.17
321,10.7,person,person,6,0.3775,145.71,215.26,196.76,283.39
321,10.7,person,person,139,0.8577,528.2,410.17,639.89,560.45
321,10.7,person,person,176,0.7096,1064.55,44.17,1106.15,118.3
321,10.7,person,person,226,0.402,61.74,423.64,111.29,480.79
321,10.7,person,person,236,0.7965,799.21,72.07,837.24,159.24
321,10.7,person,person,8,0.6141,785.41,15.94,821.38,75.36
321,10.7,ball,sports ball,114,0.4276,1022.88,273.21,1033.3,281.37
321,10.7,racket,tennis racket,332,0.5,595.6,410.41,639.67,447.14
322,10.733,person,person,1,0.9052,1125.68,272.81,1212.89,442.36
322,10.733,person,person,2,0.6125,1005.99,13.93,1033.95,71.76
322,10.733,person,person,6,0.4114,146.35,215.32,196.47,282.47
322,10.733,person,person,139,0.8942,515.68,413.29,634.12,575.01
322,10.733,person,person,176,0.7464,1067.1,44.49,1109.07,119.83
322,10.733,person,person,226,0.4301,62.31,423.68,111.34,480.16
322,10.733,person,person,236,0.7812,799.09,72.01,837.3,158.41
322,10.733,person,person,8,0.6567,786.14,16.32,822.37,75.97
322,10.733,ball,sports ball,114,0.4257,1022.85,273.24,1033.34,281.43
322,10.733,racket,tennis racket,332,0.5275,590.28,413.36,635.09,451.56
323,10.767,person,person,1,0.8935,1126.49,273.58,1212.91,443.98
323,10.767,person,person,2,0.6553,1007.64,14.53,1035.16,71.74
323,10.767,person,person,6,0.4108,146.47,214.79,196.61,282.35
323,10.767,person,person,139,0.8936,503.12,417.2,627.87,591.04
323,10.767,person,person,176,0.6795,1067.51,45.59,1109.46,120.41
323,10.767,person,person,226,0.4246,61.76,423.72,111.41,481.37
323,10.767,person,person,236,0.8017,798.54,72.02,837.02,157.79
323,10.767,person,person,8,0.6389,786.33,16.42,823.06,76.8
323,10.767,ball,sports ball,114,0.4128,1022.74,273.29,1033.47,281.69
323,10.767,racket,tennis racket,332,0.4764,586.31,416.56,626.33,451.27
324,10.8,person,person,1,0.8867,1126.87,273.9,1212.62,445.33
324,10.8,person,person,2,0.6939,1009.13,14.2,1036.73,72.03
324,10.8,person,person,6,0.3792,146.15,214.12,196.49,282.27
324,10.8,person,person,139,0.9119,492.01,420.32,624.05,608.27
324,10.8,person,person,176,0.6348,1066.96,46.17,1109.31,120.51
324,10.8,person,person,226,0.4189,61.96,423.72,111.42,481.4
324,10.8,person,person,236,0.8199,798.22,72.13,836.95,157.22
324,10.8,person,person,8,0.5818,786.77,16.95,823.46,77.04
324,10.8,ball,sports ball,114,0.4751,1022.67,273.14,1033.5,281.64
324,10.8,person,person,341,0.4293,127.72,200.13,195.56,282.9
325,10.833,person,person,1,0.8901,1127.35,274.35,1212.28,446.59
325,10.833,person,person,2,0.7105,1010.34,14.35,1037.64,71.96
325,10.833,person,person,6,0.4845,145.88,213.81,196.25,282.2
325,10.833,person,person,139,0.5698,481.6,422.87,617.87,621.57
325,10.833,person,person,176,0.6956,1068.68,46.94,1111.61,121.83
325,10.833,person,person,226,0.4109,62.04,423.72,111.57,481.71
325,10.833,person,person,236,0.8242,797.86,71.62,837.21,156.91
325,10.833,person,person,8,0.5607,787.3,16.59,824.39,77.21
325,10.833,ball,sports ball,114,0.4779,1022.74,273.02,1033.47,281.45
325,10.833,person,person,341,0.2946,128.57,201.54,195.09,282.68
326,10.867,person,person,1,0.8894,1127.13,275.05,1211.08,447.63
326,10.867,person,person,2,0.7186,1011.42,14.22,1038.63,71.91
326,10.867,person,person,6,0.4777,145.75,213.65,196.09,282.18
326,10.867,person,person,139,0.9124,473.06,425.83,610.02,630.1
326,10.867,person,person,176,0.6814,1067.95,47.98,1111.78,122.77
326,10.867,person,person,226,0.4234,62.25,423.7,111.27,481.29
326,10.867,person,person,236,0.8368,797.56,71.12,837.61,156.91
326,10.867,person,person,8,0.5545,788.04,16.87,825.06,77.21
326,10.867,ball,sports ball,114,0.497,1022.74,272.97,1033.45,281.38
326,10.867,person,person,341,0.3133,128.3,200.87,195.24,282.54
326,10.867,racket,tennis racket,345,0.4313,783.37,117.32,797.82,132.99
327,10.9,person,person,1,0.8902,1127.31,275.31,1210.26,447.98
327,10.9,person,person,2,0.7161,1011.83,14.16,1038.93,71.88
327,10.9,person,person,6,0.4781,145.74,213.62,196.0,282.2
327,10.9,person,person,139,0.9121,470.81,427.0,606.3,633.29
327,10.9,person,person,176,0.6904,1067.14,48.29,1111.96,123.2
327,10.9,person,person,226,0.4206,63.08,423.67,110.97,479.85
327,10.9,person,person,236,0.836,797.31,71.01,837.85,156.91
327,10.9,person,person,8,0.5394,788.34,17.07,825.35,77.23
327,10.9,ball,sports ball,114,0.5037,1022.73,272.95,1033.44,281.37
327,10.9,person,person,341,0.3145,128.14,200.5,195.34,282.52
327,10.9,racket,tennis racket,345,0.4436,783.34,117.45,797.71,133.03
327,10.9,racket,tennis racket,347,0.4263,562.21,426.85,592.4,471.06
327,10.9,racket,tennis racket,348,0.3063,782.74,109.62,802.88,133.03
328,10.933,person,person,1,0.8914,1127.43,276.06,1209.02,448.0
328,10.933,person,person,2,0.6858,1013.27,14.35,1040.37,72.72
328,10.933,person,person,6,0.6201,146.29,214.44,195.88,282.31
328,10.933,person,person,139,0.9157,465.29,426.49,599.03,634.75
328,10.933,person,person,176,0.6844,1070.15,48.84,1114.85,123.6
328,10.933,person,person,226,0.4351,62.61,423.76,110.86,480.54
328,10.933,person,person,236,0.8513,797.28,70.98,838.13,156.95
328,10.933,person,person,8,0.6369,788.31,16.82,825.02,76.39
328,10.933,ball,sports ball,114,0.5384,1022.67,272.97,1033.56,281.58
328,10.933,racket,tennis racket,345,0.4643,783.62,117.77,797.77,133.07
328,10.933,racket,tennis racket,348,0.3434,782.59,110.25,802.27,133.11
329,10.967,person,person,1,0.8887,1127.42,276.54,1207.72,447.57
329,10.967,person,person,2,0.6802,1014.46,14.64,1041.45,73.07
329,10.967,person,person,6,0.6235,146.63,214.72,195.91,282.38
329,10.967,person,person,139,0.9078,457.78,421.43,591.8,635.07
329,10.967,person,person,176,0.7721,1071.07,49.02,1115.73,123.6
329,10.967,person,person,226,0.4311,62.46,423.79,110.9,480.99
329,10.967,person,person,236,0.8499,797.22,71.47,838.04,156.71
329,10.967,person,person,8,0.6083,788.39,16.77,825.31,76.7
329,10.967,ball,sports ball,114,0.5346,1022.65,272.94,1033.6,281.64
329,10.967,racket,tennis racket,345,0.4101,783.44,118.17,797.5,133.34
329,10.967,racket,tennis racket,348,0.253,782.26,110.69,801.52,133.08
330,11.0,person,person,1,0.8894,1127.9,277.54,1206.78,447.34
330,11.0,person,person,2,0.77,1015.45,14.42,1042.55,73.13
330,11.0,person,person,6,0.6662,146.62,214.08,196.28,282.46
330,11.0,person,person,139,0.908,450.08,415.19,584.92,634.81
330,11.0,person,person,176,0.7466,1070.65,49.59,1115.49,123.35
330,11.0,person,person,236,0.8341,797.79,72.0,838.5,156.52
330,11.0,person,person,8,0.5765,789.56,17.0,826.43,76.23
330,11.0,ball,sports ball,114,0.3213,1022.72,272.83,1033.98,281.78
330,11.0,racket,tennis racket,345,0.2553,783.17,117.62,797.54,133.11
331,11.033,person,person,1,0.8934,1127.93,278.0,1205.97,447.77
331,11.033,person,person,2,0.7454,1016.85,14.03,1044.12,73.31
331,11.033,person,person,6,0.6469,146.62,213.77,196.32,282.42
331,11.033,person,person,139,0.8949,444.43,410.73,579.97,634.51
331,11.033,person,person,176,0.8406,1072.06,49.69,1117.35,123.8
331,11.033,person,person,236,0.8422,798.04,72.73,838.64,156.51
331,11.033,person,person,8,0.5546,790.18,17.22,827.05,75.9
331,11.033,racket,tennis racket,345,0.3771,783.21,117.4,797.72,133.01
331,11.033,person,person,350,0.4702,66.07,211.88,105.95,258.66
331,11.033,person,person,226,0.2555,63.64,424.04,110.01,478.68
331,11.033,racket,tennis racket,348,0.2866,781.68,109.43,801.6,132.69
332,11.067,person,person,1,0.8894,1128.23,278.49,1205.3,447.79
332,11.067,person,person,2,0.7785,1018.07,13.98,1045.51,73.89
332,11.067,person,person,6,0.6496,146.6,213.67,196.24,282.42
332,11.067,person,person,139,0.8914,439.11,408.15,575.23,634.29
332,11.067,person,person,176,0.8481,1074.89,49.63,1120.34,124.22
332,11.067,person,person,236,0.8477,798.05,73.13,838.71,156.6
332,11.067,person,person,8,0.6187,790.33,16.94,827.46,75.7
332,11.067,racket,tennis racket,345,0.3852,783.46,115.4,799.26,132.41
332,11.067,person,person,350,0.6329,65.24,211.67,105.65,259.09
333,11.1,person,person,1,0.8888,1128.48,278.7,1204.78,447.81
333,11.1,person,person,2,0.7757,1018.44,13.78,1045.97,74.12
333,11.1,person,person,6,0.6491,146.57,213.67,196.11,282.43
333,11.1,person,person,139,0.8907,437.38,406.73,573.41,634.07
333,11.1,person,person,176,0.8488,1075.84,49.48,1121.41,124.44
333,11.1,person,person,236,0.8468,797.99,73.32,838.76,156.64
333,11.1,person,person,8,0.6453,790.36,16.76,827.75,75.64
333,11.1,racket,tennis racket,345,0.4155,783.61,115.02,799.69,132.32
333,11.1,person,person,350,0.6459,65.05,211.61,105.63,259.27
333,11.1,person,person,352,0.3966,212.47,111.66,236.8,142.94
333,11.1,person,person,226,0.2603,63.66,424.09,109.6,478.27
334,11.133,person,person,1,0.8905,1128.77,278.87,1204.25,447.98
334,11.133,person,person,2,0.7651,1020.07,14.15,1047.35,74.04
334,11.133,person,person,6,0.6863,146.54,213.46,196.13,282.45
334,11.133,person,person,139,0.7352,434.15,412.31,567.72,633.87
334,11.133,person,person,176,0.8126,1079.08,49.64,1123.31,123.6
334,11.133,person,person,236,0.8474,798.07,74.06,838.63,156.63
334,11.133,person,person,8,0.6785,790.31,16.99,827.75,75.78
334,11.133,racket,tennis racket,345,0.3197,784.12,115.82,799.27,132.14
334,11.133,person,person,350,0.6699,64.54,211.41,105.19,259.32
334,11.133,person,person,352,0.3491,212.92,111.97,237.14,143.13
335,11.167,person,person,1,0.8886,1129.15,279.48,1203.61,447.95
335,11.167,person,person,2,0.7567,1022.0,14.14,1049.5,74.03
335,11.167,person,person,6,0.6973,146.42,213.27,196.09,282.51
335,11.167,person,person,139,0.7096,434.24,436.34,557.16,633.6
335,11.167,person,person,176,0.8169,1081.13,49.52,1125.0,124.09
335,11.167,person,person,236,0.8392,797.83,74.14,838.47,156.68
335,11.167,person,person,8,0.5853,790.2,17.3,827.43,75.51
335,11.167,racket,tennis racket,345,0.2655,784.3,116.36,798.68,131.93
335,11.167,person,person,350,0.5126,63.47,211.24,103.71,258.86
335,11.167,person,person,352,0.3267,212.88,111.88,237.18,143.21
336,11.2,person,person,1,0.8826,1129.09,280.1,1202.49,447.92
336,11.2,person,person,2,0.7919,1024.37,14.16,1052.43,73.94
336,11.2,person,person,6,0.6634,145.95,212.72,195.81,282.29
336,11.2,person,person,139,0.8917,423.16,420.49,557.67,633.09
336,11.2,person,person,176,0.8443,1083.79,49.55,1127.87,125.59
336,11.2,person,person,236,0.8421,797.58,74.55,838.22,156.85
336,11.2,person,person,8,0.6072,790.22,17.31,827.35,75.1
336,11.2,racket,tennis racket,345,0.2875,784.73,117.24,798.1,131.75
336,11.2,person,person,350,0.4575,61.97,210.47,102.19,258.33
337,11.233,person,person,1,0.8838,1129.66,280.83,1202.2,448.24
337,11.233,person,person,2,0.7824,1026.55,14.37,1055.75,74.41
337,11.233,person,person,6,0.6817,145.7,212.57,195.62,282.23
337,11.233,person,person,139,0.9041,415.48,419.94,553.79,633.27
337,11.233,person,person,176,0.8268,1085.39,49.81,1129.75,127.39
337,11.233,person,person,236,0.8387,797.41,75.03,838.06,156.96
337,11.233,person,person,8,0.5137,789.92,17.51,827.05,75.09
337,11.233,racket,tennis racket,345,0.2808,785.14,117.86,797.99,131.86
337,11.233,person,person,350,0.3104,60.98,209.55,100.88,257.36
337,11.233,person,person,352,0.2967,212.61,111.2,237.54,143.39
338,11.267,person,person,1,0.8841,1130.13,282.31,1201.64,448.7
338,11.267,person,person,2,0.7504,1027.89,14.61,1059.01,75.63
338,11.267,person,person,6,0.671,145.39,212.41,195.5,282.34
338,11.267,person,person,139,0.9174,411.17,422.91,552.53,636.59
338,11.267,person,person,176,0.8236,1087.23,51.39,1131.32,129.69
338,11.267,person,person,236,0.8238,797.21,75.89,837.82,156.99
338,11.267,person,person,8,0.383,789.8,18.18,826.87,75.57
338,11.267,racket,tennis racket,345,0.2791,785.64,117.83,798.88,132.32
338,11.267,person,person,352,0.2902,212.87,110.9,238.18,143.79
339,11.3,person,person,1,0.8844,1130.47,282.87,1201.27,448.84
339,11.3,person,person,2,0.7482,1028.0,14.67,1060.62,76.1
339,11.3,person,person,6,0.6733,145.24,212.38,195.42,282.37
339,11.3,person,person,139,0.9188,409.02,424.03,552.98,637.78
339,11.3,person,person,176,0.8231,1088.04,51.98,1131.66,130.55
339,11.3,person,person,236,0.824,797.08,76.2,837.85,156.98
339,11.3,person,person,8,0.3788,789.75,18.44,826.84,75.76
339,11.3,racket,tennis racket,345,0.2893,785.84,117.81,799.21,132.48
339,11.3,person,person,352,0.2982,213.0,110.81,238.28,143.88
339,11.3,racket,tennis racket,358,0.5433,442.26,359.33,503.31,434.06
340,11.333,person,person,1,0.8845,1130.87,283.12,1201.13,449.05
340,11.333,person,person,2,0.7171,1028.88,15.11,1063.28,76.74
340,11.333,person,person,6,0.6446,144.73,212.03,195.18,282.29
340,11.333,person,person,139,0.8993,402.28,424.21,551.79,641.76
340,11.333,person,person,176,0.816,1089.53,53.31,1132.22,131.23
340,11.333,person,person,236,0.8066,796.91,76.18,837.86,156.71
340,11.333,person,person,8,0.2828,789.94,18.71,827.14,76.13
340,11.333,person,person,352,0.263,213.18,110.8,238.51,144.27
340,11.333,racket,tennis racket,358,0.5847,447.04,379.74,495.12,438.73
341,11.367,person,person,1,0.8847,1130.21,283.18,1200.19,449.07
341,11.367,person,person,2,0.5789,1028.9,14.25,1064.58,75.85
341,11.367,person,person,6,0.6923,144.58,211.79,195.32,282.43
341,11.367,person,person,139,0.9052,397.35,423.53,552.4,645.55
341,11.367,person,person,176,0.8143,1090.77,54.38,1132.46,131.38
341,11.367,person,person,236,0.7979,795.32,75.69,836.69,156.02
341,11.367,person,person,8,0.3034,790.08,18.34,827.26,75.8
341,11.367,racket,tennis racket,358,0.5965,445.48,386.22,484.25,433.73
342,11.4,person,person,1,0.8676,1129.77,283.08,1199.61,448.86
342,11.4,person,person,2,0.7093,1029.15,15.47,1065.84,76.26
342,11.4,person,person,6,0.7053,144.59,211.68,195.39,282.41
342,11.4,person,person,139,0.9051,389.98,426.06,549.81,650.62
342,11.4,person,person,176,0.8274,1092.13,55.29,1132.87,131.25
342,11.4,person,person,236,0.7783,794.65,75.23,836.16,154.42
342,11.4,person,person,8,0.4261,789.72,18.37,827.4,76.64
342,11.4,racket,tennis racket,358,0.5031,437.1,394.0,473.74,438.86
342,11.4,person,person,350,0.3047,56.61,205.85,98.53,257.2
343,11.433,person,person,1,0.8742,1130.5,283.2,1200.05,448.63
343,11.433,person,person,2,0.8202,1029.23,17.06,1066.78,76.72
343,11.433,person,person,6,0.6932,144.28,211.66,195.11,282.31
343,11.433,person,person,139,0.9157,390.66,434.16,549.25,654.02
343,11.433,person,person,176,0.8282,1093.66,55.59,1133.99,131.31
343,11.433,person,person,236,0.7864,794.57,75.03,836.29,153.38
343,11.433,person,person,8,0.5894,789.53,18.11,827.31,76.57
343,11.433,racket,tennis racket,358,0.5681,430.78,401.97,467.07,446.26
343,11.433,person,person,362,0.3485,410.64,56.36,437.49,124.95
344,11.467,person,person,1,0.8729,1130.4,283.41,1199.82,448.6
344,11.467,person,person,2,0.8465,1029.09,17.35,1068.04,77.21
344,11.467,person,person,6,0.7111,144.54,211.75,195.37,282.44
344,11.467,person,person,139,0.8918,389.84,438.14,547.51,655.32
344,11.467,person,person,176,0.8332,1094.61,55.53,1134.5,131.1
344,11.467,person,person,236,0.8254,795.06,74.18,837.15,152.03
344,11.467,person,person,8,0.4451,789.76,18.37,826.87,75.58
344,11.467,racket,tennis racket,358,0.325,431.48,409.46,460.71,444.54
344,11.467,person,person,362,0.3778,410.83,56.33,437.66,124.9
344,11.467,person,person,350,0.2965,56.19,205.6,98.08,258.2
345,11.5,person,person,1,0.8717,1130.34,283.47,1199.71,448.59
345,11.5,person,person,2,0.847,1028.64,17.46,1068.78,77.38
345,11.5,person,person,6,0.7059,144.61,211.79,195.41,282.45
345,11.5,person,person,139,0.8913,389.42,439.53,547.26,655.71
345,11.5,person,person,176,0.8344,1095.0,55.49,1134.54,131.0
345,11.5,person,person,236,0.825,795.09,73.86,837.67,151.53
345,11.5,person,person,8,0.4571,789.77,18.41,826.74,75.22
345,11.5,person,person,362,0.3769,410.91,56.27,437.75,124.93
345,11.5,racket,tennis racket,364,0.3209,428.33,409.01,470.93,459.65
345,11.5,person,person,350,0.2787,56.55,205.62,97.69,258.43
346,11.533,person,person,1,0.8755,1130.77,283.81,1200.05,448.61
346,11.533,person,person,2,0.8308,1028.37,17.2,1069.7,77.31
346,11.533,person,person,6,0.6993,144.57,211.86,195.43,282.57
346,11.533,person,person,139,0.905,385.9,444.72,540.39,655.67
346,11.533,person,person,176,0.8643,1094.87,54.48,1134.39,130.78
346,11.533,person,person,236,0.844,796.0,73.97,838.36,149.74
346,11.533,person,person,8,0.556,789.63,18.27,827.07,75.73
346,11.533,person,person,362,0.4469,411.49,56.09,437.57,122.79
346,11.533,racket,tennis racket,364,0.4634,431.94,412.14,471.37,458.96
346,11.533,racket,tennis racket,368,0.4415,1123.16,362.49,1141.76,384.4
346,11.533,person,person,226,0.2558,61.27,426.11,104.23,477.98
347,11.567,person,person,1,0.8789,1130.31,283.66,1199.84,448.57
347,11.567,person,person,2,0.8424,1028.6,15.75,1071.14,76.81
347,11.567,person,person,6,0.698,143.8,211.54,195.03,282.56
347,11.567,person,person,139,0.8742,374.01,429.86,537.15,656.07
347,11.567,person,person,176,0.8599,1095.32,53.33,1134.67,129.92
347,11.567,person,person,236,0.8097,796.98,73.11,839.65,147.63
347,11.567,person,person,8,0.716,789.37,17.97,827.79,76.97
347,11.567,person,person,362,0.4582,411.94,55.85,437.96,122.32
347,11.567,racket,tennis racket,368,0.4026,1123.18,363.14,1141.83,385.08
347,11.567,person,person,226,0.252,62.86,424.82,106.77,477.88
347,11.567,person,person,352,0.2619,215.0,110.69,238.7,142.37
348,11.6,person,person,1,0.886,1129.55,283.52,1199.53,448.72
348,11.6,person,person,2,0.8347,1030.85,15.68,1073.62,77.19
348,11.6,person,person,6,0.7142,144.36,211.51,195.64,282.73
348,11.6,person,person,139,0.8983,371.43,453.0,520.67,662.15
348,11.6,person,person,176,0.8468,1095.82,53.01,1134.87,129.57
348,11.6,person,person,236,0.8586,798.31,71.46,842.62,146.93
348,11.6,person,person,8,0.6733,790.0,18.39,828.33,77.25
348,11.6,person,person,362,0.4128,412.37,55.69,438.15,121.42
348,11.6,racket,tennis racket,371,0.6521,441.09,427.64,483.78,475.56
348,11.6,person,person,352,0.272,215.15,110.58,238.78,142.5
349,11.633,person,person,1,0.8944,1128.73,283.59,1199.15,448.6
349,11.633,person,person,2,0.8119,1033.88,16.39,1075.66,77.26
349,11.633,person,person,6,0.6836,144.63,211.51,195.74,282.62
349,11.633,person,person,139,0.896,363.51,467.26,505.07,670.27
349,11.633,person,person,176,0.8131,1096.05,53.22,1135.33,130.4
349,11.633,person,person,236,0.8584,799.04,71.32,844.27,146.58
349,11.633,person,person,8,0.718,790.42,18.5,828.83,77.48
349,11.633,person,person,362,0.5069,412.62,55.86,438.2,120.85
349,11.633,racket,tennis racket,371,0.6574,446.05,437.15,488.87,485.33
349,11.633,person,person,352,0.357,216.06,110.53,238.96,141.83
349,11.633,person,person,350,0.2865,54.94,206.9,95.03,259.88
349,11.633,person,person,226,0.2657,61.76,425.86,104.22,478.04
350,11.667,person,person,1,0.8881,1129.07,283.57,1199.86,448.87
350,11.667,person,person,2,0.8201,1035.32,16.16,1076.7,77.45
350,11.667,person,person,6,0.6894,145.44,211.37,195.63,281.27
350,11.667,person,person,139,0.8911,358.45,464.63,503.38,677.49
350,11.667,person,person,176,0.823,1095.35,53.27,1134.87,130.83
350,11.667,person,person,236,0.8759,799.44,70.48,845.9,146.58
350,11.667,person,person,8,0.7188,790.69,18.35,829.25,77.48
350,11.667,racket,tennis racket,371,0.5365,452.54,448.87,491.27,492.44
350,11.667,person,person,352,0.3019,216.45,110.57,238.87,141.63
350,11.667,person,person,350,0.5074,56.02,207.46,94.85,259.99
350,11.667,person,person,226,0.2553,61.72,426.12,103.33,477.91
351,11.7,person,person,1,0.8883,1129.14,283.58,1200.21,448.98
351,11.7,person,person,2,0.8203,1036.0,16.1,1076.86,77.54
351,11.7,person,person,6,0.6866,145.77,211.32,195.57,280.73
351,11.7,person,person,139,0.893,357.48,462.6,502.23,680.03
351,11.7,person,person,176,0.8234,1095.05,53.3,1134.67,130.97
351,11.7,person,person,236,0.8749,799.4,70.2,846.72,146.61
351,11.7,person,person,8,0.7186,790.78,18.31,829.42,77.48
351,11.7,racket,tennis racket,371,0.5127,454.32,452.11,491.75,494.19
351,11.7,person,person,352,0.3097,216.67,110.56,238.77,141.54
351,11.7,person,person,350,0.5098,56.64,207.66,94.55,260.02
351,11.7,person,person,226,0.2546,63.24,424.84,105.83,477.68
352,11.733,person,person,1,0.8891,1130.48,283.53,1201.64,449.0
352,11.733,person,person,2,0.8035,1037.53,16.28,1077.5,77.48
352,11.733,person,person,6,0.7046,146.17,210.8,195.86,280.21
352,11.733,person,person,139,0.8908,360.95,475.41,498.43,684.99
352,11.733,person,person,176,0.7889,1095.62,53.08,1134.69,129.85
352,11.733,person,person,236,0.8676,799.15,69.07,847.53,146.42
352,11.733,person,person,8,0.687,791.04,18.47,829.14,76.57
352,11.733,racket,tennis racket,371,0.6154,456.11,462.08,494.24,504.99
352,11.733,person,person,352,0.3408,217.02,110.38,239.06,141.52
352,11.733,person,person,350,0.4062,57.01,207.91,93.76,259.52
352,11.733,person,person,226,0.2544,62.24,425.54,104.01,477.93
352,11.733,person,person,362,0.2768,412.57,55.6,437.88,119.55
353,11.767,person,person,1,0.8867,1131.12,283.58,1202.44,449.26
353,11.767,person,person,2,0.8284,1039.16,16.04,1078.38,77.49
353,11.767,person,person,6,0.7429,146.7,210.54,196.32,279.93
353,11.767,person,person,139,0.8988,363.78,484.55,497.77,691.06
353,11.767,person,person,176,0.7434,1096.04,53.29,1134.51,129.24
353,11.767,person,person,236,0.8668,799.18,67.67,848.64,146.37
353,11.767,person,person,8,0.6658,790.97,18.59,829.0,76.32
353,11.767,racket,tennis racket,371,0.5476,459.41,474.02,496.44,515.52
353,11.767,person,person,350,0.4087,57.45,207.81,93.56,259.33
353,11.767,person,person,226,0.2543,63.48,424.45,106.01,477.62
354,11.8,person,person,1,0.8873,1131.6,283.56,1203.1,449.19
354,11.8,person,person,2,0.8154,1040.1,16.1,1078.72,77.93
354,11.8,person,person,6,0.7537,146.99,210.3,196.67,279.81
354,11.8,person,person,139,0.8989,366.1,491.14,497.73,695.75
354,11.8,person,person,176,0.6906,1095.43,53.96,1133.19,128.86
354,11.8,person,person,236,0.8764,799.58,67.0,849.46,146.25
354,11.8,person,person,8,0.5878,790.69,18.55,829.06,76.7
354,11.8,racket,tennis racket,371,0.6808,462.3,486.46,499.72,528.18
354,11.8,person,person,350,0.261,58.97,207.87,94.26,259.08
354,11.8,person,person,226,0.2594,63.92,424.05,106.89,477.61
354,11.8,racket,tennis racket,372,0.6531,428.11,627.6,462.47,655.96
354,11.8,person,person,362,0.3823,412.46,55.77,437.9,119.53
355,11.833,person,person,1,0.8882,1132.01,283.68,1203.68,449.11
355,11.833,person,person,2,0.8167,1040.89,16.33,1078.6,78.0
355,11.833,person,person,6,0.7894,147.06,209.42,197.43,280.18
355,11.833,person,person,139,0.8996,367.35,496.39,496.98,699.02
355,11.833,person,person,176,0.7807,1097.21,54.55,1133.76,128.8
355,11.833,person,person,236,0.8716,799.53,65.94,850.11,146.29
355,11.833,person,person,8,0.504,790.21,18.72,828.57,76.69
355,11.833,racket,tennis racket,371,0.7188,463.34,497.16,502.46,540.99
355,11.833,person,person,226,0.2729,64.06,423.91,107.29,477.64
355,11.833,person,person,373,0.3697,1042.09,0.06,1061.64,15.53
355,11.833,person,person,362,0.36,412.45,55.59,438.11,119.52
355,11.833,ball,sports ball,114,0.2758,1023.17,273.01,1034.06,281.57
356,11.867,person,person,1,0.901,1132.21,283.75,1204.18,449.18
356,11.867,person,person,2,0.7901,1041.3,16.82,1078.25,78.46
356,11.867,person,person,6,0.7776,147.76,208.73,198.46,280.18
356,11.867,person,person,139,0.9,367.5,499.77,495.33,700.31
356,11.867,person,person,176,0.6238,1097.12,54.18,1132.85,128.34
356,11.867,person,person,236,0.8737,799.4,64.64,850.68,146.29
356,11.867,person,person,8,0.4628,789.99,18.95,828.39,76.7
356,11.867,racket,tennis racket,371,0.5889,464.59,505.65,504.28,550.31
356,11.867,person,person,226,0.2848,64.0,423.88,107.27,477.57
356,11.867,person,person,373,0.3165,1041.34,0.01,1061.83,16.24
356,11.867,person,person,362,0.5138,412.07,55.49,437.97,119.41
356,11.867,ball,sports ball,114,0.2685,1023.17,273.04,1034.07,281.54
357,11.9,person,person,1,0.9013,1132.24,283.78,1204.47,449.19
357,11.9,person,person,2,0.79,1041.59,16.93,1077.94,78.69
357,11.9,person,person,6,0.7793,148.01,208.49,198.77,280.21
357,11.9,person,person,139,0.9004,367.73,500.82,494.69,700.65
357,11.9,person,person,176,0.6227,1097.25,54.05,1132.26,128.19
357,11.9,person,person,236,0.8733,799.37,64.17,850.84,146.3
357,11.9,person,person,8,0.4685,789.74,19.03,828.2,76.69
357,11.9,racket,tennis racket,371,0.5878,464.85,508.35,504.93,553.65
357,11.9,person,person,226,0.2796,62.41,424.86,104.64,477.77
357,11.9,person,person,373,0.316,1041.14,0.0,1061.79,16.36
357,11.9,person,person,362,0.5282,411.91,55.49,437.98,119.3
357,11.9,ball,sports ball,114,0.2544,1023.13,273.05,1034.1,281.54
357,11.9,person,person,376,0.3467,1085.74,53.87,1128.47,126.27
358,11.933,person,person,1,0.9073,1132.35,283.8,1204.88,449.36
358,11.933,person,person,2,0.7869,1041.91,16.83,1077.67,78.69
358,11.933,person,person,6,0.7489,148.29,208.39,199.33,280.56
358,11.933,person,person,139,0.8864,368.1,501.25,494.17,700.38
358,11.933,person,person,176,0.3808,1096.02,53.77,1130.3,127.31
358,11.933,person,person,236,0.8715,799.61,63.99,851.07,146.37
358,11.933,person,person,8,0.5059,787.92,19.22,825.86,76.61
358,11.933,racket,tennis racket,371,0.5303,468.0,514.98,503.88,555.51
358,11.933,person,person,226,0.2735,62.0,426.87,103.49,479.3
358,11.933,person,person,373,0.2724,1042.78,0.0,1062.95,15.98
358,11.933,person,person,362,0.3247,411.62,55.22,437.87,119.05
358,11.933,ball,sports ball,114,0.2696,1023.13,273.05,1034.14,281.54
358,11.933,person,person,376,0.637,1084.85,53.86,1127.79,126.58
358,11.933,person,person,350,0.3587,61.59,205.77,98.13,259.6
359,11.967,person,person,1,0.9061,1132.44,283.82,1205.32,449.44
359,11.967,person,person,2,0.7861,1042.23,16.9,1077.39,78.72
359,11.967,person,person,6,0.7539,148.8,208.12,200.22,280.91
359,11.967,person,person,139,0.8914,367.79,499.83,492.17,698.24
359,11.967,person,person,176,0.3029,1095.95,53.5,1129.41,126.49
359,11.967,person,person,236,0.8733,799.88,63.62,851.31,146.34
359,11.967,person,person,8,0.5296,786.71,19.42,824.6,77.43
359,11.967,racket,tennis racket,371,0.6566,469.64,521.31,503.6,559.92
359,11.967,person,person,226,0.2751,61.94,426.52,102.79,478.51
359,11.967,person,person,373,0.2757,1043.17,0.0,1064.37,16.75
359,11.967,person,person,362,0.4836,410.97,55.24,437.43,119.08
359,11.967,ball,sports ball,114,0.2639,1023.1,273.04,1034.15,281.54
359,11.967,person,person,376,0.5683,1085.48,53.88,1127.97,125.93
360,12.0,person,person,1,0.9093,1132.39,283.92,1205.58,449.58
360,12.0,person,person,2,0.7754,1042.55,17.27,1076.97,78.67
360,12.0,person,person,6,0.7539,149.88,208.22,200.66,280.39
360,12.0,person,person,139,0.8735,368.02,496.82,491.42,696.31
360,12.0,person,person,176,0.6557,1096.66,53.47,1129.69,126.35
360,12.0,person,person,236,0.8723,800.3,63.46,851.55,146.36
360,12.0,person,person,8,0.5787,786.24,19.63,824.02,77.93
360,12.0,racket,tennis racket,371,0.6967,470.35,527.85,501.4,562.94
360,12.0,person,person,226,0.2823,63.26,424.93,104.98,477.95
360,12.0,person,person,373,0.2764,1043.67,0.0,1065.66,17.25
360,12.0,person,person,362,0.5279,410.28,55.35,436.95,119.25
360,12.0,ball,sports ball,114,0.2643,1023.11,273.03,1034.16,281.53
361,12.033,person,person,1,0.9106,1132.55,283.78,1206.13,449.61
361,12.033,person,person,2,0.7825,1043.09,17.56,1076.98,78.67
361,12.033,person,person,6,0.7257,150.25,208.24,200.46,280.3
361,12.033,person,person,139,0.8859,368.79,493.71,490.25,694.2
361,12.033,person,person,176,0.7298,1096.69,53.41,1129.23,126.48
361,12.033,person,person,236,0.8739,800.69,63.35,851.73,146.47
361,12.033,person,person,8,0.5901,786.0,19.76,823.71,78.27
361,12.033,racket,tennis racket,371,0.7266,469.15,533.26,499.09,566.73
361,12.033,person,person,226,0.2955,63.59,424.31,105.77,477.88
361,12.033,person,person,373,0.2942,1044.15,0.0,1065.88,16.86
361,12.033,person,person,362,0.5828,409.58,55.35,436.79,119.98
361,12.033,ball,sports ball,114,0.2892,1023.1,273.04,1034.16,281.53
362,12.067,person,person,1,0.9117,1132.96,283.36,1207.09,449.55
362,12.067,person,person,2,0.7767,1043.81,17.5,1077.57,78.75
362,12.067,person,person,6,0.6675,151.38,208.02,201.15,280.18
362,12.067,person,person,139,0.8684,371.88,490.9,491.83,693.46
362,12.067,person,person,236,0.8803,801.1,63.29,851.93,146.64
362,12.067,person,person,8,0.5426,786.22,19.88,823.58,78.01
362,12.067,racket,tennis racket,371,0.6866,468.79,537.1,498.56,570.16
362,12.067,person,person,226,0.2772,62.62,425.18,103.71,477.76
362,12.067,person,person,373,0.3124,1045.11,0.0,1066.37,16.37
362,12.067,person,person,362,0.5218,409.38,55.35,436.87,119.72
362,12.067,ball,sports ball,114,0.2825,1023.12,273.03,1034.2,281.54
362,12.067,person,person,376,0.7888,1084.63,53.96,1128.15,128.34
363,12.1,person,person,1,0.9116,1133.01,283.21,1207.55,449.51
363,12.1,person,person,2,0.7774,1044.14,17.49,1077.73,78.76
363,12.1,person,person,6,0.6686,151.9,207.94,201.22,280.1
363,12.1,person,person,139,0.8688,373.8,489.75,491.73,693.14
363,12.1,person,person,236,0.8805,801.38,63.28,851.93,146.7
363,12.1,person,person,8,0.5407,786.42,19.94,823.54,77.91
363,12.1,racket,tennis racket,371,0.6919,468.53,538.14,498.43,571.15
363,12.1,person,person,226,0.2811,63.41,424.46,105.09,477.74
363,12.1,person,person,373,0.3171,1045.36,0.0,1066.57,16.2
363,12.1,person,person,362,0.521,409.19,55.36,437.0,119.63
363,12.1,ball,sports ball,114,0.2861,1023.11,273.02,1034.19,281.54
363,12.1,person,person,376,0.7928,1084.69,53.96,1128.03,128.63
364,12.133,person,person,1,0.9096,1133.01,282.83,1208.07,449.5
364,12.133,person,person,2,0.7773,1045.27,17.71,1078.93,78.94
364,12.133,person,person,6,0.6294,152.41,207.36,201.28,279.91
364,12.133,person,person,139,0.8599,378.64,488.32,493.46,690.55
364,12.133,person,person,236,0.8849,801.92,63.38,852.05,146.74
364,12.133,person,person,8,0.5228,786.24,19.95,823.19,77.95
364,12.133,racket,tennis racket,371,0.6661,471.07,540.14,500.25,572.12
364,12.133,person,person,226,0.2789,63.69,424.12,105.82,477.98
364,12.133,person,person,373,0.3116,1044.83,0.0,1067.1,17.01
364,12.133,person,person,362,0.4252,409.13,55.29,436.65,117.89
364,12.133,ball,sports ball,114,0.2551,1023.1,273.04,1034.19,281.56
364,12.133,person,person,376,0.8174,1084.46,53.89,1127.97,129.95
365,12.167,person,person,1,0.907,1133.11,282.67,1208.64,449.46
365,12.167,person,person,2,0.7822,1046.45,17.85,1080.32,78.93
365,12.167,person,person,6,0.6714,153.37,206.53,202.04,279.65
365,12.167,person,person,139,0.858,387.9,487.52,497.72,683.3
365,12.167,person,person,236,0.8876,802.19,63.53,852.04,146.91
365,12.167,person,person,8,0.464,785.65,19.39,823.12,78.34
365,12.167,racket,tennis racket,371,0.7079,477.3,541.45,505.39,572.42
365,12.167,person,person,226,0.2806,62.55,424.88,104.7,479.25
365,12.167,person,person,373,0.2644,1043.77,0.0,1068.45,19.07
365,12.167,person,person,376,0.8364,1086.16,54.56,1128.71,130.59
366,12.2,person,person,1,0.9074,1133.25,282.54,1209.31,449.41
366,12.2,person,person,2,0.7615,1047.51,17.39,1082.09,79.07
366,12.2,person,person,6,0.6877,154.31,205.23,202.84,278.95
366,12.2,person,person,139,0.8669,396.97,485.88,504.78,679.99
366,12.2,person,person,236,0.8905,802.81,63.5,852.32,146.99
366,12.2,person,person,8,0.4465,785.75,19.28,823.51,78.66
366,12.2,racket,tennis racket,371,0.7298,483.05,541.06,510.85,571.52
366,12.2,person,person,226,0.2747,62.21,425.34,104.18,479.9
366,12.2,person,person,373,0.2913,1043.08,0.0,1069.66,20.98
366,12.2,person,person,176,0.8271,1092.66,55.73,1125.1,129.69
367,12.233,person,person,1,0.9155,1133.18,282.03,1209.96,449.37
367,12.233,person,person,2,0.764,1048.34,18.21,1082.88,78.99
367,12.233,person,person,6,0.5591,156.04,203.47,204.75,278.02
367,12.233,person,person,139,0.8997,408.23,482.36,515.84,676.79
367,12.233,person,person,236,0.8912,803.04,63.27,852.36,147.02
367,12.233,person,person,8,0.4506,785.73,19.17,823.6,78.62
367,12.233,racket,tennis racket,371,0.6728,487.83,539.52,516.47,570.15
367,12.233,person,person,226,0.2747,62.27,425.89,103.69,480.1
367,12.233,person,person,373,0.3966,1044.68,0.0,1069.44,19.67
367,12.233,person,person,176,0.808,1092.69,55.65,1124.9,130.16
368,12.267,person,person,1,0.9129,1133.22,281.95,1210.56,449.33
368,12.267,person,person,2,0.7596,1048.58,18.38,1083.41,78.96
368,12.267,person,person,6,0.5696,157.47,202.36,206.02,277.5
368,12.267,person,person,139,0.9208,422.25,478.52,531.01,673.04
368,12.267,person,person,236,0.8923,803.22,63.02,852.38,147.06
368,12.267,person,person,8,0.3674,786.12,19.18,824.17,78.71
368,12.267,racket,tennis racket,371,0.6725,494.04,536.94,523.9,568.1
368,12.267,person,person,226,0.2737,62.47,426.36,103.31,480.11
368,12.267,person,person,373,0.4977,1046.05,0.0,1069.15,18.49
368,12.267,person,person,176,0.7958,1092.15,56.3,1123.91,129.99
369,12.3,person,person,1,0.9133,1133.08,281.89,1210.92,449.31
369,12.3,person,person,2,0.758,1048.57,18.42,1083.74,78.98
369,12.3,person,person,6,0.5868,157.94,201.94,206.16,277.38
369,12.3,person,person,139,0.9203,427.09,477.08,536.89,671.67
369,12.3,person,person,236,0.8912,803.37,62.95,852.29,147.08
369,12.3,person,person,8,0.364,786.22,19.16,824.39,78.7
369,12.3,racket,tennis racket,371,0.6637,496.02,535.91,526.72,567.25
369,12.3,person,person,226,0.273,62.57,426.35,103.2,480.12
369,12.3,person,person,373,0.4989,1046.63,0.0,1068.95,17.97
369,12.3,person,person,176,0.7947,1091.98,56.52,1123.53,129.92
370,12.333,person,person,1,0.9125,1133.0,281.82,1211.38,449.33
370,12.333,person,person,2,0.7575,1048.35,18.48,1083.87,79.08
370,12.333,person,person,6,0.472,159.78,201.42,207.55,276.71
370,12.333,person,person,139,0.9054,437.56,474.85,548.88,668.38
370,12.333,person,person,236,0.8932,803.62,62.96,852.29,147.13
370,12.333,person,person,8,0.3148,786.14,19.26,824.47,78.95
370,12.333,racket,tennis racket,371,0.7189,501.73,534.02,533.08,565.4
370,12.333,person,person,226,0.2706,62.61,426.14,103.25,480.2
370,12.333,person,person,373,0.461,1046.75,0.0,1069.32,18.37
370,12.333,person,person,176,0.7996,1091.09,56.51,1122.84,130.25
371,12.367,person,person,1,0.9187,1132.62,281.75,1211.51,449.24
371,12.367,person,person,2,0.7328,1048.26,18.42,1084.09,79.13
371,12.367,person,person,6,0.314,161.33,201.98,207.13,274.14
371,12.367,person,person,139,0.9037,445.72,471.35,559.45,664.25
371,12.367,person,person,236,0.89,803.79,63.03,852.22,147.17
371,12.367,person,person,8,0.3081,786.52,19.44,824.21,77.82
371,12.367,racket,tennis racket,371,0.6449,510.82,531.25,542.0,562.22
371,12.367,person,person,226,0.2733,62.76,426.36,103.09,480.26
371,12.367,person,person,373,0.427,1047.2,0.0,1069.67,18.47
371,12.367,person,person,176,0.8019,1090.73,56.4,1122.82,130.4
372,12.4,person,person,1,0.9181,1132.58,281.7,1211.99,449.12
372,12.4,person,person,2,0.7472,1047.95,17.23,1084.75,79.41
372,12.4,person,person,6,0.4157,162.73,201.57,207.47,272.14
372,12.4,person,person,139,0.9129,450.18,468.33,566.59,661.41
372,12.4,person,person,236,0.8888,803.81,62.83,852.17,147.26
372,12.4,person,person,8,0.3561,786.34,19.45,824.05,77.64
372,12.4,racket,tennis racket,371,0.6513,520.11,528.3,552.11,559.67
372,12.4,person,person,226,0.2722,62.76,426.08,103.09,480.27
372,12.4,person,person,373,0.4179,1047.85,0.0,1070.26,18.62
372,12.4,person,person,176,0.8054,1090.53,56.25,1123.16,130.65
372,12.4,racket,tennis racket,384,0.4201,813.36,109.13,830.16,124.1
373,12.433,person,person,1,0.9177,1132.42,281.71,1212.47,449.26
373,12.433,person,person,2,0.7543,1047.62,16.97,1084.48,79.1
373,12.433,person,person,6,0.2702,163.6,200.39,207.55,269.85
373,12.433,person,person,139,0.9136,453.61,465.95,571.03,657.04
373,12.433,person,person,236,0.8893,803.88,62.71,852.11,147.3
373,12.433,person,person,8,0.3916,786.33,19.43,824.1,77.5
373,12.433,racket,tennis racket,371,0.6414,530.72,524.71,563.11,556.0
373,12.433,person,person,226,0.2672,62.77,425.93,102.99,480.22
373,12.433,person,person,373,0.4425,1049.18,0.0,1070.94,18.3
373,12.433,person,person,176,0.8033,1090.17,56.1,1123.35,130.67
373,12.433,racket,tennis racket,384,0.433,814.02,109.2,830.43,123.83
374,12.467,person,person,1,0.9211,1132.15,281.71,1212.94,449.6
374,12.467,person,person,2,0.7565,1047.67,16.65,1084.64,79.15
374,12.467,person,person,139,0.9127,458.97,464.17,574.98,650.87
374,12.467,person,person,236,0.8869,803.93,62.54,852.06,147.31
374,12.467,person,person,8,0.4657,785.9,19.37,823.55,77.21
374,12.467,racket,tennis racket,371,0.7533,540.52,520.76,574.07,552.6
374,12.467,person,person,226,0.2691,62.86,425.85,102.91,480.14
374,12.467,person,person,373,0.4226,1049.82,0.0,1071.37,18.3
374,12.467,person,person,176,0.8091,1089.83,55.91,1123.5,130.66
374,12.467,racket,tennis racket,384,0.4286,814.24,109.18,830.48,123.69
374,12.467,ball,sports ball,114,0.2558,1023.02,273.09,1034.15,281.6
375,12.5,person,person,1,0.921,1131.88,281.71,1213.27,449.75
375,12.5,person,person,2,0.7569,1047.68,16.55,1084.66,79.25
375,12.5,person,person,139,0.9131,460.39,463.55,576.58,648.68
375,12.5,person,person,236,0.8874,803.99,62.47,851.95,147.32
375,12.5,person,person,8,0.4744,785.61,19.33,823.33,77.21
375,12.5,racket,tennis racket,371,0.7471,543.76,519.3,578.11,551.37
375,12.5,person,person,226,0.2751,62.89,425.72,102.82,480.07
375,12.5,person,person,373,0.4293,1050.08,0.0,1071.43,18.32
375,12.5,person,person,176,0.8077,1089.6,55.82,1123.67,130.63
375,12.5,racket,tennis racket,384,0.4279,814.28,109.19,830.44,123.64
375,12.5,ball,sports ball,114,0.2501,1023.01,273.1,1034.15,281.6
376,12.533,person,person,1,0.9215,1131.37,281.87,1212.94,449.04
376,12.533,person,person,2,0.7595,1047.29,16.41,1084.51,79.71
376,12.533,person,person,139,0.9068,467.04,460.67,580.83,642.07
376,12.533,person,person,236,0.8853,803.96,62.27,851.83,147.29
376,12.533,person,person,8,0.4628,785.54,19.5,823.19,77.18
376,12.533,racket,tennis racket,371,0.6349,550.38,514.86,586.35,548.29
376,12.533,person,person,226,0.2669,62.98,425.74,102.7,480.0
376,12.533,person,person,373,0.4182,1050.58,0.0,1071.2,17.78
376,12.533,person,person,176,0.8283,1089.95,55.89,1124.17,130.41
376,12.533,racket,tennis racket,384,0.4234,813.95,109.14,830.11,123.65
376,12.533,ball,sports ball,114,0.2792,1022.99,273.1,1034.07,281.56
377,12.567,person,person,1,0.9262,1128.17,281.77,1210.92,448.7
377,12.567,person,person,2,0.769,1047.35,16.27,1084.78,79.83
377,12.567,person,person,139,0.8891,471.28,456.89,585.1,639.52
377,12.567,person,person,236,0.8854,803.99,62.05,851.8,147.3
377,12.567,person,person,8,0.4323,785.54,19.55,822.79,76.57
377,12.567,racket,tennis racket,371,0.6378,560.5,508.07,595.12,540.33
377,12.567,person,person,226,0.2707,64.21,424.47,104.02,478.57
377,12.567,person,person,373,0.4128,1050.68,0.0,1070.95,17.54
377,12.567,person,person,176,0.8399,1089.71,55.98,1124.09,130.12
377,12.567,racket,tennis racket,384,0.3767,813.73,109.12,829.76,123.55
377,12.567,ball,sports ball,114,0.2835,1022.99,273.13,1033.99,281.52
377,12.567,racket,tennis racket,385,0.4829,1197.86,368.39,1214.44,402.54
378,12.6,person,person,1,0.9159,1123.98,281.64,1208.49,448.55
378,12.6,person,person,2,0.7791,1047.45,16.54,1084.8,79.85
378,12.6,person,person,139,0.8874,474.08,450.93,589.32,637.62
378,12.6,person,person,236,0.8739,803.95,61.96,851.67,147.34
378,12.6,person,person,8,0.4913,785.45,19.74,822.04,75.85
378,12.6,racket,tennis racket,371,0.721,568.16,500.47,603.31,533.25
378,12.6,person,person,226,0.2641,63.53,425.35,103.15,479.38
378,12.6,person,person,373,0.412,1050.68,0.0,1070.73,17.37
378,12.6,person,person,176,0.8477,1089.29,55.61,1124.11,130.31
378,12.6,racket,tennis racket,384,0.2525,813.64,109.29,828.47,122.53
378,12.6,ball,sports ball,114,0.3046,1023.03,273.19,1033.88,281.47
378,12.6,racket,tennis racket,385,0.5164,1197.42,367.16,1214.56,402.5
378,12.6,person,person,386,0.3621,389.07,74.57,422.14,120.68
379,12.633,person,person,1,0.9159,1118.8,281.38,1205.76,448.56
379,12.633,person,person,2,0.7819,1047.47,16.47,1084.9,79.85
379,12.633,person,person,139,0.9201,477.31,444.42,594.41,635.68
379,12.633,person,person,236,0.8747,804.03,61.9,851.6,147.28
379,12.633,person,person,8,0.399,785.71,20.1,821.8,75.57
379,12.633,racket,tennis racket,371,0.7158,575.37,491.68,610.45,524.38
379,12.633,person,person,226,0.2632,63.33,425.8,102.7,479.63
379,12.633,person,person,373,0.3115,1050.79,0.0,1070.58,17.14
379,12.633,person,person,176,0.8522,1088.55,55.5,1123.62,130.79
379,12.633,ball,sports ball,114,0.3174,1023.04,273.23,1033.84,281.45
379,12.633,racket,tennis racket,385,0.4685,1197.19,366.53,1214.57,402.38
379,12.633,person,person,386,0.3887,388.58,74.35,421.8,120.64
380,12.667,person,person,1,0.9268,1114.65,280.95,1204.18,448.6
380,12.667,person,person,2,0.7791,1047.54,16.42,1085.01,79.84
380,12.667,person,person,139,0.9106,480.51,438.0,599.1,633.07
380,12.667,person,person,236,0.8743,804.02,61.85,851.48,147.28
380,12.667,person,person,8,0.4234,785.69,20.2,821.32,75.29
380,12.667,racket,tennis racket,371,0.786,580.76,482.49,615.79,515.2
380,12.667,person,person,226,0.2583,63.27,426.0,102.5,479.78
380,12.667,person,person,373,0.3025,1050.85,0.0,1070.67,17.15
380,12.667,person,person,176,0.8473,1087.63,55.39,1122.85,131.06
380,12.667,ball,sports ball,114,0.32,1023.06,273.25,1033.83,281.45
380,12.667,racket,tennis racket,385,0.3109,1196.58,364.01,1214.81,401.76
380,12.667,person,person,386,0.4523,389.68,73.79,423.45,120.64
381,12.7,person,person,1,0.9256,1112.51,280.76,1204.29,448.63
381,12.7,person,person,2,0.7821,1047.55,16.34,1085.07,79.86
381,12.7,person,person,139,0.9111,481.79,435.64,600.52,632.15
381,12.7,person,person,236,0.876,804.08,61.83,851.42,147.26
381,12.7,person,person,8,0.4273,785.7,20.24,821.03,75.11
381,12.7,racket,tennis racket,371,0.7854,582.57,479.13,617.56,511.86
381,12.7,person,person,226,0.2631,63.17,425.61,102.58,479.81
381,12.7,person,person,373,0.3157,1050.88,0.0,1070.69,17.13
381,12.7,person,person,176,0.8483,1087.33,55.36,1122.57,131.15
381,12.7,ball,sports ball,114,0.3014,1023.07,273.3,1033.79,281.45
381,12.7,racket,tennis racket,385,0.2619,1196.51,363.3,1214.92,401.55
381,12.7,person,person,386,0.4675,389.96,73.62,424.1,120.71
382,12.733,person,person,1,0.9354,1110.74,280.86,1204.34,448.71
382,12.733,person,person,2,0.7662,1047.59,16.3,1085.12,79.82
382,12.733,person,person,139,0.8955,485.49,431.9,604.22,629.74
382,12.733,person,person,236,0.8739,804.12,61.86,851.32,147.24
382,12.733,person,person,8,0.4054,786.29,19.81,821.68,74.89
382,12.733,racket,tennis racket,371,0.7651,586.85,473.04,621.63,505.7
382,12.733,person,person,226,0.2698,64.29,424.48,103.68,478.34
382,12.733,person,person,373,0.3543,1051.11,0.0,1070.95,17.15
382,12.733,person,person,176,0.8467,1086.8,55.32,1122.15,131.53
382,12.733,ball,sports ball,114,0.3714,1023.04,273.31,1033.82,281.52
382,12.733,racket,tennis racket,385,0.49,1195.97,363.0,1214.04,400.69
382,12.733,person,person,386,0.5059,389.94,73.45,424.74,121.25
383,12.767,person,person,1,0.939,1109.3,281.3,1204.39,448.91
383,12.767,person,person,2,0.7698,1047.81,17.53,1084.67,79.77
383,12.767,person,person,139,0.9016,491.72,428.11,610.81,627.03
383,12.767,person,person,236,0.8699,804.25,61.97,851.31,147.23
383,12.767,person,person,8,0.4704,786.76,19.29,822.53,75.2
383,12.767,racket,tennis racket,371,0.7377,590.22,467.91,625.12,500.89
383,12.767,person,person,226,0.2725,64.65,424.08,104.14,477.79
383,12.767,person,person,373,0.3933,1051.17,0.06,1071.05,17.27
383,12.767,person,person,176,0.8367,1086.36,55.32,1121.67,131.49
383,12.767,ball,sports ball,114,0.3845,1023.02,273.31,1033.83,281.55
383,12.767,racket,tennis racket,385,0.3884,1196.11,364.77,1212.76,399.68
383,12.767,person,person,386,0.6138,389.89,73.17,425.11,121.48
384,12.8,person,person,1,0.9278,1108.27,281.43,1204.7,449.08
384,12.8,person,person,2,0.7689,1048.17,18.73,1084.65,79.84
384,12.8,person,person,139,0.8923,496.48,425.58,614.2,623.5
384,12.8,person,person,236,0.8678,804.25,61.91,851.31,147.25
384,12.8,person,person,8,0.5116,788.56,19.21,824.27,75.14
384,12.8,racket,tennis racket,371,0.6732,593.31,462.76,629.03,497.23
384,12.8,person,person,226,0.2699,63.75,425.61,103.0,479.16
384,12.8,person,person,373,0.4197,1051.34,0.06,1070.93,16.99
384,12.8,person,person,176,0.8252,1084.91,55.68,1120.5,131.72
384,12.8,ball,sports ball,114,0.3826,1023.0,273.3,1033.81,281.55
384,12.8,racket,tennis racket,385,0.4759,1195.3,364.46,1211.73,399.24
384,12.8,person,person,386,0.6172,389.27,73.09,424.6,121.61
385,12.833,person,person,1,0.9265,1106.79,281.32,1204.25,449.24
385,12.833,person,person,2,0.7867,1049.29,19.97,1085.48,79.68
385,12.833,person,person,139,0.8811,503.97,423.55,619.07,617.53
385,12.833,person,person,236,0.8686,804.22,61.8,851.29,147.28
385,12.833,person,person,8,0.5458,790.16,19.61,826.21,75.71
385,12.833,racket,tennis racket,371,0.6971,597.57,459.17,632.61,493.89
385,12.833,person,person,226,0.2818,63.4,426.11,102.57,479.69
385,12.833,person,person,373,0.4412,1051.42,0.07,1070.86,16.86
385,12.833,person,person,176,0.8482,1083.63,56.45,1119.51,131.81
385,12.833,ball,sports ball,114,0.3806,1022.92,273.27,1033.78,281.54
385,12.833,racket,tennis racket,385,0.4617,1194.8,365.42,1209.99,397.94
385,12.833,person,person,386,0.6591,388.74,72.9,424.1,121.6
385,12.833,racket,tennis racket,388,0.3296,587.99,558.67,613.33,586.31
386,12.867,person,person,1,0.915,1105.45,281.16,1203.63,449.31
386,12.867,person,person,2,0.7848,1049.62,20.64,1085.89,79.61
386,12.867,person,person,139,0.8782,511.02,420.96,622.64,609.61
386,12.867,person,person,236,0.8688,804.24,61.68,851.3,147.25
386,12.867,person,person,8,0.5654,789.03,19.32,824.81,75.63
386,12.867,racket,tennis racket,371,0.727,601.66,456.36,635.92,491.22
386,12.867,person,person,226,0.2808,63.27,426.26,102.39,479.92
386,12.867,person,person,373,0.4356,1051.57,0.08,1070.88,16.74
386,12.867,person,person,176,0.8268,1082.48,57.63,1118.56,131.84
386,12.867,ball,sports ball,114,0.3471,1022.86,273.24,1033.76,281.54
386,12.867,person,person,386,0.6067,388.75,72.53,424.3,121.6
387,12.9,person,person,1,0.915,1104.85,281.11,1203.6,449.33
387,12.9,person,person,2,0.7873,1049.59,20.85,1086.19,79.6
387,12.9,person,person,139,0.8774,513.59,420.12,623.66,606.59
387,12.9,person,person,236,0.8691,804.25,61.63,851.26,147.23
387,12.9,person,person,8,0.569,788.6,19.2,824.1,75.64
387,12.9,racket,tennis racket,371,0.7265,603.3,455.45,636.71,490.29
387,12.9,person,person,226,0.2818,63.29,426.49,102.22,480.02
387,12.9,person,person,373,0.4403,1051.64,0.08,1070.9,16.7
387,12.9,person,person,176,0.8274,1081.89,58.08,1118.41,131.85
387,12.9,ball,sports ball,114,0.3492,1022.84,273.24,1033.76,281.55
387,12.9,person,person,386,0.5869,388.84,72.43,424.37,121.58
388,12.933,person,person,1,0.9153,1103.59,281.3,1202.67,449.57
388,12.933,person,person,2,0.8019,1049.83,21.28,1086.76,79.67
388,12.933,person,person,139,0.8821,521.11,418.05,628.67,600.55
388,12.933,person,person,236,0.8672,804.28,61.61,851.24,147.21
388,12.933,person,person,8,0.5778,789.99,19.18,825.35,75.7
388,12.933,racket,tennis racket,371,0.6926,605.89,452.78,639.23,488.42
388,12.933,person,person,226,0.2935,63.37,426.67,102.07,479.97
388,12.933,person,person,373,0.501,1051.36,0.11,1071.04,17.13
388,12.933,person,person,176,0.8306,1081.38,58.58,1118.07,131.33
388,12.933,ball,sports ball,114,0.3725,1022.85,273.23,1033.75,281.52
388,12.933,person,person,386,0.4724,388.73,72.73,423.94,121.48
389,12.967,person,person,1,0.9154,1102.47,281.25,1201.65,449.65
389,12.967,person,person,2,0.8108,1050.64,21.73,1088.13,79.75
389,12.967,person,person,139,0.9085,530.07,415.19,635.13,592.11
389,12.967,person,person,236,0.8685,804.21,61.01,851.38,147.18
389,12.967,person,person,8,0.5656,791.59,19.62,826.66,75.74
389,12.967,racket,tennis racket,371,0.6636,609.13,449.93,642.21,486.11
389,12.967,person,person,226,0.3038,64.34,424.92,103.51,478.59
389,12.967,person,person,373,0.5285,1051.27,0.15,1071.14,17.38
389,12.967,person,person,176,0.8225,1080.55,59.16,1117.86,131.53
389,12.967,ball,sports ball,114,0.3913,1022.86,273.24,1033.75,281.52
389,12.967,person,person,386,0.442,388.51,72.77,423.58,121.43
390,13.0,person,person,1,0.9264,1101.71,281.73,1200.39,449.73
390,13.0,person,person,2,0.7714,1051.08,21.12,1089.95,79.5
390,13.0,person,person,139,0.9021,538.8,411.1,644.17,586.01
390,13.0,person,person,236,0.8489,804.45,60.86,851.5,147.03
390,13.0,person,person,8,0.466,792.69,20.3,826.85,75.1
390,13.0,racket,tennis racket,371,0.6892,613.84,447.59,645.0,482.37
390,13.0,person,person,226,0.4059,64.73,424.35,105.08,479.14
390,13.0,person,person,373,0.5347,1051.03,0.21,1071.51,18.09
390,13.0,person,person,176,0.8082,1080.26,60.0,1118.1,131.91
390,13.0,ball,sports ball,114,0.3505,1022.89,273.22,1034.0,281.75
390,13.0,person,person,386,0.4817,388.48,72.14,423.37,120.85
390,13.0,person,person,6,0.5939,172.44,193.05,214.4,260.9
391,13.033,person,person,1,0.9206,1101.07,281.97,1199.29,449.73
391,13.033,person,person,2,0.7057,1053.8,20.69,1093.22,78.69
391,13.033,person,person,139,0.9156,546.92,407.2,655.09,583.62
391,13.033,person,person,236,0.8546,804.4,59.89,851.76,146.95
391,13.033,person,person,8,0.5476,792.61,20.56,826.74,75.89
391,13.033,racket,tennis racket,371,0.5552,619.09,444.85,648.49,478.28
391,13.033,person,person,226,0.3777,64.71,424.16,105.76,479.49
391,13.033,person,person,373,0.5349,1050.72,0.24,1071.93,18.96
391,13.033,person,person,176,0.7974,1080.18,60.7,1118.84,133.17
391,13.033,ball,sports ball,114,0.3697,1022.95,273.22,1034.07,281.83
391,13.033,person,person,386,0.4643,389.25,72.2,423.72,120.64
391,13.033,person,person,6,0.6002,173.1,192.24,214.96,260.89
392,13.067,person,person,1,0.917,1100.77,281.79,1198.74,449.7
392,13.067,person,person,2,0.667,1057.83,20.45,1097.98,78.3
392,13.067,person,person,139,0.9153,553.66,403.43,665.12,581.72
392,13.067,person,person,236,0.8529,804.33,59.24,851.85,146.91
392,13.067,person,person,8,0.5459,792.7,20.69,825.96,75.0
392,13.067,racket,tennis racket,371,0.5695,625.15,441.48,653.11,473.61
392,13.067,person,person,226,0.3876,64.54,424.1,105.85,479.44
392,13.067,person,person,373,0.4781,1050.53,0.26,1071.83,19.22
392,13.067,person,person,176,0.8143,1080.39,60.83,1119.84,134.3
392,13.067,ball,sports ball,114,0.3516,1022.99,273.23,1034.08,281.9
392,13.067,person,person,386,0.2668,389.48,72.94,422.94,120.32
392,13.067,person,person,6,0.6364,174.14,191.03,216.07,260.6
393,13.1,person,person,1,0.9167,1100.78,281.71,1198.48,449.69
393,13.1,person,person,2,0.672,1059.06,20.35,1099.93,78.18
393,13.1,person,person,139,0.9144,555.39,402.12,669.25,581.15
393,13.1,person,person,236,0.8538,804.38,59.08,851.82,146.91
393,13.1,person,person,8,0.5455,792.78,20.75,825.6,74.67
393,13.1,racket,tennis racket,371,0.5648,627.26,440.38,654.56,472.05
393,13.1,person,person,226,0.3881,64.51,424.04,105.98,479.27
393,13.1,person,person,373,0.4677,1050.54,0.27,1071.73,19.27
393,13.1,person,person,176,0.8141,1080.41,60.83,1120.31,134.73
393,13.1,ball,sports ball,114,0.3494,1023.04,273.24,1034.06,281.92
393,13.1,person,person,386,0.2756,389.65,73.13,422.65,120.2
393,13.1,person,person,6,0.6355,174.61,190.6,216.35,260.53
393,13.1,person,person,393,0.3048,794.89,19.87,823.39,95.27
394,13.133,person,person,1,0.9159,1100.57,281.53,1198.08,449.7
394,13.133,person,person,2,0.6623,1064.3,19.18,1105.48,77.84
394,13.133,person,person,139,0.91,558.72,399.69,675.11,580.25
394,13.133,person,person,236,0.8539,804.43,59.06,851.74,146.9
394,13.133,person,person,8,0.5191,792.92,20.67,825.66,74.8
394,13.133,racket,tennis racket,371,0.622,631.25,437.92,658.89,470.31
394,13.133,person,person,226,0.3401,64.16,424.01,106.48,480.13
394,13.133,person,person,373,0.4364,1050.59,0.2,1071.41,18.99
394,13.133,person,person,176,0.8437,1081.49,60.21,1121.88,134.98
394,13.133,ball,sports ball,114,0.3491,1023.08,273.24,1034.01,281.92
394,13.133,person,person,6,0.7352,175.62,188.89,217.85,259.87
394,13.133,person,person,393,0.3041,794.87,19.89,823.53,95.76
395,13.167,person,person,1,0.9131,1100.6,281.46,1197.94,449.74
395,13.167,person,person,2,0.6803,1071.25,18.22,1111.47,76.23
395,13.167,person,person,139,0.914,562.36,397.23,679.94,577.72
395,13.167,person,person,236,0.8546,804.42,58.99,851.65,146.92
395,13.167,person,person,8,0.5336,794.12,20.89,827.01,75.79
395,13.167,racket,tennis racket,371,0.6438,636.89,435.44,664.57,468.12
395,13.167,person,person,226,0.3978,64.37,423.95,106.63,479.64
395,13.167,person,person,373,0.4819,1050.37,0.18,1070.91,18.9
395,13.167,person,person,176,0.8592,1082.84,60.64,1123.39,135.74
395,13.167,ball,sports ball,114,0.3594,1023.14,273.27,1033.99,281.94
395,13.167,person,person,6,0.6274,176.85,187.29,219.38,258.98
395,13.167,person,person,393,0.3109,795.51,20.09,824.24,96.29
396,13.2,person,person,1,0.9104,1100.57,281.35,1197.75,449.7
396,13.2,person,person,2,0.6532,1077.42,18.18,1116.27,74.32
396,13.2,person,person,139,0.9158,566.46,395.34,682.61,572.07
396,13.2,person,person,236,0.8548,804.48,59.13,851.53,146.9
396,13.2,person,person,8,0.5404,794.52,20.99,827.12,76.06
396,13.2,racket,tennis racket,371,0.6884,642.54,432.46,670.63,465.67
396,13.2,person,person,226,0.4155,64.24,423.97,106.68,479.6
396,13.2,person,person,373,0.5154,1049.54,0.2,1070.21,19.03
396,13.2,person,person,176,0.7952,1085.68,61.95,1125.56,136.34
396,13.2,ball,sports ball,114,0.3345,1023.17,273.27,1033.93,281.92
396,13.2,person,person,6,0.6935,178.71,186.4,220.77,257.23
396,13.2,person,person,393,0.3288,795.69,20.3,824.21,96.13
397,13.233,person,person,1,0.913,1100.8,281.36,1197.83,449.72
397,13.233,person,person,2,0.4285,1078.84,17.81,1118.45,76.22
397,13.233,person,person,139,0.9094,569.87,393.94,684.3,567.29
397,13.233,person,person,236,0.8559,804.34,58.55,851.57,146.91
397,13.233,person,person,8,0.5099,794.54,21.04,826.84,76.38
397,13.233,racket,tennis racket,371,0.7142,648.11,429.29,677.19,463.6
397,13.233,person,person,226,0.4415,64.33,423.91,106.88,479.41
397,13.233,person,person,373,0.5914,1048.34,0.16,1069.7,19.64
397,13.233,person,person,176,0.8078,1088.36,62.51,1127.47,136.49
397,13.233,ball,sports ball,114,0.3268,1023.2,273.27,1033.9,281.91
397,13.233,person,person,6,0.662,180.93,186.45,221.79,255.15
398,13.267,person,person,1,0.9138,1101.11,281.36,1198.05,449.69
398,13.267,person,person,2,0.5725,1080.0,18.34,1118.45,76.65
398,13.267,person,person,139,0.9144,573.02,392.15,685.55,562.18
398,13.267,person,person,236,0.857,804.41,58.37,851.6,146.91
398,13.267,person,person,8,0.5489,795.04,21.02,826.78,76.19
398,13.267,racket,tennis racket,371,0.5788,653.27,425.84,682.15,459.73
398,13.267,person,person,226,0.4377,64.36,424.0,106.69,478.94
398,13.267,person,person,373,0.5724,1047.76,0.21,1068.95,19.47
398,13.267,person,person,176,0.8081,1090.15,62.83,1128.52,136.42
398,13.267,ball,sports ball,114,0.3887,1023.26,273.16,1033.88,281.77
398,13.267,person,person,6,0.4967,182.57,186.18,222.53,253.36
398,13.267,person,person,386,0.3095,392.79,70.11,426.23,119.37
399,13.3,person,person,1,0.9135,1101.26,281.34,1198.14,449.69
399,13.3,person,person,2,0.57,1080.87,18.6,1118.34,76.82
399,13.3,person,person,139,0.9132,573.89,391.59,685.85,560.37
399,13.3,person,person,236,0.8573,804.55,58.44,851.57,146.89
399,13.3,person,person,8,0.5443,795.35,21.01,826.62,76.11
399,13.3,racket,tennis racket,371,0.5775,654.97,424.68,683.92,458.5
399,13.3,person,person,226,0.4342,64.36,423.93,106.73,478.65
399,13.3,person,person,373,0.5763,1047.48,0.22,1068.66,19.44
399,13.3,person,person,176,0.8075,1090.92,62.95,1128.75,136.41
399,13.3,ball,sports ball,114,0.3788,1023.31,273.13,1033.87,281.72
399,13.3,person,person,6,0.476,183.14,186.12,222.81,252.84
399,13.3,person,person,386,0.2698,393.28,69.75,426.03,119.4
400,13.333,person,person,1,0.9137,1101.63,281.31,1198.49,449.68
400,13.333,person,person,2,0.5404,1081.95,18.91,1118.25,76.99
400,13.333,person,person,139,0.9092,576.06,389.28,686.4,555.15
400,13.333,person,person,236,0.8601,804.57,58.29,851.56,146.9
400,13.333,person,person,8,0.5799,795.55,20.97,826.25,75.82
400,13.333,racket,tennis racket,371,0.6595,657.6,422.0,686.38,455.3
400,13.333,person,person,226,0.3903,64.16,424.06,106.74,478.83
400,13.333,person,person,373,0.5778,1046.89,0.18,1068.09,19.26
400,13.333,person,person,176,0.8006,1092.65,63.34,1129.76,136.39
400,13.333,ball,sports ball,114,0.3644,1023.32,273.11,1033.86,281.71
400,13.333,person,person,6,0.3209,184.89,185.84,223.7,251.8
400,13.333,person,person,386,0.4396,392.9,69.94,425.2,120.0
401,13.367,person,person,1,0.9086,1102.08,281.38,1199.02,449.73
401,13.367,person,person,139,0.905,577.87,386.44,687.25,550.64
401,13.367,person,person,236,0.8595,804.57,58.15,851.53,146.92
401,13.367,person,person,8,0.5359,796.02,20.9,826.26,75.54
401,13.367,racket,tennis racket,371,0.7345,659.26,418.57,688.76,452.21
401,13.367,person,person,226,0.428,64.2,423.99,106.75,478.47
401,13.367,person,person,373,0.5148,1045.59,0.12,1067.09,19.15
401,13.367,person,person,176,0.8189,1092.03,63.94,1129.18,136.5
401,13.367,ball,sports ball,114,0.4036,1023.31,273.08,1033.84,281.7
401,13.367,person,person,386,0.4396,392.82,69.84,424.72,120.26
402,13.4,person,person,1,0.9084,1102.56,281.58,1199.35,449.16
402,13.4,person,person,139,0.9004,578.63,383.44,688.41,548.48
402,13.4,person,person,236,0.8587,804.77,58.96,851.28,146.93
402,13.4,person,person,8,0.5423,796.88,20.57,826.57,74.42
402,13.4,racket,tennis racket,371,0.5946,661.08,415.48,690.44,448.49
402,13.4,person,person,226,0.4561,64.17,424.06,106.83,478.42
402,13.4,person,person,373,0.4833,1044.39,0.15,1066.06,18.82
402,13.4,person,person,176,0.7327,1095.05,64.49,1132.15,136.84
402,13.4,ball,sports ball,114,0.4241,1023.33,273.08,1033.84,281.69
402,13.4,person,person,386,0.5136,393.57,69.88,425.07,120.66
402,13.4,person,person,2,0.5724,1086.7,20.22,1124.1,78.88
403,13.433,person,person,1,0.9111,1103.02,282.11,1199.68,448.82
403,13.433,person,person,139,0.8929,578.96,380.83,689.44,547.53
403,13.433,person,person,236,0.8599,804.85,59.52,851.08,146.96
403,13.433,person,person,8,0.5457,797.79,20.55,826.89,73.73
403,13.433,racket,tennis racket,371,0.6713,661.7,412.04,691.43,445.1
403,13.433,person,person,226,0.3913,63.59,424.12,106.55,478.59
403,13.433,person,person,373,0.5381,1042.66,0.13,1064.94,18.68
403,13.433,person,person,176,0.8066,1097.63,63.83,1135.55,137.25
403,13.433,ball,sports ball,114,0.4051,1023.36,273.07,1033.83,281.68
403,13.433,person,person,386,0.4986,394.0,69.89,424.93,120.54
403,13.433,person,person,2,0.5274,1087.48,20.6,1124.55,78.58
404,13.467,person,person,1,0.9044,1101.94,282.72,1199.0,448.99
404,13.467,person,person,139,0.8964,580.21,378.79,690.19,545.41
404,13.467,person,person,236,0.863,804.87,59.66,851.02,146.96
404,13.467,person,person,8,0.5257,798.34,20.57,827.12,73.47
404,13.467,racket,tennis racket,371,0.6686,661.56,409.68,692.23,443.66
404,13.467,person,person,226,0.4164,63.33,424.22,106.34,478.51
404,13.467,person,person,373,0.5497,1040.01,0.18,1063.82,19.13
404,13.467,person,person,176,0.8023,1100.74,63.76,1139.48,137.46
404,13.467,ball,sports ball,114,0.4345,1023.36,273.07,1033.82,281.69
404,13.467,person,person,386,0.4642,394.11,69.76,424.58,120.18
405,13.5,person,person,1,0.9047,1101.37,282.97,1198.93,449.06
405,13.5,person,person,139,0.896,580.65,378.12,690.23,544.76
405,13.5,person,person,236,0.863,804.87,59.73,850.99,146.96
405,13.5,person,person,8,0.5341,798.59,20.57,827.15,73.34
405,13.5,racket,tennis racket,371,0.6695,661.41,408.9,692.48,443.21
405,13.5,person,person,226,0.4282,63.22,424.23,106.3,478.4
405,13.5,person,person,373,0.558,1038.76,0.19,1063.76,19.35
405,13.5,person,person,176,0.8023,1101.84,63.72,1141.19,137.49
405,13.5,ball,sports ball,114,0.4346,1023.37,273.06,1033.82,281.69
405,13.5,person,person,386,0.4564,394.24,69.83,424.27,119.98
405,13.5,person,person,397,0.3478,1097.66,20.93,1123.99,58.84
406,13.533,person,person,1,0.9084,1098.04,283.5,1196.53,448.97
406,13.533,person,person,139,0.8961,582.25,377.76,690.3,542.6
406,13.533,person,person,236,0.8635,804.9,59.75,851.01,146.98
406,13.533,person,person,8,0.5228,798.57,20.63,826.84,73.27
406,13.533,racket,tennis racket,371,0.6134,662.15,408.05,692.51,441.43
406,13.533,person,person,226,0.4104,62.98,424.26,106.34,478.66
406,13.533,person,person,373,0.4697,1037.18,0.18,1063.15,19.35
406,13.533,person,person,176,0.7936,1102.84,63.88,1143.55,137.92
406,13.533,ball,sports ball,114,0.4492,1023.36,273.06,1033.82,281.71
406,13.533,person,person,386,0.4205,394.78,70.41,423.87,119.26
406,13.533,person,person,397,0.328,1097.4,21.37,1127.33,64.56
407,13.567,person,person,1,0.9156,1092.84,283.94,1192.88,448.66
407,13.567,person,person,139,0.9089,584.54,377.71,690.39,539.69
407,13.567,person,person,236,0.8556,804.8,59.66,850.96,147.0
407,13.567,person,person,8,0.5268,798.7,20.54,826.78,73.25
407,13.567,racket,tennis racket,371,0.6549,662.32,407.86,692.27,440.63
407,13.567,person,person,226,0.4109,62.93,424.26,106.47,478.75
407,13.567,person,person,373,0.5221,1035.66,0.16,1062.51,19.2
407,13.567,person,person,176,0.8346,1104.81,63.78,1147.42,139.89
407,13.567,ball,sports ball,114,0.4449,1023.37,273.07,1033.81,281.71
407,13.567,person,person,386,0.4865,394.58,70.09,424.07,119.88
408,13.6,person,person,1,0.9119,1087.73,284.85,1189.22,448.6
408,13.6,person,person,139,0.9037,587.01,377.58,691.56,538.18
408,13.6,person,person,236,0.8569,804.83,59.91,850.89,147.03
408,13.6,person,person,8,0.5175,798.82,20.75,827.0,73.97
408,13.6,racket,tennis racket,371,0.7032,662.19,408.66,692.18,441.26
408,13.6,person,person,226,0.3818,62.74,424.27,106.65,479.16
408,13.6,person,person,373,0.448,1034.86,0.12,1062.53,19.07
408,13.6,person,person,176,0.8372,1109.27,64.64,1152.28,141.04
408,13.6,ball,sports ball,114,0.4448,1023.37,273.07,1033.78,281.71
408,13.6,person,person,386,0.4857,394.88,70.26,424.24,120.19
408,13.6,person,person,2,0.5265,1098.71,20.75,1134.03,76.11
409,13.633,person,person,1,0.9096,1083.46,285.66,1186.33,448.29
409,13.633,person,person,139,0.9153,590.42,377.3,693.95,536.66
409,13.633,person,person,236,0.8565,804.78,59.86,850.89,147.03
409,13.633,person,person,8,0.5338,799.08,20.72,827.0,73.79
409,13.633,racket,tennis racket,371,0.6745,662.29,409.76,691.82,441.47
409,13.633,person,person,226,0.4027,62.72,424.25,106.74,479.18
409,13.633,person,person,373,0.5042,1034.33,0.05,1063.14,19.08
409,13.633,person,person,176,0.7824,1115.44,65.38,1157.92,142.01
409,13.633,ball,sports ball,114,0.4325,1023.37,273.08,1033.74,281.7
409,13.633,person,person,386,0.5372,394.91,70.49,424.15,120.52
409,13.633,person,person,2,0.6306,1100.6,21.38,1133.57,73.99
410,13.667,person,person,1,0.9138,1081.47,286.64,1185.47,448.35
410,13.667,person,person,139,0.91,594.62,376.94,698.98,537.19
410,13.667,person,person,236,0.8587,804.82,60.19,850.79,147.03
410,13.667,person,person,8,0.5512,799.36,20.79,826.94,73.55
410,13.667,racket,tennis racket,371,0.6412,663.1,411.75,691.12,441.36
410,13.667,person,person,226,0.3791,62.58,424.28,106.91,479.56
410,13.667,person,person,373,0.4308,1033.42,0.09,1062.93,18.99
410,13.667,person,person,176,0.8064,1121.56,66.96,1162.23,141.43
410,13.667,ball,sports ball,114,0.425,1023.36,273.08,1033.73,281.7
410,13.667,person,person,386,0.4807,394.96,70.89,423.86,120.67
410,13.667,person,person,2,0.7162,1103.76,20.83,1135.8,71.84
411,13.7,person,person,1,0.9155,1080.31,287.03,1185.66,448.4
411,13.7,person,person,139,0.9104,596.01,376.88,700.78,537.4
411,13.7,person,person,236,0.8583,804.84,60.33,850.76,147.01
411,13.7,person,person,8,0.5451,799.5,20.81,826.89,73.46
411,13.7,racket,tennis racket,371,0.6398,663.18,412.56,690.91,441.43
411,13.7,person,person,226,0.3979,62.53,424.32,106.98,479.72
411,13.7,person,person,373,0.4322,1032.92,0.1,1063.1,18.9
411,13.7,person,person,176,0.8074,1123.96,67.57,1163.62,141.19
411,13.7,ball,sports ball,114,0.4229,1023.38,273.09,1033.71,281.69
411,13.7,person,person,386,0.4953,394.91,70.38,423.75,120.62
411,13.7,person,person,2,0.7207,1104.76,20.64,1136.4,70.96
412,13.733,person,person,1,0.9088,1079.35,287.27,1186.07,448.51
412,13.733,person,person,139,0.9101,599.56,376.34,706.12,538.66
412,13.733,person,person,236,0.8568,804.84,60.42,850.76,147.02
412,13.733,person,person,8,0.5068,799.95,20.84,827.28,73.42
412,13.733,racket,tennis racket,371,0.5489,662.76,413.72,690.03,441.41
412,13.733,person,person,226,0.4192,62.58,424.34,107.02,479.66
412,13.733,person,person,373,0.3919,1031.98,0.08,1062.99,18.89
412,13.733,person,person,176,0.7711,1127.67,69.07,1166.3,141.69
412,13.733,ball,sports ball,114,0.4152,1023.39,273.1,1033.7,281.7
412,13.733,person,person,386,0.4684,394.35,70.33,422.7,120.48
412,13.733,person,person,2,0.7353,1104.74,19.35,1137.28,71.81
413,13.767,person,person,1,0.9123,1078.14,287.19,1186.32,448.6
413,13.767,person,person,139,0.9159,604.34,375.48,713.68,540.41
413,13.767,person,person,236,0.8585,804.98,60.7,850.78,147.0
413,13.767,person,person,8,0.4681,799.98,20.59,827.52,73.68
413,13.767,racket,tennis racket,371,0.6727,663.27,416.57,690.88,444.14
413,13.767,person,person,226,0.4079,62.55,424.32,107.13,479.76
413,13.767,person,person,373,0.3974,1030.94,0.09,1063.19,19.16
413,13.767,person,person,176,0.8057,1131.16,70.47,1169.34,142.79
413,13.767,ball,sports ball,114,0.4354,1023.4,273.11,1033.69,281.7
413,13.767,person,person,386,0.3199,393.29,71.58,420.84,120.83
414,13.8,person,person,1,0.9117,1077.04,286.96,1186.65,448.83
414,13.8,person,person,139,0.9199,607.74,375.11,722.16,546.3
414,13.8,person,person,236,0.8628,804.99,60.75,850.79,147.01
414,13.8,person,person,8,0.4927,799.9,20.51,827.48,73.8
414,13.8,racket,tennis racket,371,0.5845,665.05,419.01,691.62,445.11
414,13.8,person,person,226,0.4289,62.62,424.35,107.08,479.56
414,13.8,person,person,373,0.4642,1030.17,0.1,1063.12,19.17
414,13.8,person,person,176,0.7618,1133.13,71.95,1173.86,149.76
414,13.8,ball,sports ball,114,0.4146,1023.41,273.1,1033.66,281.68
414,13.8,person,person,386,0.277,392.97,72.99,420.04,121.2
415,13.833,person,person,1,0.9114,1074.79,286.0,1186.28,450.03
415,13.833,person,person,139,0.9247,609.89,375.28,727.49,550.8
415,13.833,person,person,236,0.8632,804.96,60.73,850.83,147.06
415,13.833,person,person,8,0.4959,799.77,20.47,827.49,74.21
415,13.833,racket,tennis racket,371,0.5637,667.67,420.03,693.6,445.2
415,13.833,person,person,226,0.4472,62.7,424.35,107.14,479.44
415,13.833,person,person,373,0.4187,1030.65,0.07,1063.13,18.57
415,13.833,person,person,176,0.7564,1135.06,73.18,1178.26,155.94
415,13.833,ball,sports ball,114,0.4299,1023.41,273.1,1033.65,281.66
415,13.833,person,person,386,0.2554,391.42,73.0,418.41,120.84
416,13.867,person,person,1,0.9007,1071.32,285.21,1184.21,452.03
416,13.867,person,person,139,0.9233,612.22,376.35,730.25,552.5
416,13.867,person,person,236,0.8672,805.0,61.02,850.79,147.11
416,13.867,person,person,8,0.4647,799.67,20.46,827.45,74.47
416,13.867,racket,tennis racket,371,0.6156,670.24,419.13,699.0,447.09
416,13.867,person,person,226,0.4455,62.73,424.36,107.15,479.35
416,13.867,person,person,373,0.4363,1030.24,0.03,1062.53,18.25
416,13.867,person,person,176,0.8137,1138.49,74.25,1183.18,159.71
416,13.867,ball,sports ball,114,0.4377,1023.42,273.1,1033.62,281.65
416,13.867,person,person,386,0.3645,390.12,72.3,417.57,120.73
417,13.9,person,person,1,0.9023,1070.21,284.89,1183.38,452.78
417,13.9,person,person,139,0.9233,613.0,376.79,731.19,553.16
417,13.9,person,person,236,0.8673,805.0,61.16,850.78,147.12
417,13.9,person,person,8,0.4641,799.68,20.46,827.42,74.53
417,13.9,racket,tennis racket,371,0.6168,671.24,418.81,700.77,447.53
417,13.9,person,person,226,0.4384,62.7,424.36,107.14,479.27
417,13.9,person,person,373,0.4397,1030.02,0.01,1062.38,18.13
417,13.9,person,person,176,0.8146,1139.72,74.63,1185.04,161.16
417,13.9,ball,sports ball,114,0.4391,1023.42,273.1,1033.61,281.65
417,13.9,person,person,386,0.3761,389.7,72.02,417.38,120.69
418,13.933,person,person,1,0.9003,1066.52,284.82,1179.8,455.08
418,13.933,person,person,139,0.9145,614.71,377.93,732.07,553.39
418,13.933,person,person,236,0.869,804.98,61.19,850.78,147.13
418,13.933,person,person,8,0.4271,799.53,20.48,827.27,74.61
418,13.933,racket,tennis racket,371,0.5897,674.01,416.82,702.45,444.04
418,13.933,person,person,226,0.4214,62.51,424.33,107.37,479.76
418,13.933,person,person,373,0.4261,1029.03,0.01,1061.07,17.95
418,13.933,person,person,176,0.8208,1140.31,77.41,1184.9,161.61
418,13.933,ball,sports ball,114,0.4294,1023.43,273.09,1033.62,281.64
418,13.933,person,person,386,0.2608,388.54,71.44,417.07,120.77
419,13.967,person,person,1,0.9062,1063.57,284.93,1176.76,457.79
419,13.967,person,person,139,0.9076,616.18,379.53,732.22,553.34
419,13.967,person,person,236,0.8676,804.91,61.15,850.76,147.11
419,13.967,person,person,8,0.4252,799.3,20.49,827.17,74.96
419,13.967,racket,tennis racket,371,0.681,676.77,414.88,704.88,441.08
419,13.967,person,person,226,0.4376,62.46,424.32,107.49,479.93
419,13.967,person,person,373,0.3924,1028.67,0.0,1060.38,17.81
419,13.967,person,person,176,0.7751,1142.05,79.29,1185.96,161.48
419,13.967,ball,sports ball,114,0.4202,1023.45,273.09,1033.61,281.62
419,13.967,person,person,386,0.3938,386.24,71.37,414.87,121.05
419,13.967,racket,tennis racket,399,0.356,1144.37,62.26,1174.98,91.12
420,14.0,person,person,1,0.9054,1061.01,285.33,1174.17,460.67
420,14.0,person,person,139,0.903,616.86,380.91,731.87,553.25
420,14.0,person,person,236,0.8672,804.83,61.24,850.63,147.07
420,14.0,person,person,8,0.4551,798.85,20.51,827.19,75.95
420,14.0,racket,tennis racket,371,0.5625,678.43,412.42,708.29,439.57
420,14.0,person,person,226,0.4297,62.47,424.32,107.62,480.07
420,14.0,person,person,373,0.3251,1028.57,0.0,1059.86,17.65
420,14.0,person,person,176,0.8021,1144.83,81.16,1188.07,161.29
420,14.0,ball,sports ball,114,0.3991,1023.46,273.09,1033.6,281.62
420,14.0,person,person,386,0.4247,384.62,71.65,412.78,121.05
420,14.0,racket,tennis racket,399,0.34,1142.53,64.88,1174.74,95.32
421,14.033,person,person,1,0.9041,1058.81,285.7,1171.41,462.49
421,14.033,person,person,139,0.9053,616.95,381.99,731.51,553.11
421,14.033,person,person,236,0.8634,804.73,61.52,850.43,147.1
421,14.033,person,person,8,0.4506,798.59,20.54,827.0,76.12
421,14.033,racket,tennis racket,371,0.5106,679.39,409.18,712.31,438.53
421,14.033,person,person,226,0.4172,62.42,424.31,107.71,480.21
421,14.033,person,person,373,0.358,1028.62,0.0,1059.53,17.53
421,14.033,person,person,176,0.7557,1148.02,82.11,1191.13,161.47
421,14.033,ball,sports ball,114,0.4085,1023.46,273.1,1033.6,281.63
421,14.033,person,person,386,0.4431,383.8,71.21,411.91,121.02
422,14.067,person,person,1,0.9059,1056.97,285.97,1170.22,466.26
422,14.067,person,person,139,0.9101,615.26,383.58,729.99,553.41
422,14.067,person,person,236,0.8692,804.38,61.06,850.35,147.05
422,14.067,person,person,8,0.4632,797.9,20.58,826.45,76.73
422,14.067,racket,tennis racket,371,0.4717,681.35,405.97,715.99,436.65
422,14.067,person,person,226,0.4155,62.28,424.35,107.63,480.38
422,14.067,person,person,373,0.4124,1028.67,0.05,1059.69,17.68
422,14.067,person,person,176,0.7884,1151.69,81.46,1194.88,161.24
422,14.067,ball,sports ball,114,0.3794,1023.45,273.11,1033.61,281.65
422,14.067,person,person,386,0.4601,384.3,71.14,412.37,120.83
423,14.1,person,person,1,0.9063,1056.75,286.07,1169.38,467.64
423,14.1,person,person,139,0.9095,614.28,384.15,729.6,553.48
423,14.1,person,person,236,0.8695,804.23,60.9,850.34,147.03
423,14.1,person,person,8,0.4546,797.7,20.62,826.16,76.86
423,14.1,racket,tennis racket,371,0.4776,681.98,404.76,717.43,435.97
423,14.1,person,person,226,0.413,62.25,424.33,107.61,480.38
423,14.1,person,person,373,0.4007,1028.75,0.07,1059.76,17.74
423,14.1,person,person,176,0.7879,1153.02,81.19,1196.13,161.08
423,14.1,ball,sports ball,114,0.3859,1023.44,273.1,1033.62,281.66
423,14.1,person,person,386,0.4565,384.49,71.13,412.53,120.75
423,14.1,person,person,405,0.3449,1099.81,21.09,1139.75,67.0
424,14.133,person,person,1,0.9064,1056.57,286.69,1168.39,469.13
424,14.133,person,person,139,0.9201,610.88,384.78,727.39,553.32
424,14.133,person,person,236,0.8682,804.24,61.3,850.0,146.5
424,14.133,person,person,8,0.4371,797.86,20.6,826.47,77.11
424,14.133,racket,tennis racket,371,0.4997,684.7,402.52,720.5,434.32
424,14.133,person,person,226,0.4141,62.28,424.33,107.67,480.47
424,14.133,person,person,373,0.4082,1028.88,0.07,1059.78,17.7
424,14.133,person,person,176,0.7831,1155.18,80.34,1198.5,161.06
424,14.133,ball,sports ball,114,0.3568,1023.46,273.11,1033.62,281.66
424,14.133,person,person,386,0.4974,384.58,71.48,412.51,120.81
424,14.133,person,person,405,0.7175,1096.64,19.43,1138.27,67.4
424,14.133,racket,tennis racket,407,0.472,683.38,402.59,722.11,448.41
425,14.167,person,person,1,0.8999,1056.91,287.79,1167.84,471.03
425,14.167,person,person,139,0.9088,606.94,385.52,724.93,553.05
425,14.167,person,person,236,0.878,803.96,61.77,849.57,146.18
425,14.167,person,person,8,0.4868,798.65,20.58,827.74,77.45
425,14.167,racket,tennis racket,371,0.364,688.9,400.31,722.93,430.59
425,14.167,person,person,226,0.4554,62.69,424.24,107.54,479.65
425,14.167,person,person,373,0.4169,1029.74,0.11,1060.27,17.64
425,14.167,person,person,176,0.7943,1155.31,78.66,1199.37,161.09
425,14.167,ball,sports ball,114,0.356,1023.46,273.11,1033.63,281.67
425,14.167,person,person,386,0.5335,383.67,71.73,411.45,121.14
425,14.167,person,person,405,0.6614,1092.61,17.87,1135.27,67.35
425,14.167,racket,tennis racket,407,0.6351,687.16,400.39,724.91,445.15
425,14.167,person,person,6,0.5933,222.06,164.17,258.45,227.34
426,14.2,person,person,1,0.8946,1058.35,289.75,1167.49,472.32
426,14.2,person,person,139,0.9011,604.05,386.89,723.64,553.26
426,14.2,person,person,236,0.8782,803.13,62.98,848.61,145.96
426,14.2,person,person,8,0.4341,800.18,20.57,829.94,77.37
426,14.2,person,person,226,0.4791,63.07,423.99,108.1,479.49
426,14.2,person,person,373,0.3222,1031.08,0.12,1061.31,17.71
426,14.2,person,person,176,0.8413,1154.91,76.74,1200.16,161.13
426,14.2,ball,sports ball,114,0.389,1023.43,273.09,1033.63,281.68
426,14.2,person,person,386,0.6003,383.36,71.9,411.16,121.16
426,14.2,person,person,405,0.5576,1090.72,17.31,1132.95,66.71
426,14.2,racket,tennis racket,407,0.7563,690.45,398.12,728.67,443.62
426,14.2,person,person,6,0.497,222.82,163.35,258.93,227.11
427,14.233,person,person,1,0.906,1060.38,291.55,1167.68,473.39
427,14.233,person,person,139,0.9096,599.98,381.0,725.23,553.31
427,14.233,person,person,236,0.8787,801.35,63.93,847.2,145.83
427,14.233,person,person,8,0.48,800.11,20.56,830.28,77.21
427,14.233,person,person,226,0.4998,63.21,423.8,108.46,479.43
427,14.233,person,person,373,0.2876,1031.16,0.04,1060.72,17.48
427,14.233,person,person,176,0.8081,1154.5,74.66,1201.04,161.24
427,14.233,ball,sports ball,114,0.408,1023.47,273.11,1033.62,281.67
427,14.233,person,person,386,0.533,383.28,72.23,410.73,120.8
427,14.233,person,person,405,0.529,1089.83,16.29,1129.99,63.7
427,14.233,racket,tennis racket,407,0.8424,693.28,396.81,731.19,442.07
427,14.233,person,person,6,0.4254,223.75,162.9,259.23,226.32
428,14.267,person,person,1,0.9019,1062.45,293.28,1167.67,473.78
428,14.267,person,person,139,0.9133,594.06,369.23,726.88,551.87
428,14.267,person,person,236,0.8908,799.82,64.97,846.17,145.64
428,14.267,person,person,8,0.5558,800.18,20.56,830.73,76.81
428,14.267,person,person,226,0.4966,63.14,423.86,108.32,479.27
428,14.267,person,person,373,0.2669,1031.39,0.04,1060.37,17.3
428,14.267,person,person,176,0.7841,1156.52,73.26,1203.31,160.66
428,14.267,ball,sports ball,114,0.4057,1023.51,273.15,1033.58,281.64
428,14.267,person,person,386,0.5313,383.13,72.25,410.17,120.16
428,14.267,person,person,405,0.5419,1088.03,15.21,1126.51,61.24
428,14.267,racket,tennis racket,407,0.7596,696.4,396.71,730.91,437.88
428,14.267,person,person,6,0.587,225.27,162.79,260.31,225.2
429,14.3,person,person,1,0.9018,1063.6,293.89,1167.35,473.87
429,14.3,person,person,139,0.9127,591.81,364.82,727.49,551.3
429,14.3,person,person,236,0.89,798.97,65.37,846.11,145.56
429,14.3,person,person,8,0.5512,799.9,20.57,830.88,76.62
429,14.3,person,person,226,0.5198,63.19,423.87,108.14,478.86
429,14.3,person,person,373,0.2667,1031.47,0.04,1060.15,17.29
429,14.3,person,person,176,0.7843,1157.42,72.73,1204.17,160.41
429,14.3,ball,sports ball,114,0.4055,1023.52,273.18,1033.56,281.63
429,14.3,person,person,386,0.5289,383.07,72.25,409.96,119.97
429,14.3,person,person,405,0.5529,1087.7,14.78,1125.4,60.56
429,14.3,racket,tennis racket,407,0.759,697.25,396.81,730.65,436.63
429,14.3,person,person,6,0.6008,225.72,162.78,260.62,224.82
430,14.333,person,person,1,0.9009,1065.04,294.46,1167.39,474.05
430,14.333,person,person,139,0.9037,586.82,355.74,727.01,550.29
430,14.333,person,person,236,0.8879,798.12,66.06,845.89,145.34
430,14.333,person,person,8,0.5212,799.68,20.57,830.7,75.75
430,14.333,person,person,226,0.5569,63.29,423.73,108.04,478.32
430,14.333,person,person,373,0.2974,1031.32,0.04,1059.45,17.15
430,14.333,person,person,176,0.8005,1159.32,72.45,1204.94,158.11
430,14.333,ball,sports ball,114,0.3857,1023.52,273.2,1033.52,281.62
430,14.333,person,person,386,0.5933,382.61,71.93,409.72,120.04
430,14.333,person,person,405,0.5063,1087.08,14.57,1123.16,59.06
430,14.333,racket,tennis racket,407,0.7123,699.48,397.53,728.49,431.52
430,14.333,person,person,6,0.6352,227.2,162.49,262.6,224.86
431,14.367,person,person,1,0.9004,1066.01,294.71,1167.26,474.3
431,14.367,person,person,139,0.8998,581.19,344.63,725.01,547.72
431,14.367,person,person,236,0.8993,797.4,67.07,845.73,145.32
431,14.367,person,person,8,0.5648,800.1,20.56,831.82,75.66
431,14.367,person,person,226,0.5552,63.48,423.81,107.65,477.52
431,14.367,person,person,373,0.372,1031.24,0.05,1059.06,17.19
431,14.367,person,person,176,0.8026,1161.38,72.76,1207.18,159.15
431,14.367,ball,sports ball,114,0.3796,1023.5,273.19,1033.53,281.64
431,14.367,person,person,386,0.4778,382.27,71.89,409.28,119.81
431,14.367,person,person,6,0.6299,228.68,162.25,264.18,224.36
431,14.367,racket,tennis racket,371,0.6542,700.34,397.37,728.94,421.79
432,14.4,person,person,1,0.8926,1067.21,294.84,1167.36,474.32
432,14.4,person,person,139,0.8751,579.27,334.98,723.97,542.72
432,14.4,person,person,236,0.9008,796.81,68.09,845.66,145.26
432,14.4,person,person,8,0.6372,800.34,20.5,832.6,75.23
432,14.4,person,person,226,0.5369,63.64,423.53,107.97,477.24
432,14.4,person,person,373,0.3846,1031.49,0.06,1058.4,16.84
432,14.4,person,person,176,0.8041,1163.31,73.73,1208.95,159.88
432,14.4,ball,sports ball,114,0.4035,1023.49,273.19,1033.52,281.63
432,14.4,person,person,386,0.543,381.81,71.63,409.13,120.07
432,14.4,person,person,6,0.638,229.39,161.86,265.4,223.67
432,14.4,racket,tennis racket,371,0.6637,703.59,396.17,730.3,417.77
432,14.4,person,person,405,0.5459,1084.13,14.05,1120.44,59.93
433,14.433,person,person,1,0.8956,1069.24,295.28,1168.13,474.38
433,14.433,person,person,139,0.8998,578.84,326.63,722.81,536.57
433,14.433,person,person,236,0.8978,796.48,69.42,845.61,145.23
433,14.433,person,person,8,0.6792,800.06,20.47,833.06,75.26
433,14.433,person,person,226,0.525,63.7,423.13,108.16,476.84
433,14.433,person,person,373,0.3558,1031.57,0.12,1058.33,16.99
433,14.433,person,person,176,0.8278,1164.12,75.4,1209.24,160.21
433,14.433,ball,sports ball,114,0.3982,1023.48,273.19,1033.52,281.64
433,14.433,person,person,386,0.6036,381.66,71.38,409.32,120.25
433,14.433,person,person,6,0.593,229.98,161.39,267.64,224.37
433,14.433,racket,tennis racket,371,0.7113,708.4,394.22,733.96,413.66
433,14.433,person,person,405,0.5679,1082.78,13.71,1118.84,60.44
434,14.467,person,person,1,0.8987,1070.72,295.77,1168.77,475.09
434,14.467,person,person,139,0.7126,580.62,321.04,723.6,531.83
434,14.467,person,person,236,0.8941,796.3,70.26,845.89,145.23
434,14.467,person,person,8,0.6604,799.86,20.46,833.28,74.8
434,14.467,person,person,226,0.4689,63.39,422.99,108.61,477.57
434,14.467,person,person,373,0.3692,1032.06,0.09,1058.34,16.9
434,14.467,person,person,176,0.8103,1164.46,77.35,1208.91,160.41
434,14.467,ball,sports ball,114,0.3932,1023.46,273.18,1033.54,281.66
434,14.467,person,person,386,0.5915,381.46,71.19,409.43,120.34
434,14.467,person,person,6,0.5235,230.51,160.9,269.02,223.21
434,14.467,person,person,405,0.7649,1080.68,11.09,1117.51,60.22
435,14.5,person,person,1,0.8983,1071.51,295.89,1168.74,475.34
435,14.5,person,person,139,0.724,581.71,318.98,723.42,530.04
435,14.5,person,person,236,0.8943,795.98,70.56,846.29,145.24
435,14.5,person,person,8,0.6619,799.64,20.46,833.59,74.62
435,14.5,person,person,226,0.4709,63.28,422.97,108.84,477.92
435,14.5,person,person,373,0.3643,1032.38,0.07,1058.24,16.84
435,14.5,person,person,176,0.8125,1164.46,78.03,1208.82,160.48
435,14.5,ball,sports ball,114,0.3941,1023.45,273.18,1033.53,281.66
435,14.5,person,person,386,0.6004,381.38,71.13,409.53,120.37
435,14.5,person,person,6,0.5292,230.25,160.74,269.99,223.38
435,14.5,person,person,405,0.7677,1080.13,9.9,1116.76,60.16
436,14.533,person,person,1,0.9008,1072.9,296.56,1169.02,475.22
436,14.533,person,person,139,0.8622,588.01,315.39,732.31,529.69
436,14.533,person,person,236,0.8903,795.51,70.88,846.33,144.92
436,14.533,person,person,8,0.6593,799.32,20.43,833.94,74.74
436,14.533,person,person,226,0.4722,63.16,422.84,109.01,478.2
436,14.533,person,person,373,0.4182,1032.27,0.07,1056.98,16.56
436,14.533,person,person,176,0.7846,1164.69,79.63,1208.45,160.47
436,14.533,ball,sports ball,114,0.4049,1023.45,273.18,1033.54,281.66
436,14.533,person,person,386,0.5963,381.14,71.33,409.46,120.48
436,14.533,person,person,6,0.5693,231.92,160.13,272.89,224.01
436,14.533,person,person,405,0.7934,1077.78,5.93,1116.79,61.15
437,14.567,person,person,1,0.9037,1073.81,296.77,1169.14,474.86
437,14.567,person,person,139,0.8787,589.75,313.0,735.41,529.45
437,14.567,person,person,236,0.8864,795.55,70.99,846.81,144.06
437,14.567,person,person,8,0.6732,798.9,20.42,833.84,74.33
437,14.567,person,person,226,0.4856,63.13,422.68,109.27,478.5
437,14.567,person,person,373,0.4207,1032.82,0.07,1055.99,15.95
437,14.567,person,person,176,0.7296,1164.71,81.02,1208.01,160.52
437,14.567,ball,sports ball,114,0.4059,1023.45,273.18,1033.53,281.65
437,14.567,person,person,386,0.5891,380.84,71.24,409.42,120.44
437,14.567,person,person,6,0.5734,234.25,159.06,275.27,222.31
437,14.567,person,person,405,0.788,1075.79,4.86,1114.72,61.0
438,14.6,person,person,1,0.9078,1074.06,297.08,1168.96,474.79
438,14.6,person,person,139,0.8967,590.56,312.17,736.65,529.63
438,14.6,person,person,236,0.8846,795.29,70.74,846.98,142.92
438,14.6,person,person,8,0.6508,798.47,20.42,834.04,74.59
438,14.6,person,person,226,0.5084,63.62,422.75,109.03,477.73
438,14.6,person,person,373,0.3576,1034.88,0.02,1056.28,15.02
438,14.6,person,person,176,0.6479,1164.36,81.71,1207.59,160.45
438,14.6,ball,sports ball,114,0.3737,1023.45,273.17,1033.53,281.65
438,14.6,person,person,386,0.6489,380.76,71.19,409.59,120.38
438,14.6,person,person,6,0.5383,237.15,157.33,278.08,220.77
438,14.6,person,person,405,0.7563,1074.08,4.06,1112.4,59.83
438,14.6,racket,tennis racket,415,0.5429,741.82,344.15,779.04,386.52
439,14.633,person,person,1,0.9129,1074.11,297.49,1168.48,474.08
439,14.633,person,person,139,0.9026,592.28,311.78,738.95,529.85
439,14.633,person,person,236,0.8748,794.69,70.14,847.44,142.59
439,14.633,person,person,8,0.6229,798.04,20.43,834.13,74.8
439,14.633,person,person,226,0.4948,63.56,422.92,108.93,477.98
439,14.633,person,person,176,0.658,1162.58,81.77,1206.44,160.43
439,14.633,ball,sports ball,114,0.3668,1023.43,273.17,1033.54,281.67
439,14.633,person,person,386,0.4683,379.45,71.16,408.09,120.35
439,14.633,person,person,6,0.7277,239.3,155.4,279.9,219.02
439,14.633,person,person,405,0.7874,1073.16,3.79,1110.08,57.78
439,14.633,racket,tennis racket,415,0.6761,745.52,354.9,767.54,378.98
440,14.667,person,person,1,0.9081,1074.49,297.62,1168.96,473.79
440,14.667,person,person,139,0.9061,592.62,313.65,738.02,529.74
440,14.667,person,person,236,0.8754,794.34,69.43,847.99,142.01
440,14.667,person,person,8,0.6116,797.75,20.42,834.13,74.71
440,14.667,person,person,226,0.5349,64.06,422.65,108.78,476.79
440,14.667,person,person,176,0.7861,1162.94,81.75,1206.98,160.4
440,14.667,ball,sports ball,114,0.3955,1023.45,273.19,1033.51,281.65
440,14.667,person,person,386,0.4912,378.63,71.22,407.09,120.31
440,14.667,person,person,6,0.7533,240.35,153.5,280.93,218.17
440,14.667,person,person,405,0.7762,1071.73,3.92,1107.87,56.69
441,14.7,person,person,1,0.9082,1074.53,297.64,1169.21,473.66
441,14.7,person,person,139,0.9062,592.81,314.51,737.7,529.74
441,14.7,person,person,236,0.8758,793.98,69.14,848.4,141.79
441,14.7,person,person,8,0.6171,797.52,20.41,834.25,74.8
441,14.7,person,person,226,0.5244,64.08,422.58,108.78,476.62
441,14.7,person,person,176,0.7844,1163.0,81.7,1207.22,160.4
441,14.7,ball,sports ball,114,0.3949,1023.46,273.19,1033.51,281.64
441,14.7,person,person,386,0.5127,378.43,71.25,406.8,120.38
441,14.7,person,person,6,0.7558,240.9,152.84,281.11,217.92
441,14.7,person,person,405,0.7766,1071.22,4.05,1107.06,56.29
441,14.7,racket,tennis racket,420,0.6593,722.52,353.02,779.53,377.68
441,14.7,racket,tennis racket,421,0.3351,1143.93,116.87,1162.77,130.05
442,14.733,person,person,1,0.914,1074.56,297.89,1169.53,473.58
442,14.733,person,person,139,0.9237,589.75,317.21,733.63,529.78
442,14.733,person,person,236,0.8737,793.64,68.69,848.76,141.33
442,14.733,person,person,8,0.5442,796.7,20.39,833.06,73.66
442,14.733,person,person,226,0.5241,63.57,422.76,108.43,477.05
442,14.733,person,person,176,0.81,1163.69,81.36,1208.09,160.54
442,14.733,ball,sports ball,114,0.3958,1023.48,273.18,1033.54,281.65
442,14.733,person,person,386,0.5652,377.97,71.56,406.15,120.83
442,14.733,person,person,6,0.7511,240.93,151.55,279.97,215.74
442,14.733,person,person,405,0.7682,1067.92,3.94,1103.01,55.47
442,14.733,racket,tennis racket,420,0.6484,715.13,352.78,781.13,381.47
442,14.733,racket,tennis racket,421,0.3552,1143.63,116.06,1162.15,129.02
442,14.733,person,person,373,0.2978,1038.36,0.0,1055.91,11.89
443,14.767,person,person,1,0.9166,1074.52,298.12,1169.87,473.61
443,14.767,person,person,139,0.9283,586.24,321.54,728.27,529.71
443,14.767,person,person,236,0.8574,793.59,68.17,849.41,140.74
443,14.767,person,person,8,0.4846,794.09,20.76,829.24,72.84
443,14.767,person,person,226,0.4637,63.64,422.31,108.5,476.54
443,14.767,person,person,176,0.7985,1164.52,81.03,1208.91,160.66
443,14.767,ball,sports ball,114,0.3705,1023.48,273.19,1033.52,281.64
443,14.767,person,person,386,0.5026,377.83,71.57,405.7,120.94
443,14.767,person,person,6,0.7462,240.78,149.26,279.38,213.35
443,14.767,person,person,405,0.7899,1065.48,2.89,1100.1,54.84
443,14.767,racket,tennis racket,420,0.6694,712.71,356.45,777.45,384.78
444,14.8,person,person,1,0.9199,1074.42,298.33,1170.02,473.33
444,14.8,person,person,139,0.9142,582.82,328.94,720.71,529.46
444,14.8,person,person,236,0.8658,793.35,68.24,849.59,140.43
444,14.8,person,person,8,0.5623,795.57,20.5,830.98,72.28
444,14.8,person,person,226,0.3721,63.13,422.31,107.93,476.59
444,14.8,person,person,176,0.8074,1164.82,79.7,1209.58,160.75
444,14.8,ball,sports ball,114,0.4058,1023.47,273.19,1033.52,281.64
444,14.8,person,person,386,0.3473,377.74,72.18,404.83,120.76
444,14.8,person,person,6,0.3678,240.21,147.59,278.93,211.18
444,14.8,person,person,405,0.8059,1063.8,1.32,1098.48,54.58
444,14.8,racket,tennis racket,420,0.703,708.37,362.23,772.55,390.61
444,14.8,racket,tennis racket,421,0.3724,1143.71,113.49,1160.18,124.93
445,14.833,person,person,1,0.9185,1074.2,298.53,1170.09,473.19
445,14.833,person,person,139,0.9198,582.68,335.79,716.8,528.65
445,14.833,person,person,236,0.8639,793.0,67.97,849.86,140.18
445,14.833,person,person,8,0.5825,795.58,20.38,831.57,72.71
445,14.833,person,person,226,0.3319,63.1,422.31,108.14,476.93
445,14.833,person,person,176,0.8202,1164.28,77.36,1210.01,160.9
445,14.833,ball,sports ball,114,0.4282,1023.46,273.17,1033.53,281.64
445,14.833,person,person,405,0.7531,1062.61,0.39,1096.91,54.53
445,14.833,racket,tennis racket,421,0.5102,1143.37,111.25,1160.85,123.34
445,14.833,racket,tennis racket,407,0.731,717.06,371.16,746.85,401.88
446,14.867,person,person,1,0.9127,1074.04,298.64,1170.26,473.16
446,14.867,person,person,139,0.9171,582.55,335.98,714.62,525.07
446,14.867,person,person,236,0.8736,792.7,67.49,850.38,140.15
446,14.867,person,person,8,0.5754,795.25,20.33,831.5,72.79
446,14.867,person,person,226,0.3248,60.99,415.51,111.57,477.64
446,14.867,person,person,176,0.7972,1163.49,76.14,1208.61,159.56
446,14.867,ball,sports ball,114,0.4128,1023.46,273.17,1033.54,281.66
446,14.867,person,person,405,0.7747,1061.93,0.12,1095.09,53.66
446,14.867,racket,tennis racket,421,0.5069,1143.46,109.85,1161.64,122.32
446,14.867,racket,tennis racket,407,0.7429,712.81,377.27,743.21,405.86
447,14.9,person,person,1,0.913,1073.87,298.68,1170.43,473.13
447,14.9,person,person,139,0.9163,582.43,336.03,714.09,523.79
447,14.9,person,person,236,0.873,792.45,67.29,850.71,140.16
447,14.9,person,person,8,0.5688,795.1,20.33,831.51,72.86
447,14.9,person,person,226,0.3191,60.23,412.4,112.99,478.04
447,14.9,person,person,176,0.7981,1163.33,75.7,1207.9,159.05
447,14.9,ball,sports ball,114,0.4228,1023.45,273.16,1033.55,281.67
447,14.9,person,person,405,0.7762,1061.97,0.05,1094.28,53.33
447,14.9,racket,tennis racket,421,0.5108,1143.43,109.39,1162.04,122.03
447,14.9,racket,tennis racket,407,0.7401,710.83,379.25,742.54,407.15
448,14.933,person,person,1,0.9132,1073.98,298.72,1171.11,473.73
448,14.933,person,person,139,0.9007,584.55,333.77,713.5,517.65
448,14.933,person,person,236,0.874,792.39,67.15,851.06,140.1
448,14.933,person,person,8,0.6121,795.17,20.29,832.03,73.17
448,14.933,person,person,176,0.7662,1162.18,74.91,1202.57,151.59
448,14.933,ball,sports ball,114,0.3826,1023.45,273.17,1033.54,281.67
448,14.933,person,person,405,0.7986,1061.49,0.18,1092.72,52.56
448,14.933,racket,tennis racket,421,0.5428,1143.1,108.91,1162.12,121.76
448,14.933,racket,tennis racket,407,0.7215,707.31,384.79,739.26,412.16
448,14.933,person,person,6,0.4533,248.37,146.12,284.98,207.43
449,14.967,person,person,1,0.9108,1073.69,298.52,1171.29,474.22
449,14.967,person,person,139,0.8607,589.5,330.18,713.78,510.17
449,14.967,person,person,236,0.8812,792.38,67.21,851.3,140.07
449,14.967,person,person,8,0.6241,795.18,20.28,832.03,72.73
449,14.967,person,person,176,0.8199,1158.42,73.74,1198.72,151.67
449,14.967,ball,sports ball,114,0.3909,1023.45,273.18,1033.54,281.69
449,14.967,person,person,405,0.7978,1061.34,0.19,1091.34,51.09
449,14.967,racket,tennis racket,421,0.4795,1142.58,108.48,1161.04,120.86
449,14.967,racket,tennis racket,407,0.7917,701.96,389.28,734.57,416.67
449,14.967,person,person,6,0.4009,250.75,146.65,286.15,207.3
450,15.0,person,person,1,0.9146,1073.44,299.02,1170.83,474.51
450,15.0,person,person,139,0.8513,594.94,326.54,712.5,501.82
450,15.0,person,person,236,0.8726,791.71,65.11,852.34,140.04
450,15.0,person,person,8,0.5978,794.86,20.44,832.09,73.13
450,15.0,person,person,176,0.804,1157.38,73.09,1195.8,148.18
450,15.0,ball,sports ball,114,0.4535,1023.62,273.4,1033.4,281.59
450,15.0,person,person,405,0.8013,1061.0,0.46,1089.49,49.23
450,15.0,racket,tennis racket,421,0.3796,1141.54,106.42,1163.24,120.94
450,15.0,racket,tennis racket,407,0.806,694.22,390.95,728.85,418.46
450,15.0,person,person,436,0.352,63.22,427.84,100.15,480.43
451,15.033,person,person,1,0.9175,1073.36,299.42,1170.35,474.47
451,15.033,person,person,139,0.8758,602.79,322.75,713.37,491.97
451,15.033,person,person,236,0.8799,791.22,63.66,852.94,139.98
451,15.033,person,person,8,0.5946,794.04,20.52,831.68,73.87
451,15.033,person,person,176,0.7747,1155.18,73.02,1193.33,148.11
451,15.033,ball,sports ball,114,0.4297,1023.7,273.51,1033.38,281.55
451,15.033,person,person,405,0.7963,1059.82,0.65,1087.99,49.2
451,15.033,racket,tennis racket,421,0.2717,1139.93,105.46,1163.2,120.89
451,15.033,racket,tennis racket,407,0.797,690.91,390.63,726.77,417.77
451,15.033,person,person,436,0.3512,63.06,428.26,99.8,480.59
452,15.067,person,person,1,0.9167,1073.52,299.95,1169.95,474.4
452,15.067,person,person,139,0.8923,610.45,320.06,716.03,484.69
452,15.067,person,person,236,0.8829,790.31,61.2,853.81,140.04
452,15.067,person,person,8,0.5693,791.97,20.89,829.88,75.49
452,15.067,person,person,176,0.7287,1154.0,73.01,1191.44,147.47
452,15.067,ball,sports ball,114,0.3992,1023.7,273.59,1033.36,281.54
452,15.067,person,person,405,0.7797,1058.01,0.66,1086.15,49.15
452,15.067,person,person,436,0.3384,62.75,428.06,99.99,481.09
452,15.067,racket,tennis racket,420,0.7423,682.15,386.23,743.06,413.99
453,15.1,person,person,1,0.9166,1073.63,300.15,1169.73,474.37
453,15.1,person,person,139,0.8922,613.67,319.15,716.48,482.23
453,15.1,person,person,236,0.8832,790.03,60.28,854.08,140.1
453,15.1,person,person,8,0.5657,791.33,21.03,829.07,76.22
453,15.1,person,person,176,0.7268,1153.73,73.04,1190.62,147.04
453,15.1,ball,sports ball,114,0.4037,1023.7,273.63,1033.38,281.54
453,15.1,person,person,405,0.7768,1057.35,0.68,1085.5,49.16
453,15.1,person,person,436,0.3326,62.6,427.57,100.24,481.17
453,15.1,racket,tennis racket,420,0.7409,681.75,387.16,740.88,414.82
454,15.133,person,person,1,0.9149,1073.87,299.98,1169.7,474.27
454,15.133,person,person,139,0.9059,619.33,317.74,721.41,481.24
454,15.133,person,person,236,0.8837,789.45,58.47,854.6,140.17
454,15.133,person,person,8,0.5994,790.51,20.82,828.43,77.35
454,15.133,person,person,176,0.5747,1151.45,73.48,1188.65,148.56
454,15.133,ball,sports ball,114,0.4272,1023.69,273.65,1033.46,281.59
454,15.133,person,person,405,0.7789,1057.23,0.62,1085.2,49.08
454,15.133,person,person,436,0.3432,62.53,427.51,100.42,481.47
454,15.133,racket,tennis racket,420,0.57,678.11,385.61,736.49,412.28
455,15.167,person,person,1,0.911,1074.01,299.89,1169.64,474.52
455,15.167,person,person,139,0.8932,624.91,314.47,727.84,480.65
455,15.167,person,person,236,0.8773,789.18,57.15,855.03,140.25
455,15.167,person,person,8,0.5909,790.2,20.74,828.45,78.92
455,15.167,person,person,176,0.6905,1150.09,74.24,1186.68,148.54
455,15.167,ball,sports ball,114,0.4702,1023.65,273.65,1033.5,281.61
455,15.167,person,person,405,0.7914,1057.17,0.56,1084.17,47.72
455,15.167,person,person,436,0.3281,62.5,427.41,100.54,481.61
455,15.167,racket,tennis racket,420,0.6727,686.46,381.74,743.47,408.08
456,15.2,person,person,1,0.9103,1074.03,299.81,1169.5,474.81
456,15.2,person,person,139,0.8992,630.11,312.62,732.86,479.14
456,15.2,person,person,236,0.8648,789.4,57.06,854.96,140.23
456,15.2,person,person,8,0.53,790.23,20.68,828.24,79.65
456,15.2,person,person,176,0.6803,1148.58,74.99,1184.44,147.84
456,15.2,ball,sports ball,114,0.4898,1023.65,273.65,1033.57,281.64
456,15.2,person,person,405,0.7842,1056.6,0.72,1083.61,48.31
456,15.2,person,person,436,0.3325,62.58,426.18,101.44,481.52
456,15.2,racket,tennis racket,420,0.6226,692.57,377.58,751.49,405.19
456,15.2,racket,tennis racket,443,0.3661,1127.49,106.66,1154.99,119.04
457,15.233,person,person,1,0.9103,1074.17,299.95,1169.3,475.05
457,15.233,person,person,139,0.8927,633.66,311.37,734.46,474.83
457,15.233,person,person,236,0.8498,790.22,56.31,855.62,139.98
457,15.233,person,person,8,0.4426,791.23,20.67,828.95,79.81
457,15.233,person,person,176,0.7373,1148.07,75.21,1183.21,146.83
457,15.233,ball,sports ball,114,0.465,1023.62,273.65,1033.57,281.63
457,15.233,person,person,405,0.781,1055.63,0.33,1082.94,48.95
457,15.233,person,person,436,0.3457,62.7,425.8,101.71,481.33
457,15.233,racket,tennis racket,420,0.7578,703.09,374.55,760.66,402.02
457,15.233,racket,tennis racket,443,0.3077,1127.7,107.21,1152.45,118.29
458,15.267,person,person,1,0.9111,1074.15,299.91,1169.1,475.38
458,15.267,person,person,139,0.8887,637.04,310.41,736.0,471.42
458,15.267,person,person,236,0.8616,791.71,55.9,856.69,140.09
458,15.267,person,person,8,0.514,792.35,20.67,829.71,79.56
458,15.267,person,person,176,0.7613,1147.01,74.91,1182.26,146.57
458,15.267,ball,sports ball,114,0.4815,1023.59,273.64,1033.56,281.6
458,15.267,person,person,405,0.787,1054.71,0.17,1081.89,48.98
458,15.267,person,person,436,0.3396,62.78,426.14,101.42,481.1
458,15.267,racket,tennis racket,420,0.7119,712.81,372.69,767.21,399.11
458,15.267,racket,tennis racket,443,0.3071,1126.9,107.21,1150.46,117.68
459,15.3,person,person,1,0.9112,1074.2,299.88,1168.85,475.45
459,15.3,person,person,139,0.8895,638.14,310.08,736.34,470.34
459,15.3,person,person,236,0.8628,792.5,55.82,856.82,140.12
459,15.3,person,person,8,0.5207,792.42,20.69,829.46,79.6
459,15.3,person,person,176,0.7617,1146.62,74.77,1182.01,146.55
459,15.3,ball,sports ball,114,0.483,1023.58,273.64,1033.56,281.58
459,15.3,person,person,405,0.7835,1054.55,0.07,1081.53,48.91
459,15.3,person,person,436,0.3363,62.84,426.16,101.36,480.92
459,15.3,racket,tennis racket,420,0.6986,716.71,371.97,769.36,397.96
459,15.3,racket,tennis racket,443,0.299,1126.6,107.19,1150.15,117.57
459,15.3,ball,sports ball,445,0.5678,1048.51,166.36,1060.86,174.07
460,15.333,person,person,1,0.9072,1074.13,299.42,1168.73,475.52
460,15.333,person,person,139,0.8873,640.88,309.4,736.58,465.7
460,15.333,person,person,236,0.8703,794.63,55.84,857.87,140.22
460,15.333,person,person,8,0.5112,792.14,20.7,828.78,79.66
460,15.333,person,person,176,0.7671,1145.96,75.1,1181.64,146.86
460,15.333,ball,sports ball,114,0.4625,1023.58,273.64,1033.58,281.56
460,15.333,person,person,405,0.7985,1053.95,0.26,1080.71,48.76
460,15.333,person,person,436,0.3463,62.88,425.69,101.75,480.92
460,15.333,racket,tennis racket,420,0.6592,721.4,370.07,773.25,395.84
460,15.333,racket,tennis racket,443,0.2593,1124.88,107.01,1147.74,117.09
461,15.367,person,person,1,0.9092,1074.02,299.04,1168.51,475.41
461,15.367,person,person,139,0.8807,648.16,308.07,739.94,458.6
461,15.367,person,person,236,0.8602,797.37,55.59,859.32,140.27
461,15.367,person,person,8,0.5615,791.78,20.71,827.83,79.51
461,15.367,person,person,176,0.8184,1144.34,75.34,1181.23,148.62
461,15.367,ball,sports ball,114,0.4662,1023.53,273.6,1033.59,281.55
461,15.367,person,person,405,0.8015,1053.48,0.45,1079.73,47.96
461,15.367,person,person,436,0.3371,62.59,426.16,101.31,481.23
461,15.367,racket,tennis racket,420,0.7454,725.38,367.04,778.15,393.64
461,15.367,racket,tennis racket,443,0.2839,1124.38,106.69,1147.83,117.05
462,15.4,person,person,1,0.9038,1074.06,298.77,1168.14,474.6
462,15.4,person,person,139,0.8683,656.34,306.18,746.61,454.73
462,15.4,person,person,236,0.8676,799.55,55.46,859.97,140.24
462,15.4,person,person,8,0.5427,792.14,20.72,827.23,78.48
462,15.4,person,person,176,0.8132,1142.75,75.68,1180.6,149.61
462,15.4,ball,sports ball,114,0.4758,1023.51,273.61,1033.59,281.56
462,15.4,person,person,405,0.8006,1052.74,0.69,1078.73,47.68
462,15.4,person,person,436,0.3247,62.46,426.19,101.16,481.3
462,15.4,racket,tennis racket,420,0.7428,729.69,363.15,781.78,389.77
463,15.433,person,person,1,0.9068,1074.2,298.62,1168.02,473.87
463,15.433,person,person,139,0.86,661.17,302.87,751.54,451.97
463,15.433,person,person,236,0.8672,801.01,55.41,859.84,140.01
463,15.433,person,person,8,0.5823,792.4,20.71,826.99,78.15
463,15.433,person,person,176,0.8109,1141.64,75.99,1180.27,150.01
463,15.433,ball,sports ball,114,0.4692,1023.49,273.64,1033.58,281.57
463,15.433,person,person,405,0.7975,1052.09,0.62,1078.05,47.42
463,15.433,person,person,436,0.3367,62.27,426.1,100.99,481.37
463,15.433,racket,tennis racket,420,0.6977,732.52,359.58,784.26,386.31
464,15.467,person,person,1,0.9064,1074.9,298.28,1168.19,472.17
464,15.467,person,person,139,0.877,664.09,300.88,754.23,449.91
464,15.467,person,person,236,0.873,801.82,55.35,859.29,139.89
464,15.467,person,person,8,0.5729,792.35,20.74,826.76,78.42
464,15.467,person,person,176,0.8061,1141.92,76.43,1180.55,148.12
464,15.467,ball,sports ball,114,0.4832,1023.48,273.63,1033.59,281.56
464,15.467,person,person,405,0.7857,1051.72,0.68,1077.44,46.82
464,15.467,person,person,436,0.3266,62.29,426.29,100.7,481.23
464,15.467,racket,tennis racket,420,0.7273,734.9,355.92,786.32,382.88
465,15.5,person,person,1,0.9066,1075.1,298.14,1168.3,471.53
465,15.5,person,person,139,0.8765,665.05,300.19,755.06,449.31
465,15.5,person,person,236,0.8722,802.45,55.32,858.71,139.85
465,15.5,person,person,8,0.5722,792.48,20.75,826.54,78.35
465,15.5,person,person,176,0.8067,1141.76,76.59,1181.02,147.42
465,15.5,ball,sports ball,114,0.481,1023.46,273.64,1033.59,281.57
465,15.5,person,person,405,0.7862,1051.54,0.74,1077.25,46.62
465,15.5,person,person,436,0.3269,62.29,426.57,100.5,481.34
465,15.5,racket,tennis racket,420,0.7271,735.9,354.58,786.84,381.66
466,15.533,person,person,1,0.9139,1076.59,297.69,1169.64,469.95
466,15.533,person,person,139,0.8629,667.68,299.42,757.15,447.34
466,15.533,person,person,236,0.8693,802.8,54.48,858.4,139.8
466,15.533,person,person,8,0.5859,792.28,20.8,826.24,78.83
466,15.533,person,person,176,0.8056,1143.2,76.61,1183.47,146.45
466,15.533,ball,sports ball,114,0.4427,1023.45,273.64,1033.61,281.57
466,15.533,person,person,405,0.7044,1051.39,1.2,1076.68,45.9
466,15.533,person,person,436,0.3405,62.24,426.18,100.72,481.47
466,15.533,racket,tennis racket,420,0.7677,740.74,352.23,789.0,378.47
467,15.567,person,person,1,0.9061,1078.8,297.13,1171.62,467.77
467,15.567,person,person,139,0.859,670.52,299.13,758.75,444.63
467,15.567,person,person,236,0.8654,803.26,54.22,857.92,139.75
467,15.567,person,person,8,0.5731,792.31,20.82,826.03,78.99
467,15.567,person,person,176,0.6945,1143.53,77.15,1186.43,149.14
467,15.567,ball,sports ball,114,0.4147,1023.4,273.61,1033.6,281.59
467,15.567,person,person,405,0.7717,1050.69,2.0,1075.7,45.26
467,15.567,person,person,436,0.3299,62.3,426.25,100.73,481.58
467,15.567,racket,tennis racket,420,0.6775,744.77,350.17,790.92,375.86
468,15.6,person,person,1,0.9106,1082.1,297.25,1174.72,466.26
468,15.6,person,person,139,0.8773,674.66,299.21,762.39,442.93
468,15.6,person,person,236,0.8673,803.87,54.64,857.28,139.68
468,15.6,person,person,8,0.6004,792.23,20.84,825.78,79.27
468,15.6,person,person,176,0.7614,1143.6,77.51,1188.8,151.06
468,15.6,ball,sports ball,114,0.3956,1023.35,273.61,1033.56,281.61
468,15.6,person,person,405,0.7344,1047.89,2.32,1073.68,45.06
468,15.6,person,person,436,0.3293,62.52,427.67,100.07,481.74
468,15.6,racket,tennis racket,420,0.6151,746.91,348.63,792.98,374.73
469,15.633,person,person,1,0.9036,1085.16,297.18,1178.56,466.63
469,15.633,person,person,139,0.7935,682.24,299.17,771.35,441.9
469,15.633,person,person,236,0.8665,804.38,54.78,856.82,139.62
469,15.633,person,person,8,0.5864,792.22,20.86,825.67,79.65
469,15.633,person,person,176,0.7344,1143.52,77.49,1190.54,151.79
469,15.633,ball,sports ball,114,0.4258,1023.3,273.6,1033.54,281.65
469,15.633,person,person,405,0.6526,1045.6,2.19,1072.31,44.46
469,15.633,person,person,436,0.3265,62.6,428.16,99.81,481.77
469,15.633,racket,tennis racket,420,0.5487,750.06,347.78,794.8,373.47
470,15.667,person,person,1,0.9085,1089.78,297.76,1184.81,467.19
470,15.667,person,person,139,0.8911,690.79,298.82,783.86,443.38
470,15.667,person,person,236,0.8672,804.75,54.57,856.57,139.64
470,15.667,person,person,8,0.6173,792.27,20.86,825.64,80.05
470,15.667,person,person,176,0.8235,1142.67,77.29,1191.48,152.44
470,15.667,ball,sports ball,114,0.5037,1023.31,273.59,1033.6,281.7
470,15.667,person,person,405,0.6956,1042.45,2.05,1070.72,44.74
470,15.667,person,person,436,0.3167,62.6,428.23,99.76,481.8
470,15.667,racket,tennis racket,420,0.5683,754.83,347.13,798.13,372.5
471,15.7,person,person,1,0.9088,1091.05,298.02,1187.54,467.42
471,15.7,person,person,139,0.8923,693.05,298.74,789.13,443.99
471,15.7,person,person,236,0.867,805.13,54.59,856.22,139.63
471,15.7,person,person,8,0.6151,792.41,20.88,825.49,79.97
471,15.7,person,person,176,0.8269,1141.93,77.2,1192.03,152.69
471,15.7,ball,sports ball,114,0.5184,1023.34,273.59,1033.61,281.7
471,15.7,person,person,405,0.725,1040.87,1.92,1070.51,44.86
471,15.7,person,person,436,0.3275,62.61,428.2,99.81,481.85
471,15.7,racket,tennis racket,420,0.5867,756.52,346.95,798.95,372.26
471,15.7,ball,sports ball,452,0.4673,1100.93,120.17,1109.86,126.39
472,15.733,person,person,1,0.9198,1096.58,299.8,1195.31,467.61
472,15.733,person,person,139,0.9083,696.24,298.72,795.81,445.15
472,15.733,person,person,236,0.8692,805.47,54.79,855.86,139.68
472,15.733,person,person,8,0.5985,792.61,20.86,825.53,80.08
472,15.733,person,person,176,0.8625,1140.99,77.05,1192.21,152.65
472,15.733,ball,sports ball,114,0.5123,1023.35,273.59,1033.62,281.72
472,15.733,person,person,405,0.7718,1039.23,2.01,1070.25,45.1
472,15.733,person,person,436,0.2965,62.66,428.0,99.88,481.71
472,15.733,racket,tennis racket,420,0.6302,761.28,347.43,801.86,372.3
473,15.767,person,person,1,0.9064,1102.26,302.16,1203.7,467.13
473,15.767,person,person,139,0.9154,698.4,298.87,800.96,446.81
473,15.767,person,person,236,0.8697,805.9,55.16,855.5,139.65
473,15.767,person,person,8,0.5735,792.82,20.85,825.41,79.77
473,15.767,person,person,176,0.8628,1140.11,77.34,1192.12,152.6
473,15.767,ball,sports ball,114,0.4862,1023.35,273.57,1033.61,281.71
473,15.767,person,person,405,0.7697,1038.53,2.06,1070.77,45.36
473,15.767,person,person,436,0.2911,62.61,427.69,100.02,481.72
473,15.767,racket,tennis racket,420,0.6091,766.21,347.49,805.15,372.16
474,15.8,person,person,1,0.9043,1107.14,304.16,1212.51,466.82
474,15.8,person,person,139,0.9137,699.07,298.61,804.48,448.88
474,15.8,person,person,236,0.8706,806.09,54.87,855.31,139.65
474,15.8,person,person,8,0.569,792.95,21.03,825.07,79.41
474,15.8,person,person,176,0.8364,1138.55,77.32,1192.02,152.66
474,15.8,ball,sports ball,114,0.4674,1023.36,273.57,1033.61,281.7
474,15.8,person,person,405,0.8012,1038.0,1.8,1071.47,45.52
474,15.8,person,person,436,0.2956,62.58,427.43,100.15,481.76
474,15.8,racket,tennis racket,420,0.6295,769.77,347.64,807.6,372.4
475,15.833,person,person,1,0.9122,1109.86,306.33,1220.79,469.0
475,15.833,person,person,139,0.9011,700.47,298.49,807.3,449.75
475,15.833,person,person,236,0.87,806.12,54.33,855.18,139.67
475,15.833,person,person,8,0.5544,793.12,21.04,824.73,78.67
475,15.833,person,person,176,0.8058,1140.25,77.36,1194.92,152.55
475,15.833,ball,sports ball,114,0.4882,1023.38,273.56,1033.61,281.7
475,15.833,person,person,405,0.791,1037.55,1.68,1071.78,45.37
475,15.833,person,person,436,0.2998,62.75,427.94,100.0,481.8
475,15.833,racket,tennis racket,420,0.5804,773.25,347.75,809.84,372.54
476,15.867,person,person,1,0.9219,1110.41,308.56,1225.56,469.47
476,15.867,person,person,139,0.8965,702.42,298.79,809.5,449.94
476,15.867,person,person,236,0.8694,806.25,54.35,854.91,139.73
476,15.867,person,person,8,0.6143,793.3,21.03,824.87,78.83
476,15.867,person,person,176,0.8423,1143.24,77.12,1199.42,152.59
476,15.867,ball,sports ball,114,0.5024,1023.38,273.57,1033.59,281.69
476,15.867,person,person,405,0.7922,1037.29,1.1,1072.43,45.11
476,15.867,person,person,436,0.3061,62.81,428.16,99.89,481.76
476,15.867,racket,tennis racket,420,0.6114,775.99,348.03,811.33,372.83
476,15.867,racket,tennis racket,443,0.5312,1112.9,102.36,1144.86,116.37
477,15.9,person,person,1,0.9222,1109.06,309.35,1228.66,469.68
477,15.9,person,person,139,0.8977,702.94,298.94,810.29,450.04
477,15.9,person,person,236,0.8682,806.42,54.35,854.73,139.75
477,15.9,person,person,8,0.6104,793.43,21.02,824.87,78.77
477,15.9,person,person,176,0.8415,1143.97,77.04,1201.39,152.57
477,15.9,ball,sports ball,114,0.4961,1023.38,273.56,1033.59,281.69
477,15.9,person,person,405,0.7927,1037.06,0.87,1072.89,45.03
477,15.9,person,person,436,0.3086,62.84,428.32,99.85,481.79
477,15.9,racket,tennis racket,420,0.606,777.27,348.17,811.44,372.95
477,15.9,person,person,456,0.3296,366.62,78.11,402.38,124.45
477,15.9,racket,tennis racket,443,0.5259,1112.45,102.21,1144.84,116.38
478,15.933,person,person,1,0.9242,1107.93,310.37,1231.63,470.49
478,15.933,person,person,139,0.8883,703.56,298.66,811.35,450.37
478,15.933,person,person,236,0.8726,806.53,54.3,854.54,139.75
478,15.933,person,person,8,0.6054,794.89,20.79,825.73,78.14
478,15.933,person,person,176,0.8231,1146.33,77.07,1204.83,152.56
478,15.933,ball,sports ball,114,0.4945,1023.36,273.55,1033.57,281.69
478,15.933,person,person,405,0.8131,1036.77,0.65,1073.14,44.76
478,15.933,person,person,436,0.3185,62.9,428.34,99.92,481.79
478,15.933,racket,tennis racket,420,0.6191,779.08,348.32,811.84,372.75
479,15.967,person,person,1,0.9221,1107.38,310.2,1234.92,470.83
479,15.967,person,person,139,0.8947,703.56,297.97,812.04,450.68
479,15.967,person,person,236,0.8664,806.33,53.08,854.62,139.74
479,15.967,person,person,8,0.617,795.71,20.73,826.12,77.79
479,15.967,person,person,176,0.8493,1148.21,76.96,1207.45,152.37
479,15.967,ball,sports ball,114,0.4852,1023.4,273.57,1033.56,281.66
479,15.967,person,person,405,0.7952,1034.48,0.53,1070.59,44.42
479,15.967,person,person,436,0.3085,62.85,428.17,100.0,481.8
479,15.967,racket,tennis racket,420,0.6842,780.22,348.07,812.15,372.45
479,15.967,person,person,457,0.3996,259.03,143.93,287.6,201.81
480,16.0,person,person,1,0.9167,1110.02,309.3,1240.25,470.7
480,16.0,person,person,139,0.8986,703.74,297.99,812.33,450.81
480,16.0,person,person,236,0.8697,806.67,53.98,854.17,139.69
480,16.0,person,person,8,0.631,796.01,20.7,826.18,78.28
480,16.0,person,person,176,0.8439,1148.18,76.33,1208.69,152.44
480,16.0,ball,sports ball,114,0.4555,1023.41,273.61,1033.52,281.66
480,16.0,person,person,405,0.7872,1031.85,0.4,1067.5,44.25
480,16.0,person,person,436,0.3101,62.87,428.21,100.1,481.94
480,16.0,racket,tennis racket,420,0.6135,780.93,347.63,811.98,371.82
480,16.0,person,person,457,0.3995,257.81,144.03,286.96,202.98
481,16.033,person,person,1,0.9175,1114.9,308.74,1246.16,470.48
481,16.033,person,person,139,0.9014,703.94,297.95,812.61,450.7
481,16.033,person,person,236,0.8734,807.16,55.54,853.66,139.69
481,16.033,person,person,8,0.6337,796.86,20.69,826.42,78.16
481,16.033,person,person,176,0.7089,1148.66,75.59,1210.51,152.43
481,16.033,ball,sports ball,114,0.4308,1023.39,273.63,1033.44,281.62
481,16.033,person,person,405,0.7617,1029.02,0.39,1064.03,44.23
481,16.033,person,person,436,0.3207,62.87,427.9,100.11,481.64
481,16.033,racket,tennis racket,420,0.5942,781.89,347.08,812.22,371.06
481,16.033,person,person,457,0.2556,255.3,144.62,285.48,205.72
482,16.067,person,person,1,0.919,1119.3,308.57,1250.67,470.58
482,16.067,person,person,139,0.9071,704.61,298.06,813.43,450.57
482,16.067,person,person,236,0.8733,807.33,56.12,853.42,139.72
482,16.067,person,person,8,0.5951,797.33,20.73,826.53,78.6
482,16.067,person,person,176,0.7834,1146.16,75.38,1207.98,152.31
482,16.067,ball,sports ball,114,0.387,1023.41,273.66,1033.41,281.6
482,16.067,person,person,405,0.7256,1027.36,0.4,1061.47,43.98
482,16.067,person,person,436,0.3176,62.59,427.25,100.3,481.77
482,16.067,racket,tennis racket,420,0.6939,782.8,346.84,812.97,370.89
482,16.067,person,person,457,0.6438,254.19,145.75,284.82,207.58
483,16.1,person,person,1,0.9192,1120.83,308.48,1252.21,470.64
483,16.1,person,person,139,0.9071,704.7,298.12,813.74,450.53
483,16.1,person,person,236,0.8748,807.44,56.42,853.28,139.73
483,16.1,person,person,8,0.5957,797.52,20.71,826.5,79.2
483,16.1,person,person,176,0.7848,1145.13,75.31,1206.83,152.25
483,16.1,ball,sports ball,114,0.388,1023.4,273.66,1033.42,281.6
483,16.1,person,person,405,0.7239,1027.0,0.41,1060.41,43.87
483,16.1,person,person,436,0.3134,62.49,426.85,100.41,481.78
483,16.1,racket,tennis racket,420,0.6911,783.17,346.77,813.15,370.82
483,16.1,person,person,457,0.6353,253.83,146.08,284.67,208.12
484,16.133,person,person,1,0.9156,1123.4,309.67,1255.12,471.56
484,16.133,person,person,139,0.918,704.98,298.4,814.18,450.48
484,16.133,person,person,236,0.8798,807.52,56.63,853.16,139.71
484,16.133,person,person,8,0.5839,797.54,20.63,826.61,80.54
484,16.133,person,person,176,0.7925,1143.3,75.21,1204.49,152.26
484,16.133,ball,sports ball,114,0.3965,1023.41,273.66,1033.46,281.62
484,16.133,person,person,405,0.7564,1026.24,0.26,1059.28,43.99
484,16.133,person,person,436,0.3082,62.32,426.02,100.65,481.73
484,16.133,racket,tennis racket,420,0.66,783.01,346.55,814.13,371.63
484,16.133,person,person,457,0.6957,253.26,146.82,284.52,209.38
485,16.167,person,person,1,0.9142,1128.37,312.09,1260.4,471.81
485,16.167,person,person,139,0.9327,705.47,299.5,814.32,450.46
485,16.167,person,person,236,0.8776,807.6,56.79,853.08,139.67
485,16.167,person,person,8,0.5509,798.07,20.72,826.69,80.59
485,16.167,person,person,176,0.7964,1141.95,74.78,1203.07,152.85
485,16.167,ball,sports ball,114,0.385,1023.44,273.66,1033.45,281.58
485,16.167,person,person,405,0.8021,1023.52,0.5,1056.44,44.28
485,16.167,person,person,436,0.3047,62.27,425.38,100.85,481.58
485,16.167,racket,tennis racket,420,0.6549,782.96,346.39,815.48,372.7
485,16.167,person,person,457,0.3867,253.21,149.35,283.82,209.59
486,16.2,person,person,1,0.9073,1133.74,315.19,1266.52,471.83
486,16.2,person,person,139,0.9248,705.92,300.51,814.43,450.32
486,16.2,person,person,236,0.88,807.6,56.94,852.97,139.68
486,16.2,person,person,8,0.5816,798.59,20.68,826.78,80.28
486,16.2,person,person,176,0.7684,1143.65,73.55,1205.86,153.06
486,16.2,ball,sports ball,114,0.4001,1023.45,273.66,1033.47,281.57
486,16.2,person,person,405,0.7906,1019.58,1.1,1052.08,44.24
486,16.2,person,person,436,0.2885,62.14,424.73,101.01,481.54
486,16.2,racket,tennis racket,420,0.6242,783.26,346.54,816.82,373.8
487,16.233,person,person,1,0.9186,1138.99,319.1,1272.75,471.74
487,16.233,person,person,139,0.9126,706.14,301.26,814.62,450.34
487,16.233,person,person,236,0.8809,807.71,56.87,853.05,139.63
487,16.233,person,person,8,0.5926,798.69,20.64,826.53,80.18
487,16.233,person,person,176,0.8155,1142.24,72.17,1204.82,153.25
487,16.233,ball,sports ball,114,0.3721,1023.45,273.66,1033.46,281.56
487,16.233,person,person,405,0.8151,1015.96,0.77,1049.23,44.56
487,16.233,person,person,436,0.2874,62.13,424.72,100.92,481.58
487,16.233,racket,tennis racket,420,0.4769,779.44,345.45,816.58,375.23
488,16.267,person,person,1,0.9084,1142.44,322.9,1277.7,471.71
488,16.267,person,person,139,0.9145,706.03,301.83,814.52,450.3
488,16.267,person,person,236,0.8794,807.76,56.79,853.12,139.62
488,16.267,person,person,8,0.5782,798.95,20.68,826.43,80.08
488,16.267,person,person,176,0.8211,1142.03,71.29,1204.32,153.06
488,16.267,ball,sports ball,114,0.3684,1023.47,273.65,1033.51,281.56
488,16.267,person,person,405,0.7905,1013.57,0.64,1047.44,44.96
488,16.267,person,person,436,0.2935,62.26,425.45,100.56,481.7
488,16.267,racket,tennis racket,420,0.5949,775.57,344.55,817.02,376.99
489,16.3,person,person,1,0.9087,1142.26,324.25,1280.63,471.69
489,16.3,person,person,139,0.915,705.81,302.02,814.57,450.3
489,16.3,person,person,236,0.8791,807.77,56.72,853.15,139.61
489,16.3,person,person,8,0.5733,799.11,20.72,826.36,80.21
489,16.3,person,person,176,0.8204,1142.21,70.98,1203.92,152.98
489,16.3,ball,sports ball,114,0.3643,1023.47,273.63,1033.5,281.53
489,16.3,person,person,405,0.7915,1012.69,0.6,1046.9,45.13
489,16.3,person,person,436,0.2751,62.29,425.37,100.57,481.68
489,16.3,racket,tennis racket,420,0.5949,773.61,344.2,817.38,377.69
489,16.3,racket,tennis racket,460,0.4671,1264.29,397.6,1314.79,422.57
490,16.333,person,person,1,0.8901,1145.28,328.06,1285.63,471.72
490,16.333,person,person,139,0.9178,705.6,302.06,814.67,450.29
490,16.333,person,person,236,0.875,807.84,56.99,853.11,139.66
490,16.333,person,person,8,0.5705,799.87,20.76,826.4,78.75
490,16.333,person,person,176,0.8219,1142.72,70.64,1203.72,152.54
490,16.333,ball,sports ball,114,0.3437,1023.46,273.7,1033.55,281.66
490,16.333,person,person,405,0.7925,1012.08,0.44,1046.55,45.24
490,16.333,person,person,436,0.2845,62.39,425.64,100.45,481.72
490,16.333,racket,tennis racket,420,0.6071,774.19,344.34,819.35,378.23
491,16.367,person,person,1,0.8892,1153.08,331.68,1298.12,472.08
491,16.367,person,person,139,0.9239,705.61,301.91,815.08,450.23
491,16.367,person,person,236,0.8725,807.8,57.01,853.08,139.7
491,16.367,person,person,8,0.6177,800.43,20.74,826.23,77.14
491,16.367,person,person,176,0.8554,1143.47,70.14,1203.66,151.49
491,16.367,person,person,405,0.7812,1011.79,0.41,1046.37,45.3
491,16.367,person,person,436,0.2731,62.47,425.13,100.78,481.6
491,16.367,racket,tennis racket,420,0.6262,775.92,345.97,821.88,380.08
492,16.4,person,person,1,0.9073,1154.65,334.46,1303.8,471.64
492,16.4,person,person,139,0.9139,705.56,302.49,814.73,449.95
492,16.4,person,person,236,0.8694,807.62,56.98,852.98,139.76
492,16.4,person,person,8,0.6258,800.93,20.69,826.46,76.44
492,16.4,person,person,176,0.8633,1143.75,69.36,1202.6,149.43
492,16.4,person,person,405,0.7747,1011.73,0.38,1046.33,45.32
492,16.4,person,person,436,0.2891,62.42,425.24,100.68,481.76
492,16.4,racket,tennis racket,420,0.5654,777.21,347.59,823.68,381.84
493,16.433,person,person,1,0.9095,1157.39,334.82,1314.72,472.32
493,16.433,person,person,139,0.9121,705.22,302.21,814.99,450.06
493,16.433,person,person,236,0.8719,807.33,56.99,852.78,139.75
493,16.433,person,person,8,0.6036,801.48,20.81,826.83,75.94
493,16.433,person,person,176,0.8367,1143.44,68.98,1201.04,148.44
493,16.433,person,person,405,0.7847,1011.77,0.41,1046.35,45.29
493,16.433,person,person,436,0.2698,62.44,424.35,101.15,481.59
493,16.433,racket,tennis racket,420,0.5045,778.36,349.58,824.06,383.01
493,16.433,person,person,462,0.5043,233.52,150.09,269.11,212.2
494,16.467,person,person,1,0.9127,1158.59,335.99,1322.26,472.56
494,16.467,person,person,139,0.9182,705.02,302.22,815.06,450.01
494,16.467,person,person,236,0.8743,806.99,57.03,852.58,139.7
494,16.467,person,person,8,0.6079,801.72,21.05,827.15,76.19
494,16.467,person,person,176,0.8354,1144.43,68.98,1199.44,145.48
494,16.467,person,person,405,0.7666,1011.74,0.4,1046.4,45.33
494,16.467,person,person,436,0.2787,62.44,424.14,101.2,481.53
494,16.467,racket,tennis racket,420,0.5086,779.0,351.41,825.14,385.34
494,16.467,person,person,462,0.6197,229.81,149.32,266.33,213.18
494,16.467,racket,tennis racket,463,0.4856,760.51,351.8,825.09,387.72
495,16.5,person,person,1,0.913,1156.87,336.37,1326.86,472.61
495,16.5,person,person,139,0.9171,704.83,302.2,815.15,449.98
495,16.5,person,person,236,0.8739,806.8,57.06,852.51,139.67
495,16.5,person,person,8,0.6061,801.71,21.14,827.31,76.57
495,16.5,person,person,176,0.8352,1144.94,68.99,1198.71,144.32
495,16.5,person,person,405,0.7663,1011.81,0.4,1046.51,45.36
495,16.5,person,person,436,0.2778,62.49,423.89,101.36,481.49
495,16.5,racket,tennis racket,420,0.504,779.46,352.12,825.53,386.18
495,16.5,person,person,462,0.6176,228.99,149.03,265.77,213.57
495,16.5,racket,tennis racket,463,0.4821,760.19,352.02,824.95,388.07
495,16.5,racket,tennis racket,465,0.3791,1351.74,421.98,1391.56,444.37
496,16.533,person,person,1,0.9086,1159.53,337.41,1334.26,472.52
496,16.533,person,person,139,0.9148,704.53,301.99,815.23,449.96
496,16.533,person,person,236,0.8778,806.41,56.97,852.56,139.98
496,16.533,person,person,8,0.5867,801.95,21.24,827.56,76.61
496,16.533,person,person,176,0.8111,1144.71,67.86,1198.38,143.0
496,16.533,person,person,405,0.7828,1011.65,0.18,1046.57,45.36
496,16.533,person,person,436,0.2919,62.51,424.34,101.07,481.54
496,16.533,person,person,462,0.4763,226.54,150.21,262.99,214.25
496,16.533,racket,tennis racket,463,0.5123,759.63,352.37,820.64,386.27
496,16.533,racket,tennis racket,465,0.4407,1351.96,420.8,1393.48,444.15
497,16.567,person,person,1,0.9112,1164.49,338.43,1343.52,472.36
497,16.567,person,person,139,0.9163,704.29,302.11,815.15,449.95
497,16.567,person,person,236,0.8743,806.07,57.04,852.24,139.5
497,16.567,person,person,8,0.5498,802.3,21.04,828.07,76.49
497,16.567,person,person,176,0.7573,1144.16,66.72,1198.28,142.33
497,16.567,person,person,405,0.7883,1011.56,0.08,1046.67,45.52
497,16.567,person,person,436,0.2857,62.53,424.4,101.09,481.65
497,16.567,racket,tennis racket,463,0.5617,761.06,353.72,818.16,385.38
497,16.567,racket,tennis racket,420,0.396,779.01,354.35,819.93,384.26
498,16.6,person,person,1,0.9124,1168.86,338.66,1351.9,472.04
498,16.6,person,person,139,0.9235,704.0,302.18,814.98,449.93
498,16.6,person,person,236,0.8763,805.68,57.45,851.81,139.06
498,16.6,person,person,8,0.4845,802.93,20.93,829.15,77.45
498,16.6,person,person,176,0.8129,1142.25,66.53,1196.88,141.76
498,16.6,person,person,405,0.7771,1012.61,0.06,1047.37,45.24
498,16.6,person,person,436,0.2834,62.56,424.53,101.02,481.67
498,16.6,racket,tennis racket,463,0.5171,762.24,354.66,816.77,384.93
498,16.6,racket,tennis racket,420,0.5271,778.96,354.83,817.12,382.64
499,16.633,person,person,1,0.89,1172.89,338.82,1359.67,472.18
499,16.633,person,person,139,0.9277,703.66,302.18,814.72,449.85
499,16.633,person,person,236,0.8754,805.26,57.2,851.77,138.86
499,16.633,person,person,8,0.3771,804.45,21.06,830.81,77.48
499,16.633,person,person,176,0.7835,1140.65,67.04,1196.09,141.59
499,16.633,person,person,405,0.7573,1013.2,0.08,1047.67,45.1
499,16.633,person,person,436,0.2852,62.59,424.76,100.89,481.68
499,16.633,racket,tennis racket,463,0.5461,760.8,354.0,815.65,384.56
500,16.667,person,person,1,0.9129,1176.5,338.91,1364.1,471.84
500,16.667,person,person,139,0.9295,703.23,302.12,814.38,449.87
500,16.667,person,person,236,0.8771,804.98,56.98,851.77,138.6
500,16.667,person,person,8,0.3686,806.05,21.25,831.32,74.6
500,16.667,person,person,176,0.7511,1142.29,68.16,1197.71,141.86
500,16.667,person,person,405,0.7367,1013.4,0.11,1047.76,45.08
500,16.667,person,person,436,0.2918,62.63,424.69,100.94,481.64
500,16.667,racket,tennis racket,463,0.518,757.17,353.46,815.3,386.21
500,16.667,person,person,462,0.5961,227.41,158.63,260.27,216.8
500,16.667,racket,tennis racket,420,0.5742,772.99,353.82,811.47,381.74
501,16.7,person,person,1,0.913,1177.21,338.9,1365.96,471.73
501,16.7,person,person,139,0.9284,703.04,302.08,814.24,449.87
501,16.7,person,person,236,0.8764,804.82,56.88,851.88,138.49
501,16.7,person,person,8,0.3657,806.53,21.32,831.61,73.58
501,16.7,person,person,176,0.7492,1142.68,68.58,1198.46,142.01
501,16.7,person,person,405,0.7319,1013.37,0.13,1047.68,45.08
501,16.7,person,person,436,0.2893,62.64,424.6,101.01,481.64
501,16.7,racket,tennis racket,463,0.5201,756.28,353.28,815.14,386.84
501,16.7,person,person,462,0.5864,227.38,159.73,259.88,217.58
501,16.7,racket,tennis racket,420,0.5732,771.51,353.51,810.48,381.69
502,16.733,person,person,1,0.9017,1184.75,338.55,1373.81,471.97
502,16.733,person,person,139,0.9301,702.88,301.58,814.46,449.92
502,16.733,person,person,236,0.8731,804.3,55.82,852.17,138.52
502,16.733,person,person,8,0.3656,807.68,21.41,832.18,71.68
502,16.733,person,person,176,0.7414,1142.74,69.32,1198.57,142.24
502,16.733,person,person,405,0.7121,1012.31,0.17,1046.8,45.08
502,16.733,person,person,436,0.2949,62.65,424.7,100.91,481.61
502,16.733,person,person,462,0.6511,227.39,160.21,259.39,217.42
502,16.733,racket,tennis racket,420,0.6777,767.5,352.97,807.59,381.85
503,16.767,person,person,1,0.9086,1193.96,338.51,1381.65,472.05
503,16.767,person,person,139,0.9289,702.84,301.61,814.51,450.09
503,16.767,person,person,236,0.8765,803.93,55.54,852.15,138.43
503,16.767,person,person,8,0.33,809.01,21.52,833.1,70.08
503,16.767,person,person,176,0.6916,1142.69,69.63,1198.1,142.48
503,16.767,person,person,405,0.6838,1011.31,0.05,1046.13,44.83
503,16.767,person,person,436,0.2923,62.64,424.69,100.88,481.57
503,16.767,person,person,462,0.6481,226.82,161.05,258.4,217.43
503,16.767,racket,tennis racket,420,0.6189,768.46,352.4,805.13,378.67
503,16.767,racket,tennis racket,463,0.3977,756.87,352.24,811.47,383.96
504,16.8,person,person,1,0.9145,1203.96,338.6,1389.11,472.19
504,16.8,person,person,139,0.9355,703.07,302.12,814.42,450.21
504,16.8,person,person,236,0.8854,803.56,55.53,851.99,138.32
504,16.8,person,person,8,0.345,810.45,21.83,834.08,68.81
504,16.8,person,person,176,0.796,1142.28,69.73,1196.91,142.4
504,16.8,person,person,405,0.691,1010.79,0.01,1045.97,44.76
504,16.8,person,person,436,0.2952,62.53,424.19,101.0,481.48
504,16.8,person,person,462,0.6014,226.57,161.95,258.14,218.19
504,16.8,racket,tennis racket,420,0.5502,768.05,351.52,802.91,376.42
504,16.8,racket,tennis racket,463,0.3016,755.38,351.6,811.42,385.07
505,16.833,person,person,1,0.9105,1217.41,338.61,1398.73,472.22
505,16.833,person,person,139,0.9363,703.09,302.37,814.31,450.28
505,16.833,person,person,236,0.878,802.73,54.8,851.86,138.25
505,16.833,person,person,8,0.3458,811.69,21.8,834.43,65.67
505,16.833,person,person,176,0.8029,1142.88,69.38,1196.64,142.01
505,16.833,person,person,405,0.6835,1010.43,0.0,1046.03,44.72
505,16.833,person,person,436,0.3175,62.35,423.82,101.04,481.58
505,16.833,person,person,462,0.5917,226.07,162.06,258.16,218.94
505,16.833,racket,tennis racket,420,0.37,767.52,349.68,802.16,374.54
506,16.867,person,person,1,0.9183,1224.75,338.04,1403.52,472.45
506,16.867,person,person,139,0.9266,703.3,302.77,814.33,450.34
506,16.867,person,person,236,0.8712,801.97,54.71,851.58,138.41
506,16.867,person,person,8,0.4371,812.84,21.67,836.19,65.82
506,16.867,person,person,176,0.8302,1143.34,68.84,1196.18,141.83
506,16.867,person,person,405,0.6807,1010.56,0.02,1046.64,44.76
506,16.867,person,person,436,0.3032,62.43,424.16,100.84,481.57
506,16.867,person,person,462,0.6308,225.7,161.39,258.12,218.57
506,16.867,racket,tennis racket,420,0.4712,769.17,346.81,802.9,371.46
507,16.9,person,person,1,0.9169,1228.3,337.81,1404.16,472.52
507,16.9,person,person,139,0.9274,703.37,302.9,814.36,450.35
507,16.9,person,person,236,0.8721,801.6,54.69,851.59,138.48
507,16.9,person,person,8,0.4549,813.09,21.61,836.96,65.96
507,16.9,person,person,176,0.8297,1143.73,68.61,1195.65,141.77
507,16.9,person,person,405,0.6796,1010.38,0.04,1046.89,44.75
507,16.9,person,person,436,0.3016,62.49,424.39,100.7,481.55
507,16.9,person,person,462,0.6335,225.6,161.12,258.23,218.38
507,16.9,racket,tennis racket,420,0.4716,770.02,345.77,803.08,370.33
508,16.933,person,person,1,0.8926,1231.42,337.76,1405.61,473.3
508,16.933,person,person,139,0.9129,703.7,303.44,814.17,449.97
508,16.933,person,person,236,0.8734,800.97,55.18,851.05,138.51
508,16.933,person,person,8,0.517,813.58,21.61,838.07,66.49
508,16.933,person,person,176,0.8558,1144.92,68.22,1195.71,141.33
508,16.933,person,person,405,0.7063,1010.49,0.05,1047.41,44.73
508,16.933,person,person,436,0.2906,62.61,424.86,100.34,481.3
508,16.933,person,person,462,0.6055,225.46,161.41,258.26,218.83
508,16.933,racket,tennis racket,420,0.3185,768.25,343.4,805.77,372.34
509,16.967,person,person,1,0.9088,1231.21,338.25,1406.67,477.38
509,16.967,person,person,139,0.9165,703.45,303.29,814.2,450.03
509,16.967,person,person,236,0.8648,800.51,56.16,850.47,138.43
509,16.967,person,person,8,0.4856,814.06,21.74,839.16,67.25
509,16.967,person,person,176,0.8327,1144.56,67.13,1195.23,141.54
509,16.967,person,person,405,0.6767,1010.69,0.64,1047.62,44.81
509,16.967,person,person,436,0.2654,62.87,425.15,100.25,480.98
509,16.967,person,person,462,0.6333,225.06,161.31,257.99,218.87
509,16.967,racket,tennis racket,420,0.3285,763.36,341.15,807.26,376.16
510,17.0,person,person,1,0.9101,1232.67,338.76,1407.43,479.62
510,17.0,person,person,139,0.9042,703.68,303.81,814.26,450.08
510,17.0,person,person,236,0.8568,799.88,56.6,850.07,138.35
510,17.0,person,person,8,0.464,814.06,21.8,840.75,69.95
510,17.0,person,person,176,0.8297,1145.07,66.53,1195.19,141.61
510,17.0,person,person,405,0.7574,1011.08,0.97,1048.13,44.99
510,17.0,person,person,436,0.3437,63.87,426.7,99.19,479.04
510,17.0,person,person,462,0.6821,224.1,160.83,257.67,219.76
510,17.0,racket,tennis racket,472,0.7265,1369.74,438.9,1405.58,468.05
511,17.033,person,person,1,0.9052,1233.42,340.8,1409.24,484.87
511,17.033,person,person,139,0.9109,704.64,303.85,814.89,449.81
511,17.033,person,person,236,0.856,798.49,56.58,849.27,138.35
511,17.033,person,person,8,0.4655,813.75,21.78,842.28,73.57
511,17.033,person,person,176,0.8093,1146.61,66.08,1196.99,142.32
511,17.033,person,person,405,0.8062,1011.42,1.08,1048.62,45.04
511,17.033,person,person,436,0.3232,64.14,427.19,98.94,478.39
511,17.033,person,person,462,0.654,223.47,159.84,257.64,220.07
511,17.033,racket,tennis racket,472,0.669,1371.43,438.98,1403.9,465.14
512,17.067,person,person,1,0.8846,1235.41,344.56,1410.01,490.0
512,17.067,person,person,139,0.8958,706.72,303.62,816.59,449.86
512,17.067,person,person,236,0.855,796.6,56.26,847.98,138.34
512,17.067,person,person,8,0.5955,813.76,21.82,843.46,76.06
512,17.067,person,person,176,0.7558,1146.68,65.69,1196.98,143.1
512,17.067,person,person,405,0.827,1011.97,0.97,1049.25,45.02
512,17.067,person,person,436,0.3333,63.95,425.48,99.71,477.81
512,17.067,person,person,462,0.6646,223.15,158.8,257.68,219.97
512,17.067,racket,tennis racket,472,0.6995,1371.88,438.14,1403.89,463.61
513,17.1,person,person,1,0.8848,1236.8,345.92,1409.41,491.92
513,17.1,person,person,139,0.8958,707.65,303.52,817.1,449.89
513,17.1,person,person,236,0.8544,795.75,56.17,847.55,138.35
513,17.1,person,person,8,0.6034,813.77,21.83,843.85,77.07
513,17.1,person,person,176,0.7571,1146.89,65.61,1196.62,143.38
513,17.1,person,person,405,0.8284,1012.23,0.93,1049.57,45.03
513,17.1,person,person,436,0.3203,63.86,424.95,100.03,477.62
513,17.1,person,person,462,0.6825,223.05,158.41,257.67,219.97
513,17.1,racket,tennis racket,472,0.6948,1371.48,437.69,1404.09,463.22
513,17.1,ball,sports ball,114,0.2786,1022.77,273.3,1033.91,281.88
514,17.133,person,person,1,0.8431,1239.87,348.54,1409.58,494.38
514,17.133,person,person,139,0.9007,710.12,303.44,818.65,449.92
514,17.133,person,person,236,0.8587,794.57,55.9,846.56,138.14
514,17.133,person,person,8,0.5889,814.08,21.93,844.88,78.67
514,17.133,person,person,176,0.7565,1145.43,65.8,1194.57,143.79
514,17.133,person,person,405,0.8306,1012.68,0.73,1050.04,45.04
514,17.133,person,person,436,0.3289,64.14,426.61,99.35,477.5
514,17.133,person,person,462,0.6645,222.77,157.38,257.29,219.03
514,17.133,racket,tennis racket,472,0.7179,1372.51,437.61,1405.69,463.25
514,17.133,ball,sports ball,114,0.2744,1022.7,273.38,1033.97,281.89
515,17.167,person,person,1,0.8801,1240.25,347.86,1410.59,496.87
515,17.167,person,person,139,0.9069,713.23,303.49,820.58,450.34
515,17.167,person,person,236,0.8509,793.32,56.54,844.92,138.21
515,17.167,person,person,8,0.4768,814.93,22.05,845.8,78.8
515,17.167,person,person,176,0.7821,1144.66,66.22,1193.09,143.93
515,17.167,person,person,405,0.8062,1013.16,0.66,1050.43,45.08
515,17.167,person,person,436,0.36,64.11,427.32,99.19,477.7
515,17.167,person,person,462,0.6926,222.74,156.01,257.17,217.95
515,17.167,racket,tennis racket,472,0.7447,1369.02,435.84,1405.33,463.51
515,17.167,ball,sports ball,114,0.2659,1022.66,273.4,1033.97,281.87
516,17.2,person,person,1,0.8826,1241.6,346.48,1411.89,498.39
516,17.2,person,person,139,0.9003,715.05,303.37,821.61,451.25
516,17.2,person,person,236,0.8337,792.23,57.04,843.32,138.26
516,17.2,person,person,8,0.4358,815.64,22.19,846.9,79.53
516,17.2,person,person,176,0.7629,1145.3,66.33,1193.22,144.01
516,17.2,person,person,405,0.7926,1013.3,0.51,1050.51,45.06
516,17.2,person,person,436,0.3884,64.45,426.25,100.33,477.24
516,17.2,person,person,462,0.7238,222.73,155.3,257.06,217.49
516,17.2,racket,tennis racket,472,0.7136,1366.35,435.54,1405.12,464.64
516,17.2,ball,sports ball,114,0.283,1022.72,273.37,1034.06,281.83
516,17.2,racket,tennis racket,482,0.3743,777.07,336.15,809.78,372.65
517,17.233,person,person,1,0.8881,1244.92,344.96,1414.26,499.25
517,17.233,person,person,139,0.9085,715.89,304.18,821.27,452.27
517,17.233,person,person,236,0.8367,791.53,57.61,842.09,138.4
517,17.233,person,person,8,0.4334,816.62,22.38,848.32,80.3
517,17.233,person,person,176,0.7373,1143.42,65.99,1191.36,144.11
517,17.233,person,person,405,0.7986,1014.01,0.58,1050.97,45.13
517,17.233,person,person,436,0.4042,64.24,425.79,100.62,477.11
517,17.233,person,person,462,0.7323,222.69,154.42,257.14,217.26
517,17.233,racket,tennis racket,472,0.5933,1365.32,436.52,1406.41,467.07
517,17.233,racket,tennis racket,482,0.6005,778.93,337.54,810.1,372.35
518,17.267,person,person,1,0.9074,1249.24,344.05,1416.37,499.7
518,17.267,person,person,139,0.8999,716.09,305.51,821.02,454.69
518,17.267,person,person,236,0.8285,790.38,57.71,840.79,139.07
518,17.267,person,person,8,0.6345,817.51,22.25,849.94,81.21
518,17.267,person,person,176,0.7937,1139.41,65.83,1187.95,144.34
518,17.267,person,person,405,0.7976,1014.52,0.53,1051.21,45.11
518,17.267,person,person,436,0.3795,63.94,425.43,100.67,476.97
518,17.267,person,person,462,0.7122,222.9,153.7,257.41,217.04
518,17.267,racket,tennis racket,472,0.472,1365.22,439.36,1406.87,470.12
518,17.267,racket,tennis racket,482,0.4832,781.33,341.7,810.21,373.74
518,17.267,ball,sports ball,114,0.2618,1022.82,273.33,1034.22,281.85
519,17.3,person,person,1,0.9064,1251.76,343.69,1416.07,499.82
519,17.3,person,person,139,0.9001,716.46,306.02,820.56,455.6
519,17.3,person,person,236,0.8284,790.11,57.74,840.23,139.33
519,17.3,person,person,8,0.6344,817.76,22.21,850.55,81.56
519,17.3,person,person,176,0.7912,1137.84,65.76,1186.79,144.41
519,17.3,person,person,405,0.7977,1014.77,0.52,1051.23,45.15
519,17.3,person,person,436,0.3905,63.84,425.21,100.87,476.9
519,17.3,person,person,462,0.7148,223.06,153.44,257.48,216.96
519,17.3,racket,tennis racket,472,0.4641,1367.27,440.94,1408.41,471.37
519,17.3,racket,tennis racket,482,0.482,781.97,342.88,810.37,374.16
519,17.3,ball,sports ball,484,0.4026,1233.22,279.03,1243.46,288.88
519,17.3,ball,sports ball,114,0.2661,1022.85,273.33,1034.24,281.84
520,17.333,person,person,1,0.9187,1256.34,343.37,1418.47,500.85
520,17.333,person,person,139,0.8877,716.17,306.75,821.36,459.68
520,17.333,person,person,236,0.8454,789.05,58.23,838.6,139.97
520,17.333,person,person,8,0.4723,818.84,22.8,851.33,81.41
520,17.333,person,person,176,0.7674,1136.26,65.54,1185.59,144.43
520,17.333,person,person,405,0.7702,1015.64,0.53,1051.63,45.02
520,17.333,person,person,436,0.3875,63.91,425.2,101.14,476.85
520,17.333,person,person,462,0.7411,223.23,153.45,257.5,216.96
520,17.333,racket,tennis racket,472,0.4235,1365.7,442.71,1408.0,474.01
520,17.333,racket,tennis racket,482,0.7034,783.83,347.68,818.62,386.12
520,17.333,ball,sports ball,484,0.5217,1233.01,278.98,1242.74,288.33
521,17.367,person,person,1,0.9298,1259.72,342.98,1423.62,506.52
521,17.367,person,person,139,0.8995,714.83,307.97,821.25,464.27
521,17.367,person,person,236,0.8211,788.03,58.32,836.61,139.71
521,17.367,person,person,8,0.6431,819.5,22.87,851.94,81.04
521,17.367,person,person,176,0.7647,1135.02,65.33,1184.38,144.44
521,17.367,person,person,405,0.7636,1016.31,0.54,1051.83,44.92
521,17.367,person,person,436,0.4189,63.73,424.97,101.33,476.89
521,17.367,person,person,462,0.7559,223.2,153.14,257.38,216.81
521,17.367,racket,tennis racket,472,0.6045,1364.89,442.82,1410.58,477.14
521,17.367,racket,tennis racket,482,0.5901,790.18,356.55,820.65,389.81
521,17.367,ball,sports ball,484,0.5273,1232.5,278.22,1242.48,287.8
521,17.367,ball,sports ball,114,0.2727,1022.82,273.24,1034.33,281.86
522,17.4,person,person,1,0.9205,1264.45,343.12,1429.39,512.87
522,17.4,person,person,139,0.9009,713.53,308.78,821.07,468.24
522,17.4,person,person,236,0.8185,787.19,58.41,835.05,139.91
522,17.4,person,person,8,0.6142,819.91,22.64,852.77,81.42
522,17.4,person,person,176,0.7651,1133.36,65.4,1182.31,144.41
522,17.4,person,person,405,0.771,1016.66,0.54,1051.85,44.94
522,17.4,person,person,436,0.405,63.74,425.13,101.41,476.97
522,17.4,person,person,462,0.7599,223.3,153.12,257.38,216.89
522,17.4,racket,tennis racket,472,0.5779,1365.04,443.73,1412.96,480.65
522,17.4,racket,tennis racket,482,0.731,790.92,369.4,818.33,398.13
522,17.4,ball,sports ball,484,0.2919,1232.02,278.17,1241.22,286.99
523,17.433,person,person,1,0.9187,1268.98,343.65,1434.5,519.59
523,17.433,person,person,139,0.8975,712.88,309.36,820.37,470.01
523,17.433,person,person,236,0.8172,786.83,58.49,834.06,140.12
523,17.433,person,person,8,0.6163,820.1,22.61,853.32,81.78
523,17.433,person,person,176,0.7917,1134.81,65.2,1182.49,144.17
523,17.433,person,person,405,0.7906,1016.56,0.56,1051.54,45.06
523,17.433,person,person,436,0.3896,63.57,424.69,101.85,477.12
523,17.433,person,person,462,0.6986,223.44,152.47,257.52,216.63
523,17.433,racket,tennis racket,472,0.4369,1364.8,443.77,1415.28,483.85
523,17.433,ball,sports ball,484,0.2905,1231.35,277.06,1241.31,286.62
523,17.433,ball,sports ball,114,0.2517,1022.64,273.29,1034.12,281.92
524,17.467,person,person,1,0.9179,1271.35,344.26,1437.98,526.92
524,17.467,person,person,139,0.9011,712.6,309.43,819.73,470.71
524,17.467,person,person,236,0.8292,786.61,58.82,833.26,140.43
524,17.467,person,person,8,0.5886,820.29,22.94,853.74,82.24
524,17.467,person,person,176,0.8107,1129.64,65.51,1176.84,144.58
524,17.467,person,person,405,0.7972,1016.42,0.55,1051.38,45.28
524,17.467,person,person,436,0.3881,63.66,424.2,102.39,476.92
524,17.467,person,person,462,0.6991,223.76,152.04,257.73,216.47
524,17.467,racket,tennis racket,487,0.4976,1380.08,455.27,1408.81,487.8
525,17.5,person,person,1,0.9179,1273.61,344.49,1437.79,529.68
525,17.5,person,person,139,0.9013,712.71,309.43,819.27,470.93
525,17.5,person,person,236,0.8289,786.71,58.94,832.85,140.55
525,17.5,person,person,8,0.5902,820.29,23.04,853.92,82.41
525,17.5,person,person,176,0.8099,1127.87,65.61,1174.62,144.75
525,17.5,person,person,405,0.7963,1016.38,0.54,1051.23,45.38
525,17.5,person,person,436,0.3889,63.56,424.0,102.63,476.9
525,17.5,person,person,462,0.6988,223.96,151.89,257.77,216.4
525,17.5,racket,tennis racket,487,0.4975,1380.24,455.78,1408.93,488.3
526,17.533,person,person,1,0.917,1276.75,346.56,1438.12,533.19
526,17.533,person,person,139,0.8983,712.59,309.65,818.77,471.32
526,17.533,person,person,236,0.8361,786.5,59.11,832.28,141.08
526,17.533,person,person,8,0.5655,820.44,23.29,854.18,82.5
526,17.533,person,person,176,0.7414,1123.81,65.53,1170.72,145.46
526,17.533,person,person,405,0.7782,1016.82,0.52,1051.51,45.54
526,17.533,person,person,436,0.3687,63.4,423.89,102.75,476.98
526,17.533,person,person,462,0.6311,224.16,151.54,257.99,216.43
526,17.533,racket,tennis racket,487,0.5388,1380.61,454.99,1412.17,490.95
527,17.567,person,person,1,0.9203,1279.98,348.5,1437.49,534.36
527,17.567,person,person,139,0.9054,711.98,309.66,817.77,471.49
527,17.567,person,person,236,0.8394,786.35,59.17,831.86,141.55
527,17.567,person,person,8,0.6081,820.06,23.4,854.43,83.32
527,17.567,person,person,176,0.7832,1124.77,65.38,1170.47,144.85
527,17.567,person,person,405,0.787,1017.51,0.48,1051.86,45.6
527,17.567,person,person,436,0.3793,63.38,423.68,103.13,477.12
527,17.567,person,person,462,0.6273,226.0,151.43,259.98,215.98
528,17.6,person,person,1,0.9181,1283.79,350.47,1437.32,534.4
528,17.6,person,person,139,0.8926,711.08,310.1,816.05,471.36
528,17.6,person,person,236,0.8353,786.02,59.51,831.12,142.05
528,17.6,person,person,8,0.5259,819.98,23.35,854.67,83.42
528,17.6,person,person,176,0.7537,1123.77,65.26,1169.54,146.42
528,17.6,person,person,405,0.775,1018.02,0.43,1052.06,45.69
528,17.6,person,person,436,0.3459,63.64,423.48,103.89,477.29
528,17.6,person,person,462,0.5961,227.57,151.84,261.66,215.89
529,17.633,person,person,1,0.9202,1286.93,351.14,1437.9,534.07
529,17.633,person,person,139,0.8864,708.77,311.21,812.65,470.75
529,17.633,person,person,236,0.8328,785.64,59.82,830.43,142.66
529,17.633,person,person,8,0.622,819.86,23.28,855.17,84.13
529,17.633,person,person,176,0.693,1124.09,65.39,1169.47,147.68
529,17.633,person,person,405,0.8051,1018.7,0.51,1052.41,45.96
529,17.633,person,person,436,0.4286,63.67,423.42,104.13,477.24
529,17.633,person,person,462,0.5797,228.5,151.85,263.11,216.01
530,17.667,person,person,1,0.9199,1289.36,351.43,1438.6,533.76
530,17.667,person,person,139,0.8629,706.49,312.48,809.93,471.05
530,17.667,person,person,236,0.8205,785.35,60.48,829.71,143.27
530,17.667,person,person,8,0.6209,819.71,23.54,855.15,84.12
530,17.667,person,person,176,0.7164,1123.37,64.99,1168.07,146.67
530,17.667,person,person,405,0.8009,1019.37,0.54,1052.6,46.07
530,17.667,person,person,436,0.4196,63.48,423.48,104.98,478.51
530,17.667,person,person,462,0.586,229.74,151.86,265.03,215.98
531,17.7,person,person,1,0.9195,1290.54,351.51,1438.42,533.57
531,17.7,person,person,139,0.8625,705.65,312.9,809.02,471.12
531,17.7,person,person,236,0.8203,785.37,60.72,829.36,143.51
531,17.7,person,person,8,0.6235,819.56,23.64,855.2,84.12
531,17.7,person,person,176,0.7115,1123.23,64.84,1167.46,146.22
531,17.7,person,person,405,0.8022,1019.73,0.56,1052.53,46.18
531,17.7,person,person,436,0.424,63.33,423.52,105.26,478.97
531,17.7,person,person,462,0.5812,229.99,151.87,265.92,215.98
531,17.7,racket,tennis racket,496,0.3886,1406.61,452.31,1424.79,495.05
532,17.733,person,person,1,0.9201,1292.18,351.47,1439.28,533.58
532,17.733,person,person,139,0.8732,706.4,313.89,809.71,473.44
532,17.733,person,person,236,0.8086,785.25,60.76,828.83,143.53
532,17.733,person,person,8,0.6246,819.62,23.73,855.55,84.15
532,17.733,person,person,176,0.7685,1120.03,65.71,1164.65,147.23
532,17.733,person,person,405,0.7907,1020.29,0.45,1052.66,46.25
532,17.733,person,person,436,0.4749,63.44,423.53,105.65,479.13
532,17.733,person,person,462,0.6058,229.88,151.85,266.56,215.98
532,17.733,racket,tennis racket,496,0.412,1410.52,450.65,1428.52,492.98
533,17.767,person,person,1,0.9213,1294.23,351.47,1440.79,533.47
533,17.767,person,person,139,0.8771,706.16,314.91,810.32,477.76
533,17.767,person,person,236,0.7999,784.63,60.71,827.94,143.64
533,17.767,person,person,8,0.5308,819.49,23.8,855.68,84.09
533,17.767,person,person,176,0.789,1117.63,66.12,1163.05,148.37
533,17.767,person,person,405,0.8011,1020.59,0.38,1052.61,46.34
533,17.767,person,person,436,0.5032,63.25,423.63,105.35,479.01
533,17.767,person,person,462,0.6057,233.03,151.4,269.84,215.49
533,17.767,racket,tennis racket,497,0.5538,695.96,413.04,721.9,455.75
534,17.8,person,person,1,0.9247,1294.85,351.06,1441.9,533.71
534,17.8,person,person,139,0.8953,705.84,316.87,809.91,481.92
534,17.8,person,person,236,0.797,784.35,60.83,827.26,143.74
534,17.8,person,person,8,0.5286,819.22,23.97,855.89,84.46
534,17.8,person,person,176,0.7524,1116.39,66.81,1161.96,148.86
534,17.8,person,person,405,0.7826,1021.11,0.34,1052.66,46.29
534,17.8,person,person,436,0.5159,63.26,423.6,105.37,478.87
534,17.8,person,person,462,0.5205,235.71,150.86,272.61,215.37
534,17.8,racket,tennis racket,497,0.5978,695.93,413.08,722.58,456.82
535,17.833,person,person,1,0.9272,1294.31,350.84,1442.14,533.79
535,17.833,person,person,139,0.8495,704.05,318.44,808.6,486.54
535,17.833,person,person,236,0.8013,784.14,60.94,826.6,143.69
535,17.833,person,person,8,0.497,819.11,24.7,855.74,84.14
535,17.833,person,person,176,0.7983,1112.84,67.09,1158.91,148.67
535,17.833,person,person,405,0.7783,1021.87,0.35,1053.28,46.56
535,17.833,person,person,436,0.5101,63.09,423.64,105.39,479.12
535,17.833,person,person,462,0.7443,237.15,150.19,273.79,214.34
535,17.833,racket,tennis racket,497,0.3696,698.01,415.61,724.32,458.44
536,17.867,person,person,1,0.9264,1292.79,350.66,1441.83,533.93
536,17.867,person,person,139,0.8729,699.2,319.91,804.3,490.41
536,17.867,person,person,236,0.7959,783.77,60.94,825.91,143.56
536,17.867,person,person,8,0.5317,818.49,24.99,855.76,84.55
536,17.867,person,person,176,0.7998,1111.35,66.54,1157.91,148.56
536,17.867,person,person,405,0.7828,1022.22,0.43,1053.67,46.66
536,17.867,person,person,436,0.4948,63.27,423.48,105.47,478.71
536,17.867,person,person,462,0.8309,238.29,149.5,274.39,213.03
536,17.867,racket,tennis racket,497,0.3645,702.94,418.57,729.88,462.07
536,17.867,ball,sports ball,114,0.2703,1022.8,273.41,1034.07,281.9
537,17.9,person,person,1,0.9266,1291.9,350.56,1441.88,533.92
537,17.9,person,person,139,0.875,697.64,320.47,802.4,491.82
537,17.9,person,person,236,0.7949,783.69,61.0,825.55,143.49
537,17.9,person,person,8,0.5557,817.99,25.06,855.97,84.96
537,17.9,person,person,176,0.7985,1110.79,66.31,1157.67,148.5
537,17.9,person,person,405,0.7862,1022.32,0.46,1053.84,46.76
537,17.9,person,person,436,0.4849,63.32,423.45,105.45,478.49
537,17.9,person,person,462,0.8301,238.69,149.25,274.49,212.53
537,17.9,racket,tennis racket,497,0.3691,704.47,419.49,731.78,463.14
537,17.9,racket,tennis racket,504,0.3546,1087.03,99.92,1106.96,110.49
537,17.9,racket,tennis racket,505,0.3115,1426.28,443.96,1444.01,480.59
537,17.9,ball,sports ball,114,0.2756,1022.8,273.4,1034.08,281.91
538,17.933,person,person,1,0.9237,1291.57,350.57,1442.08,533.6
538,17.933,person,person,139,0.8742,699.48,322.23,802.66,494.38
538,17.933,person,person,236,0.8172,783.25,61.08,825.06,143.69
538,17.933,person,person,8,0.5516,818.33,24.92,856.16,83.39
538,17.933,person,person,176,0.6966,1107.68,65.95,1155.02,148.47
538,17.933,person,person,405,0.7926,1022.36,0.38,1054.04,46.69
538,17.933,person,person,436,0.428,62.57,423.73,105.24,479.56
538,17.933,person,person,462,0.7558,239.72,148.9,274.63,211.04
538,17.933,racket,tennis racket,505,0.4106,1427.7,442.56,1444.69,477.75
538,17.933,ball,sports ball,114,0.2912,1022.8,273.31,1034.18,281.92
539,17.967,person,person,1,0.923,1291.35,350.37,1442.35,533.38
539,17.967,person,person,139,0.9073,704.9,324.73,804.83,496.13
539,17.967,person,person,236,0.8202,783.1,61.13,824.81,143.78
539,17.967,person,person,8,0.4104,818.89,25.66,856.72,82.6
539,17.967,person,person,176,0.8484,1109.18,65.98,1155.43,148.31
539,17.967,person,person,405,0.7359,1023.18,0.25,1054.93,46.26
539,17.967,person,person,436,0.4016,61.97,423.48,105.73,481.07
539,17.967,person,person,462,0.8233,240.87,148.33,274.62,208.78
539,17.967,racket,tennis racket,505,0.3006,1428.6,440.69,1444.91,474.66
539,17.967,ball,sports ball,114,0.2778,1022.82,273.29,1034.21,281.93
539,17.967,person,person,510,0.344,1421.09,53.53,1443.23,86.2
539,17.967,racket,tennis racket,497,0.5594,717.02,421.81,746.51,469.09
540,18.0,person,person,1,0.9252,1290.53,350.83,1441.67,533.51
540,18.0,person,person,139,0.8895,709.67,326.24,806.25,497.12
540,18.0,person,person,236,0.8297,782.78,61.18,824.44,143.91
540,18.0,person,person,8,0.364,818.6,26.03,857.45,83.25
540,18.0,person,person,176,0.8221,1107.4,66.17,1152.44,148.19
540,18.0,person,person,405,0.736,1025.14,0.6,1056.69,46.39
540,18.0,person,person,436,0.3962,61.69,423.69,105.38,481.54
540,18.0,person,person,462,0.597,241.7,147.46,275.14,207.71
540,18.0,person,person,510,0.3423,1421.18,53.59,1443.44,86.44
540,18.0,racket,tennis racket,513,0.4284,1087.08,95.73,1123.44,119.78
540,18.0,racket,tennis racket,497,0.3229,724.85,423.54,753.18,469.48
541,18.033,person,person,1,0.9275,1289.63,351.24,1440.76,533.57
541,18.033,person,person,139,0.8866,713.31,328.16,806.17,497.31
541,18.033,person,person,236,0.8144,782.64,61.21,824.07,143.82
541,18.033,person,person,8,0.3452,818.53,25.35,856.09,79.56
541,18.033,person,person,176,0.7885,1106.03,65.55,1150.07,147.85
541,18.033,person,person,405,0.7363,1025.99,0.7,1057.75,46.79
541,18.033,person,person,436,0.3673,61.62,424.68,104.55,481.86
541,18.033,person,person,462,0.7338,243.22,146.4,276.31,205.95
541,18.033,person,person,510,0.3402,1421.31,53.52,1443.44,86.18
541,18.033,person,person,516,0.5748,359.44,83.43,388.37,127.37
542,18.067,person,person,1,0.9259,1288.33,351.01,1439.47,533.29
542,18.067,person,person,139,0.8895,717.49,329.83,807.32,497.36
542,18.067,person,person,236,0.8187,782.23,61.27,823.53,143.92
542,18.067,person,person,8,0.3094,815.81,25.13,857.44,85.25
542,18.067,person,person,176,0.6577,1104.35,65.06,1147.47,148.01
542,18.067,person,person,405,0.7325,1025.7,0.43,1058.01,46.97
542,18.067,person,person,436,0.4019,61.52,424.85,104.04,481.83
542,18.067,person,person,462,0.7669,245.12,145.4,278.15,204.61
542,18.067,person,person,510,0.3567,1421.15,53.26,1443.57,86.37
542,18.067,person,person,516,0.4341,360.07,82.82,389.31,127.44
542,18.067,racket,tennis racket,519,0.3557,1285.78,485.04,1323.26,508.61
542,18.067,ball,sports ball,114,0.2559,1022.83,273.28,1034.12,281.85
542,18.067,racket,tennis racket,497,0.5122,737.38,435.28,760.87,470.33
543,18.1,person,person,1,0.9258,1287.77,350.9,1438.94,533.15
543,18.1,person,person,139,0.8869,719.6,330.39,807.17,497.31
543,18.1,person,person,236,0.8169,782.12,61.3,823.3,143.96
543,18.1,person,person,8,0.3135,814.81,25.06,857.91,87.34
543,18.1,person,person,176,0.6612,1104.23,64.88,1146.28,148.08
543,18.1,person,person,405,0.7294,1025.5,0.32,1058.28,47.25
543,18.1,person,person,436,0.4026,61.62,424.91,103.8,481.72
543,18.1,person,person,462,0.7646,245.74,145.02,278.84,204.14
543,18.1,person,person,510,0.3235,1421.13,53.39,1443.54,86.49
543,18.1,person,person,516,0.4423,360.38,82.61,389.57,127.5
543,18.1,racket,tennis racket,519,0.3401,1285.77,484.87,1323.41,508.57
543,18.1,ball,sports ball,114,0.2639,1022.81,273.29,1034.06,281.84
543,18.1,racket,tennis racket,497,0.5064,738.34,435.67,763.01,470.17
544,18.133,person,person,1,0.9267,1286.87,351.01,1437.8,533.22
544,18.133,person,person,139,0.8908,723.58,331.11,809.21,497.17
544,18.133,person,person,236,0.8262,781.86,61.5,822.96,144.12
544,18.133,person,person,8,0.4961,810.86,25.3,853.77,89.05
544,18.133,person,person,176,0.8162,1099.66,65.66,1140.75,147.79
544,18.133,person,person,405,0.7292,1026.7,0.78,1059.34,47.39
544,18.133,person,person,436,0.432,61.8,424.57,103.75,481.26
544,18.133,person,person,462,0.5906,248.12,144.83,281.4,203.83
544,18.133,person,person,510,0.302,1420.88,52.85,1443.65,86.57
544,18.133,person,person,516,0.4038,361.7,81.98,390.52,126.83
544,18.133,racket,tennis racket,519,0.306,1285.57,484.61,1323.72,508.67
544,18.133,ball,sports ball,114,0.2858,1022.81,273.28,1034.09,281.86
544,18.133,racket,tennis racket,497,0.637,742.25,438.92,765.6,469.74
545,18.167,person,person,1,0.9291,1285.48,351.16,1435.74,533.24
545,18.167,person,person,139,0.913,727.13,331.0,811.27,497.02
545,18.167,person,person,236,0.8369,781.69,61.61,822.71,144.34
545,18.167,person,person,8,0.2905,811.22,24.98,854.05,89.42
545,18.167,person,person,176,0.8265,1097.58,66.18,1137.8,147.88
545,18.167,person,person,405,0.7163,1027.11,1.19,1059.56,47.25
545,18.167,person,person,436,0.4295,61.93,424.57,103.5,480.96
545,18.167,person,person,462,0.6101,250.43,143.84,284.42,203.35
545,18.167,racket,tennis racket,519,0.2892,1285.66,484.55,1323.78,508.65
545,18.167,ball,sports ball,114,0.3051,1022.8,273.28,1034.07,281.85
545,18.167,racket,tennis racket,497,0.6002,745.51,438.68,769.79,469.18
546,18.2,person,person,1,0.9208,1284.62,351.23,1433.84,533.15
546,18.2,person,person,139,0.8967,730.09,331.65,812.44,496.79
546,18.2,person,person,236,0.8383,781.4,61.92,822.29,144.62
546,18.2,person,person,8,0.3853,810.65,25.0,852.81,89.48
546,18.2,person,person,176,0.8661,1094.28,66.77,1134.15,147.99
546,18.2,person,person,405,0.7361,1027.17,0.7,1060.08,47.26
546,18.2,person,person,436,0.4208,62.22,424.33,103.54,480.5
546,18.2,person,person,462,0.4438,251.14,143.13,285.49,203.3
546,18.2,racket,tennis racket,519,0.4065,1286.24,485.27,1323.32,508.73
546,18.2,ball,sports ball,114,0.2817,1022.82,273.27,1034.1,281.84
546,18.2,racket,tennis racket,497,0.4157,749.29,438.93,773.65,468.22
547,18.233,person,person,1,0.9162,1282.95,350.98,1431.08,533.28
547,18.233,person,person,139,0.8844,732.48,332.6,813.54,497.75
547,18.233,person,person,236,0.8414,781.04,62.12,821.8,144.96
547,18.233,person,person,8,0.3478,810.42,25.24,851.37,89.12
547,18.233,person,person,176,0.864,1090.93,66.62,1131.29,148.11
547,18.233,person,person,405,0.7473,1027.16,0.77,1060.12,47.24
547,18.233,person,person,436,0.4121,62.21,424.44,103.53,480.73
547,18.233,person,person,462,0.4812,251.03,143.34,285.06,203.39
547,18.233,racket,tennis racket,519,0.3727,1286.6,485.65,1323.03,508.67
547,18.233,ball,sports ball,114,0.2815,1022.83,273.31,1034.07,281.84
547,18.233,racket,tennis racket,497,0.4393,752.93,441.68,776.99,469.48
547,18.233,person,person,510,0.2733,1420.23,51.67,1443.26,85.75
548,18.267,person,person,1,0.9148,1282.38,349.91,1429.47,533.26
548,18.267,person,person,139,0.8868,735.14,332.94,814.49,496.98
548,18.267,person,person,236,0.8303,780.84,62.2,821.61,145.45
548,18.267,person,person,8,0.6136,809.6,25.77,849.48,89.55
548,18.267,person,person,176,0.8442,1088.15,66.41,1129.39,148.19
548,18.267,person,person,405,0.7657,1027.11,0.59,1060.24,47.19
548,18.267,person,person,436,0.41,62.16,424.59,103.39,480.89
548,18.267,person,person,462,0.3864,252.61,142.9,286.75,203.35
548,18.267,racket,tennis racket,519,0.4317,1286.87,486.03,1322.72,508.64
548,18.267,ball,sports ball,114,0.3095,1022.77,273.21,1034.13,281.84
548,18.267,racket,tennis racket,497,0.461,758.15,443.61,782.59,470.81
548,18.267,person,person,510,0.2993,1420.01,50.91,1443.32,85.34
549,18.3,person,person,1,0.9143,1282.78,349.5,1428.44,533.23
549,18.3,person,person,139,0.8873,736.45,333.03,814.59,496.66
549,18.3,person,person,236,0.8302,780.84,62.2,821.54,145.64
549,18.3,person,person,8,0.5922,809.64,25.99,848.52,89.6
549,18.3,person,person,176,0.8469,1086.94,66.27,1128.94,148.24
549,18.3,person,person,405,0.7665,1027.08,0.52,1060.27,47.13
549,18.3,person,person,436,0.4029,62.16,424.87,103.03,480.83
549,18.3,person,person,462,0.4284,253.55,142.46,287.72,203.27
549,18.3,racket,tennis racket,519,0.4295,1287.01,486.22,1322.63,508.62
549,18.3,ball,sports ball,114,0.2974,1022.79,273.18,1034.17,281.84
549,18.3,racket,tennis racket,497,0.4525,759.46,444.22,784.63,471.33
549,18.3,person,person,510,0.2977,1419.91,50.71,1443.4,85.34
550,18.333,person,person,1,0.9099,1280.76,348.67,1425.32,533.15
550,18.333,person,person,139,0.881,739.95,334.16,816.72,495.91
550,18.333,person,person,236,0.825,780.26,62.65,820.92,146.16
550,18.333,person,person,8,0.7163,809.41,25.02,848.03,89.69
550,18.333,person,person,176,0.8597,1085.16,66.51,1128.0,148.28
550,18.333,person,person,405,0.7788,1027.25,0.9,1060.12,47.0
550,18.333,person,person,436,0.3907,62.24,424.94,102.82,480.63
550,18.333,person,person,462,0.5483,255.51,141.43,290.34,203.47
550,18.333,ball,sports ball,114,0.3112,1022.79,273.18,1034.15,281.83
550,18.333,racket,tennis racket,497,0.3425,764.37,446.4,790.11,473.05
550,18.333,person,person,510,0.3066,1419.88,50.62,1443.53,85.42
551,18.367,person,person,1,0.9007,1278.63,348.14,1421.64,533.07
551,18.367,person,person,139,0.8578,745.69,335.14,822.75,496.48
551,18.367,person,person,236,0.8211,778.96,62.96,819.96,146.97
551,18.367,person,person,8,0.674,809.59,23.84,847.86,89.03
551,18.367,person,person,176,0.8677,1083.93,66.68,1127.59,148.16
551,18.367,person,person,405,0.7915,1027.29,1.07,1060.04,46.9
551,18.367,person,person,436,0.3866,62.36,424.83,102.94,480.65
551,18.367,person,person,462,0.4083,257.82,144.36,290.92,203.22
551,18.367,ball,sports ball,114,0.2825,1022.82,273.15,1034.16,281.8
551,18.367,racket,tennis racket,497,0.5169,768.1,444.7,797.55,474.27
551,18.367,person,person,510,0.2971,1419.91,50.74,1443.45,85.36
551,18.367,ball,sports ball,523,0.4215,1222.91,269.72,1233.46,278.65
552,18.4,person,person,1,0.8994,1276.1,346.92,1417.2,532.62
552,18.4,person,person,139,0.8874,753.21,336.2,831.48,496.85
552,18.4,person,person,236,0.838,777.14,63.22,818.73,147.68
552,18.4,person,person,8,0.5799,808.94,23.56,846.5,88.75
552,18.4,person,person,176,0.8623,1082.82,66.74,1127.42,148.12
552,18.4,person,person,405,0.8019,1027.37,0.94,1060.18,46.72
552,18.4,person,person,436,0.3675,62.4,424.82,102.84,480.61
552,18.4,ball,sports ball,114,0.3152,1022.83,273.15,1034.16,281.78
552,18.4,racket,tennis racket,497,0.6345,770.99,445.31,803.29,476.56
552,18.4,person,person,510,0.2763,1420.09,50.85,1443.29,84.92
552,18.4,ball,sports ball,523,0.4421,1222.87,269.64,1233.43,278.58
553,18.433,person,person,1,0.9015,1275.04,345.7,1413.92,532.05
553,18.433,person,person,139,0.839,759.84,336.72,840.15,496.53
553,18.433,person,person,236,0.847,776.07,63.51,818.17,148.23
553,18.433,person,person,8,0.6004,809.09,23.48,846.38,88.59
553,18.433,person,person,176,0.863,1081.16,66.48,1126.63,147.72
553,18.433,person,person,405,0.8067,1027.26,0.76,1060.08,46.41
553,18.433,person,person,436,0.3567,62.47,424.91,102.77,480.67
553,18.433,ball,sports ball,114,0.3376,1022.83,273.14,1034.16,281.78
553,18.433,racket,tennis racket,497,0.6181,779.47,447.13,811.95,477.83
553,18.433,person,person,510,0.2819,1420.23,50.76,1443.22,84.39
553,18.433,ball,sports ball,523,0.4669,1222.78,269.52,1233.48,278.58
554,18.467,person,person,1,0.9016,1274.56,344.29,1411.23,531.3
554,18.467,person,person,139,0.8335,764.1,337.02,846.9,496.58
554,18.467,person,person,236,0.845,775.41,64.08,817.95,148.97
554,18.467,person,person,8,0.6234,807.08,23.71,843.05,88.03
554,18.467,person,person,176,0.8473,1079.81,66.3,1125.72,147.07
554,18.467,person,person,405,0.8012,1027.05,1.24,1059.91,46.81
554,18.467,person,person,436,0.3495,62.31,424.96,102.79,481.25
554,18.467,ball,sports ball,114,0.3207,1022.85,273.15,1034.18,281.8
554,18.467,racket,tennis racket,497,0.4717,777.42,443.93,815.85,478.53
554,18.467,person,person,510,0.2791,1420.16,50.76,1443.11,84.27
554,18.467,ball,sports ball,523,0.4751,1222.71,269.37,1233.37,278.38
555,18.5,person,person,1,0.9021,1275.17,343.75,1409.59,531.01
555,18.5,person,person,139,0.834,764.85,337.11,849.97,496.58
555,18.5,person,person,236,0.8454,775.07,64.29,817.98,149.25
555,18.5,person,person,8,0.6208,806.59,23.81,841.64,87.82
555,18.5,person,person,176,0.8464,1079.21,66.24,1125.66,146.86
555,18.5,person,person,405,0.801,1026.99,1.06,1060.03,46.76
555,18.5,person,person,436,0.3538,62.28,424.95,102.72,481.45
555,18.5,ball,sports ball,114,0.3409,1022.84,273.17,1034.15,281.79
555,18.5,racket,tennis racket,497,0.4708,776.1,442.79,817.82,478.78
555,18.5,person,person,510,0.2698,1420.03,50.71,1443.15,84.46
555,18.5,ball,sports ball,523,0.4709,1222.7,269.33,1233.3,278.29
556,18.533,person,person,1,0.892,1276.08,342.51,1407.72,529.0
556,18.533,person,person,139,0.8402,764.96,336.89,852.53,496.44
556,18.533,person,person,236,0.8565,774.83,64.42,818.27,150.1
556,18.533,person,person,8,0.7565,805.89,23.95,839.58,87.25
556,18.533,person,person,176,0.8545,1077.03,66.34,1123.92,147.26
556,18.533,person,person,405,0.814,1027.0,1.46,1060.05,47.03
556,18.533,person,person,436,0.3583,62.49,424.64,102.92,481.33
556,18.533,ball,sports ball,114,0.3685,1022.86,273.11,1034.18,281.77
556,18.533,racket,tennis racket,497,0.4484,786.32,441.77,828.94,478.72
556,18.533,person,person,510,0.2621,1420.6,50.82,1443.03,83.45
556,18.533,ball,sports ball,523,0.5235,1222.28,269.27,1233.08,278.41
557,18.567,person,person,1,0.8914,1277.18,340.9,1405.37,525.42
557,18.567,person,person,139,0.6578,756.06,337.44,842.55,496.13
557,18.567,person,person,236,0.8643,774.53,65.08,818.25,150.96
557,18.567,person,person,8,0.7636,805.29,23.98,838.17,87.54
557,18.567,person,person,176,0.8386,1074.76,66.51,1121.61,147.38
557,18.567,person,person,405,0.8026,1027.17,1.3,1060.76,47.71
557,18.567,person,person,436,0.3784,62.55,424.39,102.86,481.19
557,18.567,ball,sports ball,114,0.4028,1022.84,273.08,1034.15,281.73
557,18.567,racket,tennis racket,497,0.4438,789.98,440.55,834.44,478.45
557,18.567,person,person,510,0.282,1421.07,50.83,1443.27,83.12
557,18.567,ball,sports ball,523,0.5449,1222.13,269.2,1232.99,278.43
558,18.6,person,person,1,0.8823,1277.33,339.45,1401.91,521.82
558,18.6,person,person,139,0.7326,759.87,336.6,849.12,497.1
558,18.6,person,person,236,0.8704,774.38,65.62,818.3,151.53
558,18.6,person,person,8,0.756,805.1,24.08,837.22,87.51
558,18.6,person,person,176,0.761,1074.12,66.47,1119.86,146.53
558,18.6,person,person,405,0.7977,1027.77,1.18,1061.56,48.08
558,18.6,person,person,436,0.3858,62.65,424.44,102.79,481.25
558,18.6,ball,sports ball,114,0.4063,1022.87,273.07,1034.16,281.73
558,18.6,racket,tennis racket,497,0.4204,797.95,438.3,844.01,477.8
558,18.6,person,person,510,0.2809,1421.73,51.02,1443.65,82.95
558,18.6,ball,sports ball,523,0.548,1222.04,269.11,1232.98,278.44
559,18.633,person,person,1,0.8979,1277.08,338.64,1397.91,518.78
559,18.633,person,person,139,0.7844,762.59,335.82,853.62,496.88
559,18.633,person,person,236,0.8679,774.33,66.23,818.26,151.67
559,18.633,person,person,8,0.7754,804.7,23.99,836.24,87.45
559,18.633,person,person,176,0.7551,1067.91,65.85,1113.97,146.16
559,18.633,person,person,405,0.8064,1027.73,0.53,1061.88,48.11
559,18.633,person,person,436,0.3758,62.74,424.6,102.53,481.16
559,18.633,ball,sports ball,114,0.3836,1022.91,273.09,1034.14,281.71
559,18.633,racket,tennis racket,497,0.5197,804.1,439.35,847.83,476.31
559,18.633,person,person,510,0.3068,1421.99,51.02,1443.89,83.04
559,18.633,ball,sports ball,523,0.5244,1221.96,269.03,1232.97,278.45
560,18.667,person,person,1,0.8888,1276.19,337.23,1393.02,515.14
560,18.667,person,person,139,0.8524,762.75,334.86,853.94,495.4
560,18.667,person,person,236,0.8643,773.88,66.23,818.14,151.64
560,18.667,person,person,8,0.7099,804.26,24.2,834.98,86.8
560,18.667,person,person,176,0.6655,1061.79,66.22,1107.32,145.33
560,18.667,person,person,405,0.8067,1027.66,0.34,1061.92,48.27
560,18.667,person,person,436,0.3754,62.8,424.73,102.24,481.04
560,18.667,ball,sports ball,114,0.3606,1022.92,273.09,1034.14,281.72
560,18.667,racket,tennis racket,497,0.4754,811.37,440.22,852.52,474.78
560,18.667,person,person,510,0.3538,1421.96,50.72,1444.18,83.43
560,18.667,ball,sports ball,523,0.4729,1222.1,269.07,1232.82,278.25
560,18.667,racket,tennis racket,530,0.4996,1294.12,410.61,1326.77,435.43
561,18.7,person,person,1,0.8894,1276.49,336.74,1390.55,513.85
561,18.7,person,person,139,0.8517,762.79,334.48,854.37,494.84
561,18.7,person,person,236,0.8647,773.65,66.21,818.21,151.61
561,18.7,person,person,8,0.7185,804.23,24.31,834.45,86.57
561,18.7,person,person,176,0.6781,1059.2,66.36,1104.71,145.06
561,18.7,person,person,405,0.807,1027.65,0.27,1061.88,48.34
561,18.7,person,person,436,0.3706,62.86,424.75,102.14,481.02
561,18.7,ball,sports ball,114,0.3608,1022.93,273.09,1034.13,281.72
561,18.7,racket,tennis racket,497,0.4764,813.74,440.56,854.03,474.18
561,18.7,person,person,510,0.3633,1422.07,50.65,1444.3,83.63
561,18.7,ball,sports ball,523,0.4738,1222.16,269.1,1232.74,278.16
561,18.7,racket,tennis racket,530,0.4952,1293.58,410.1,1326.9,435.45
561,18.7,racket,tennis racket,532,0.3304,794.8,440.66,852.43,474.08
562,18.733,person,person,1,0.9123,1276.05,335.12,1387.51,511.63
562,18.733,person,person,139,0.8766,766.86,334.61,858.85,495.2
562,18.733,person,person,236,0.8671,772.87,66.62,817.7,151.79
562,18.733,person,person,8,0.6938,804.58,24.46,834.33,86.35
562,18.733,person,person,176,0.6866,1056.26,66.62,1101.63,145.26
562,18.733,person,person,405,0.8038,1027.76,0.29,1061.83,48.34
562,18.733,person,person,436,0.3628,63.03,424.46,102.24,480.79
562,18.733,ball,sports ball,114,0.3657,1022.93,273.09,1034.12,281.72
562,18.733,racket,tennis racket,497,0.5829,816.82,442.23,854.81,473.67
562,18.733,person,person,510,0.4378,1422.0,49.96,1444.53,83.6
562,18.733,ball,sports ball,523,0.4568,1222.19,269.21,1232.56,278.08
563,18.767,person,person,1,0.9014,1275.91,334.13,1384.87,510.13
563,18.767,person,person,139,0.8848,772.32,334.33,863.62,495.28
563,18.767,person,person,236,0.8644,771.5,66.76,816.73,151.87
563,18.767,person,person,8,0.6161,805.44,24.67,834.61,85.61
563,18.767,person,person,176,0.7314,1054.01,66.68,1099.81,146.76
563,18.767,person,person,405,0.8073,1027.7,0.44,1061.48,48.29
563,18.767,person,person,436,0.3698,63.15,424.34,102.32,480.78
563,18.767,ball,sports ball,114,0.3629,1022.94,273.12,1034.1,281.73
563,18.767,racket,tennis racket,497,0.5747,816.58,442.03,855.53,473.92
563,18.767,person,person,510,0.4152,1422.21,50.19,1444.33,83.31
563,18.767,ball,sports ball,523,0.4539,1222.2,269.24,1232.44,277.96
564,18.8,person,person,1,0.9066,1275.79,332.95,1382.93,509.5
564,18.8,person,person,139,0.9022,779.23,334.07,869.73,495.68
564,18.8,person,person,236,0.8728,769.99,66.85,815.56,151.89
564,18.8,person,person,8,0.5003,806.29,25.04,835.04,85.29
564,18.8,person,person,176,0.7514,1052.54,66.59,1098.13,147.28
564,18.8,person,person,405,0.8115,1027.56,0.65,1061.3,48.7
564,18.8,person,person,436,0.3728,63.24,424.31,102.25,480.65
564,18.8,ball,sports ball,114,0.3453,1022.96,273.13,1034.1,281.73
564,18.8,racket,tennis racket,497,0.5764,817.24,443.43,855.56,474.51
564,18.8,person,person,510,0.4016,1422.28,50.36,1444.0,82.96
564,18.8,ball,sports ball,523,0.4324,1222.22,269.24,1232.39,277.89
565,18.833,person,person,1,0.8956,1275.94,331.62,1381.61,509.26
565,18.833,person,person,139,0.8714,786.32,334.67,877.26,499.05
565,18.833,person,person,236,0.8491,767.74,66.9,813.44,151.93
565,18.833,person,person,8,0.5086,807.77,25.56,836.73,85.19
565,18.833,person,person,176,0.7772,1051.63,66.97,1096.33,147.08
565,18.833,person,person,405,0.8355,1027.06,0.49,1060.91,48.87
565,18.833,person,person,436,0.3779,63.23,424.17,102.33,480.79
565,18.833,ball,sports ball,114,0.3586,1022.97,273.14,1034.09,281.72
565,18.833,racket,tennis racket,497,0.6077,815.15,443.27,855.59,476.14
565,18.833,person,person,510,0.3884,1422.29,50.07,1443.92,82.61
565,18.833,ball,sports ball,523,0.4387,1222.22,269.27,1232.39,277.88
565,18.833,racket,tennis racket,532,0.6817,794.68,436.28,864.7,477.6
566,18.867,person,person,1,0.889,1276.33,330.13,1380.42,508.63
566,18.867,person,person,139,0.7579,794.98,335.37,881.86,491.89
566,18.867,person,person,236,0.8546,765.17,66.97,810.9,151.8
566,18.867,person,person,8,0.5195,808.86,25.87,838.34,85.4
566,18.867,person,person,176,0.7942,1049.61,67.01,1094.16,147.2
566,18.867,person,person,405,0.8238,1026.43,0.33,1060.23,48.69
566,18.867,person,person,436,0.384,63.24,424.1,102.36,480.89
566,18.867,ball,sports ball,114,0.3246,1022.98,273.15,1034.06,281.72
566,18.867,racket,tennis racket,497,0.4897,811.27,440.2,856.93,478.14
566,18.867,person,person,510,0.3531,1422.46,50.02,1443.79,82.11
566,18.867,ball,sports ball,523,0.4208,1222.27,269.27,1232.41,277.85
566,18.867,racket,tennis racket,532,0.477,791.0,434.36,864.71,478.66
567,18.9,person,person,1,0.889,1277.07,329.6,1379.45,508.45
567,18.9,person,person,139,0.7552,798.14,335.65,883.39,488.76
567,18.9,person,person,236,0.8537,764.19,67.0,810.0,151.76
567,18.9,person,person,8,0.5184,809.12,25.9,839.14,85.48
567,18.9,person,person,176,0.7935,1048.9,67.04,1093.3,147.23
567,18.9,person,person,405,0.8224,1026.22,0.27,1059.97,48.58
567,18.9,person,person,436,0.3882,63.27,424.1,102.31,480.91
567,18.9,ball,sports ball,114,0.3215,1022.98,273.16,1034.05,281.72
567,18.9,racket,tennis racket,497,0.4814,810.12,439.0,857.16,478.89
567,18.9,person,person,510,0.3588,1422.52,50.0,1443.75,81.92
567,18.9,ball,sports ball,523,0.4218,1222.3,269.27,1232.44,277.83
567,18.9,racket,tennis racket,532,0.4794,790.02,433.69,864.05,479.06
568,18.933,person,person,1,0.896,1276.97,328.7,1378.23,508.95
568,18.933,person,person,139,0.889,799.06,336.11,891.9,503.15
568,18.933,person,person,236,0.8501,762.12,67.0,807.68,151.65
568,18.933,person,person,8,0.6074,808.74,25.83,839.41,85.65
568,18.933,person,person,176,0.7899,1048.18,67.43,1092.25,146.91
568,18.933,person,person,405,0.7914,1026.13,0.23,1059.86,48.52
568,18.933,person,person,436,0.3806,63.32,424.24,102.22,480.94
568,18.933,ball,sports ball,114,0.3516,1022.99,273.15,1034.06,281.71
568,18.933,racket,tennis racket,497,0.4976,810.19,439.92,857.59,480.69
568,18.933,person,person,510,0.345,1422.52,50.0,1443.5,81.41
568,18.933,ball,sports ball,523,0.4605,1222.29,269.27,1232.47,277.85
569,18.967,person,person,1,0.8911,1276.98,328.02,1376.92,509.3
569,18.967,person,person,139,0.909,803.09,337.39,900.2,511.58
569,18.967,person,person,236,0.8494,759.38,67.13,804.59,152.03
569,18.967,person,person,8,0.655,807.8,25.09,839.19,85.35
569,18.967,person,person,176,0.7949,1046.31,67.66,1090.89,147.2
569,18.967,person,person,405,0.7859,1025.45,0.15,1059.42,48.61
569,18.967,person,person,436,0.3774,63.42,424.41,102.15,480.92
569,18.967,ball,sports ball,114,0.427,1022.96,273.13,1034.05,281.71
569,18.967,racket,tennis racket,497,0.583,808.79,441.69,854.39,481.73
569,18.967,person,person,510,0.3475,1422.69,50.04,1443.32,80.79
569,18.967,ball,sports ball,523,0.4823,1222.27,269.29,1232.46,277.86
570,19.0,person,person,1,0.8927,1277.34,327.45,1375.84,509.51
570,19.0,person,person,139,0.9044,808.48,338.48,908.54,516.32
570,19.0,person,person,236,0.8541,757.36,67.22,802.55,153.2
570,19.0,person,person,8,0.666,807.63,25.02,839.4,84.87
570,19.0,person,person,176,0.8398,1045.39,67.63,1090.54,147.38
570,19.0,person,person,405,0.7737,1024.29,0.2,1058.65,49.14
570,19.0,person,person,436,0.4157,65.14,424.59,102.41,478.06
570,19.0,ball,sports ball,114,0.2877,1023.08,273.14,1034.15,281.66
570,19.0,racket,tennis racket,497,0.5595,808.84,445.83,851.42,483.76
570,19.0,person,person,510,0.4663,1421.8,49.71,1444.08,83.41
570,19.0,ball,sports ball,523,0.4192,1222.43,269.22,1232.24,277.47
570,19.0,racket,tennis racket,532,0.5097,789.46,433.74,867.3,483.75
571,19.033,person,person,1,0.8839,1277.84,326.42,1375.2,509.82
571,19.033,person,person,139,0.9038,813.49,340.02,915.69,519.34
571,19.033,person,person,236,0.832,756.02,67.57,801.1,154.49
571,19.033,person,person,8,0.7354,807.55,25.11,839.67,84.68
571,19.033,person,person,176,0.8419,1045.01,67.61,1090.5,147.34
571,19.033,person,person,405,0.7565,1023.14,0.2,1057.57,49.27
571,19.033,person,person,436,0.4271,65.81,424.65,102.85,476.96
571,19.033,ball,sports ball,114,0.2794,1023.11,273.14,1034.19,281.63
571,19.033,racket,tennis racket,497,0.6421,804.84,441.9,854.27,487.45
571,19.033,person,person,510,0.4845,1421.55,49.68,1444.23,84.39
571,19.033,ball,sports ball,523,0.4373,1222.51,269.19,1232.16,277.28
572,19.067,person,person,1,0.8917,1278.37,325.27,1374.41,509.56
572,19.067,person,person,139,0.9076,818.63,342.36,922.44,521.19
572,19.067,person,person,236,0.8331,754.76,68.03,799.66,155.28
572,19.067,person,person,8,0.7761,807.59,25.27,840.14,84.78
572,19.067,person,person,176,0.8202,1043.41,67.75,1089.3,147.06
572,19.067,person,person,405,0.7186,1021.85,0.26,1056.05,49.3
572,19.067,person,person,436,0.3744,65.64,424.78,102.9,476.7
572,19.067,ball,sports ball,114,0.2939,1022.93,273.1,1034.17,281.72
572,19.067,racket,tennis racket,497,0.6082,805.49,443.34,853.85,489.18
572,19.067,person,person,510,0.4639,1421.67,49.29,1444.33,84.38
572,19.067,ball,sports ball,523,0.36,1222.48,269.16,1232.03,277.16
573,19.1,person,person,1,0.8904,1279.11,324.88,1373.69,509.48
573,19.1,person,person,139,0.9076,819.96,343.23,925.32,521.8
573,19.1,person,person,236,0.8335,754.42,68.19,799.05,155.54
573,19.1,person,person,8,0.7761,807.46,25.27,840.43,84.8
573,19.1,person,person,176,0.8206,1042.68,67.82,1089.05,146.96
573,19.1,person,person,405,0.7192,1021.44,0.29,1055.42,49.3
573,19.1,person,person,436,0.3725,65.42,424.83,102.98,476.59
573,19.1,ball,sports ball,114,0.2926,1022.87,273.08,1034.16,281.75
573,19.1,racket,tennis racket,497,0.6083,806.09,444.02,853.21,489.85
573,19.1,person,person,510,0.4605,1421.71,49.15,1444.32,84.56
573,19.1,ball,sports ball,523,0.357,1222.45,269.14,1232.0,277.12
574,19.133,person,person,1,0.8898,1278.99,323.25,1372.45,508.9
574,19.133,person,person,139,0.9097,823.73,344.28,930.58,522.08
574,19.133,person,person,236,0.8189,753.75,68.28,798.29,155.81
574,19.133,person,person,8,0.785,807.25,25.09,840.71,84.85
574,19.133,person,person,176,0.7498,1040.57,67.34,1087.57,146.89
574,19.133,person,person,405,0.7249,1019.81,0.51,1053.19,49.36
574,19.133,person,person,436,0.3841,65.38,424.82,103.25,476.42
574,19.133,ball,sports ball,114,0.3141,1022.83,273.09,1034.15,281.77
574,19.133,racket,tennis racket,497,0.5272,809.5,448.82,851.94,490.83
574,19.133,person,person,510,0.471,1421.59,49.04,1444.09,84.65
574,19.133,ball,sports ball,523,0.3655,1222.45,269.15,1232.0,277.13
575,19.167,person,person,1,0.8831,1278.13,321.22,1370.06,507.05
575,19.167,person,person,139,0.9128,826.34,346.25,935.01,523.96
575,19.167,person,person,236,0.8504,753.02,68.43,797.85,156.7
575,19.167,person,person,8,0.785,807.08,24.93,840.95,84.82
575,19.167,person,person,176,0.7669,1037.67,66.43,1085.57,146.88
575,19.167,person,person,405,0.728,1018.05,0.65,1050.59,49.28
575,19.167,person,person,436,0.3937,65.2,424.76,103.4,476.32
575,19.167,ball,sports ball,114,0.3335,1022.83,273.11,1034.1,281.77
575,19.167,racket,tennis racket,497,0.5397,810.12,446.75,855.4,492.85
575,19.167,person,person,510,0.4756,1421.52,49.05,1444.07,85.1
575,19.167,ball,sports ball,523,0.3688,1222.46,269.17,1232.0,277.13
576,19.2,person,person,1,0.8877,1277.84,319.12,1368.23,504.86
576,19.2,person,person,139,0.918,830.26,347.84,940.38,524.81
576,19.2,person,person,236,0.8829,751.66,69.07,796.63,157.18
576,19.2,person,person,8,0.7696,806.93,24.88,841.1,84.76
576,19.2,person,person,176,0.8262,1034.52,65.69,1083.15,146.71
576,19.2,person,person,405,0.7879,1016.59,0.37,1048.97,49.76
576,19.2,person,person,436,0.4358,65.32,424.62,103.88,476.09
576,19.2,ball,sports ball,114,0.3328,1022.82,273.1,1034.11,281.78
576,19.2,racket,tennis racket,497,0.5812,818.42,453.23,859.71,495.17
576,19.2,person,person,510,0.4745,1421.49,49.36,1444.02,85.79
576,19.2,ball,sports ball,523,0.3548,1222.45,269.16,1232.01,277.13
577,19.233,person,person,1,0.8969,1277.37,317.3,1366.11,502.48
577,19.233,person,person,139,0.903,834.01,349.48,945.06,525.11
577,19.233,person,person,236,0.873,750.24,69.54,795.48,157.52
577,19.233,person,person,8,0.7827,806.69,24.76,841.03,84.59
577,19.233,person,person,176,0.7261,1031.44,65.9,1080.16,146.58
577,19.233,person,person,405,0.7812,1015.45,0.34,1047.35,49.85
577,19.233,person,person,436,0.4258,65.19,424.54,104.14,476.03
577,19.233,ball,sports ball,114,0.3317,1022.84,273.1,1034.12,281.77
577,19.233,racket,tennis racket,497,0.6142,825.67,462.88,860.86,497.56
577,19.233,person,person,510,0.4515,1421.5,49.61,1443.63,85.82
577,19.233,ball,sports ball,523,0.3606,1222.45,269.17,1232.03,277.14
578,19.267,person,person,1,0.9001,1276.37,315.73,1363.9,500.97
578,19.267,person,person,139,0.8974,839.0,351.14,950.13,524.83
578,19.267,person,person,236,0.8846,748.56,69.55,794.23,157.75
578,19.267,person,person,8,0.7805,806.49,24.47,841.32,84.83
578,19.267,person,person,176,0.7247,1031.75,65.81,1079.08,146.12
578,19.267,person,person,405,0.7783,1014.19,0.28,1045.59,49.67
578,19.267,person,person,436,0.3298,64.81,424.42,104.78,476.9
578,19.267,ball,sports ball,114,0.2868,1022.86,273.11,1034.13,281.77
578,19.267,racket,tennis racket,497,0.5345,832.15,468.4,865.02,499.76
578,19.267,person,person,510,0.4512,1421.66,49.38,1443.54,85.58
578,19.267,ball,sports ball,523,0.3711,1222.45,269.17,1232.04,277.15
579,19.3,person,person,1,0.8994,1276.34,315.18,1362.76,500.42
579,19.3,person,person,139,0.8981,840.4,351.73,952.21,524.65
579,19.3,person,person,236,0.8848,747.87,69.55,793.86,157.82
579,19.3,person,person,8,0.7786,806.37,24.37,841.55,85.0
579,19.3,person,person,176,0.7257,1032.19,65.76,1078.41,145.99
579,19.3,person,person,405,0.7789,1013.81,0.26,1044.84,49.64
579,19.3,person,person,436,0.3498,64.61,424.4,104.96,477.01
579,19.3,ball,sports ball,114,0.2799,1022.87,273.11,1034.12,281.78
579,19.3,racket,tennis racket,497,0.5374,833.92,470.08,866.61,500.41
579,19.3,person,person,510,0.455,1421.77,49.25,1443.49,85.54
579,19.3,ball,sports ball,523,0.3711,1222.45,269.18,1232.05,277.15
580,19.333,person,person,1,0.8937,1275.69,314.3,1360.73,498.59
580,19.333,person,person,139,0.9085,844.69,352.48,957.32,525.01
580,19.333,person,person,236,0.8669,747.04,69.8,793.25,157.88
580,19.333,person,person,8,0.7737,806.39,24.11,841.87,85.14
580,19.333,person,person,176,0.7439,1031.47,65.8,1076.02,145.76
580,19.333,person,person,405,0.7663,1011.34,0.16,1042.35,49.49
580,19.333,person,person,436,0.4066,64.75,424.28,105.18,476.55
580,19.333,ball,sports ball,114,0.2968,1022.87,273.17,1034.07,281.79
580,19.333,racket,tennis racket,497,0.5975,840.03,471.29,873.72,501.63
580,19.333,person,person,510,0.4701,1421.86,48.99,1443.43,85.37
580,19.333,ball,sports ball,523,0.3412,1222.42,269.15,1232.08,277.16
581,19.367,person,person,1,0.8882,1274.68,313.57,1357.83,495.37
581,19.367,person,person,139,0.8812,848.83,353.01,961.97,524.84
581,19.367,person,person,236,0.8305,746.24,69.98,792.61,157.83
581,19.367,person,person,8,0.7687,806.96,23.87,842.58,85.19
581,19.367,person,person,176,0.7957,1029.03,65.77,1072.52,145.47
581,19.367,person,person,405,0.7721,1009.59,0.21,1041.02,49.74
581,19.367,person,person,436,0.3968,64.64,424.31,105.22,476.41
581,19.367,ball,sports ball,114,0.2642,1022.84,273.17,1034.07,281.8
581,19.367,person,person,510,0.4897,1421.92,48.85,1443.35,85.28
581,19.367,ball,sports ball,523,0.326,1222.4,269.15,1232.07,277.17
582,19.4,person,person,1,0.8986,1272.95,312.71,1354.69,492.2
582,19.4,person,person,139,0.8461,855.81,354.06,962.26,512.92
582,19.4,person,person,236,0.7053,743.34,70.56,789.09,157.86
582,19.4,person,person,8,0.7196,808.63,24.06,844.32,85.13
582,19.4,person,person,176,0.8024,1030.74,65.69,1073.79,145.73
582,19.4,person,person,405,0.7635,1008.05,0.4,1040.06,50.14
582,19.4,person,person,436,0.362,64.38,424.34,105.36,476.68
582,19.4,person,person,510,0.494,1422.05,48.73,1443.28,85.1
582,19.4,ball,sports ball,523,0.3152,1222.37,269.13,1232.07,277.17
583,19.433,person,person,1,0.9033,1270.66,312.17,1351.36,489.41
583,19.433,person,person,139,0.8223,858.63,354.68,966.46,513.85
583,19.433,person,person,236,0.6803,739.7,70.53,784.55,158.02
583,19.433,person,person,8,0.721,808.51,23.74,844.39,85.25
583,19.433,person,person,176,0.7439,1029.63,66.05,1071.7,145.76
583,19.433,person,person,405,0.8031,1007.23,0.73,1039.37,50.1
583,19.433,person,person,436,0.3575,64.26,424.31,105.43,476.62
583,19.433,person,person,510,0.5059,1422.02,48.76,1443.36,85.61
583,19.433,ball,sports ball,523,0.3195,1222.35,269.11,1232.08,277.17
584,19.467,person,person,1,0.9134,1266.51,311.1,1346.77,486.12
584,19.467,person,person,139,0.8905,860.03,355.59,972.36,520.83
584,19.467,person,person,236,0.7506,737.21,70.66,781.14,158.14
584,19.467,person,person,8,0.7241,808.73,23.43,844.69,85.27
584,19.467,person,person,176,0.7465,1029.78,65.93,1071.97,145.95
584,19.467,person,person,405,0.8027,1006.62,0.64,1039.11,50.08
584,19.467,person,person,436,0.3374,64.03,424.26,105.44,476.68
584,19.467,person,person,510,0.4761,1422.35,49.08,1443.31,85.51
584,19.467,ball,sports ball,523,0.3156,1222.39,269.16,1232.05,277.15
585,19.5,person,person,1,0.9133,1264.84,310.72,1345.26,484.95
585,19.5,person,person,139,0.8903,860.38,355.89,974.59,523.39
585,19.5,person,person,236,0.7474,736.6,70.71,779.69,158.16
585,19.5,person,person,8,0.7265,808.84,23.31,844.76,85.27
585,19.5,person,person,176,0.746,1029.92,65.88,1072.16,146.05
585,19.5,person,person,405,0.8038,1006.38,0.6,1039.16,50.06
585,19.5,person,person,436,0.3837,64.06,424.31,105.47,476.49
585,19.5,person,person,510,0.4701,1422.44,49.19,1443.2,85.49
585,19.5,ball,sports ball,523,0.3267,1222.36,269.19,1232.03,277.18
585,19.5,racket,tennis racket,552,0.3534,1057.43,95.0,1076.01,119.55
585,19.5,person,person,553,0.3425,389.0,67.51,408.48,113.78
586,19.533,person,person,1,0.9164,1261.13,310.57,1341.77,482.74
586,19.533,person,person,139,0.7152,862.99,357.09,977.43,524.36
586,19.533,person,person,236,0.6717,736.37,70.93,778.94,158.29
586,19.533,person,person,8,0.6928,809.37,23.37,845.23,85.31
586,19.533,person,person,176,0.6935,1027.9,65.77,1070.7,146.11
586,19.533,person,person,405,0.7685,1006.14,0.61,1039.1,49.87
586,19.533,person,person,436,0.3798,64.07,424.24,105.71,476.47
586,19.533,person,person,510,0.3391,1422.5,49.49,1442.89,85.19
586,19.533,ball,sports ball,523,0.3554,1222.38,269.17,1232.05,277.15
586,19.533,racket,tennis racket,552,0.3169,1056.75,97.08,1073.89,119.57
586,19.533,person,person,553,0.2937,388.26,67.08,407.92,113.72
586,19.533,ball,sports ball,114,0.2523,1022.85,273.17,1034.1,281.81
587,19.567,person,person,1,0.8897,1255.03,310.38,1337.05,481.24
587,19.567,person,person,139,0.781,856.06,357.74,967.09,524.48
587,19.567,person,person,236,0.5298,736.3,70.99,778.81,158.46
587,19.567,person,person,8,0.6788,810.08,23.31,845.9,85.07
587,19.567,person,person,176,0.7413,1023.07,65.85,1066.47,146.09
587,19.567,person,person,405,0.7711,1005.62,0.55,1038.88,49.88
587,19.567,person,person,436,0.3835,63.93,424.23,105.7,476.44
587,19.567,person,person,510,0.332,1422.38,49.8,1442.59,85.18
587,19.567,ball,sports ball,523,0.3654,1222.36,269.15,1232.07,277.16
587,19.567,racket,tennis racket,552,0.3431,1055.57,96.86,1072.87,119.31
587,19.567,person,person,553,0.3014,387.3,66.56,407.17,113.58
588,19.6,person,person,1,0.9165,1248.72,309.68,1332.66,479.43
588,19.6,person,person,139,0.8023,867.17,359.25,977.98,524.63
588,19.6,person,person,236,0.7191,734.32,70.96,776.13,158.2
588,19.6,person,person,8,0.7192,809.82,23.34,845.6,85.35
588,19.6,person,person,176,0.7866,1018.37,65.88,1062.21,146.44
588,19.6,person,person,405,0.7696,1004.56,0.42,1038.39,50.21
588,19.6,person,person,436,0.3494,63.6,424.21,105.69,476.75
588,19.6,person,person,510,0.283,1422.72,50.57,1442.54,85.21
588,19.6,ball,sports ball,523,0.3926,1222.35,269.1,1232.13,277.16
588,19.6,racket,tennis racket,560,0.6115,915.02,473.67,958.99,503.29
588,19.6,ball,sports ball,114,0.2628,1022.85,273.17,1034.11,281.8
589,19.633,person,person,1,0.9154,1241.96,309.37,1328.54,478.7
589,19.633,person,person,139,0.8956,874.02,360.0,985.45,524.95
589,19.633,person,person,236,0.7921,732.72,71.02,773.88,158.03
589,19.633,person,person,8,0.7377,810.17,23.35,845.94,85.47
589,19.633,person,person,176,0.8316,1015.31,66.02,1059.39,146.73
589,19.633,person,person,405,0.8,1003.6,0.43,1037.75,50.33
589,19.633,person,person,436,0.4149,63.63,424.27,105.55,476.47
589,19.633,ball,sports ball,523,0.41,1222.39,269.16,1232.11,277.18
589,19.633,racket,tennis racket,562,0.5385,1259.26,376.52,1286.25,399.62
589,19.633,ball,sports ball,114,0.2784,1022.85,273.18,1034.1,281.79
589,19.633,person,person,553,0.3153,388.38,65.67,408.46,113.25
590,19.667,person,person,1,0.9105,1235.58,309.24,1325.38,479.09
590,19.667,person,person,139,0.9106,877.55,360.57,990.09,525.85
590,19.667,person,person,236,0.8093,729.71,70.86,770.09,158.19
590,19.667,person,person,8,0.7436,810.59,23.39,846.28,85.49
590,19.667,person,person,176,0.8526,1014.15,66.03,1058.5,146.81
590,19.667,person,person,405,0.8023,1002.93,0.55,1037.3,50.47
590,19.667,person,person,436,0.3994,63.77,424.16,105.94,476.48
590,19.667,ball,sports ball,523,0.4362,1222.41,269.19,1232.11,277.18
590,19.667,racket,tennis racket,562,0.6154,1254.73,374.67,1283.56,399.28
590,19.667,ball,sports ball,114,0.3018,1022.87,273.19,1034.08,281.77
591,19.7,person,person,1,0.9106,1232.51,309.18,1325.14,479.32
591,19.7,person,person,139,0.9111,878.53,360.75,991.98,526.12
591,19.7,person,person,236,0.8107,728.82,70.76,768.41,158.23
591,19.7,person,person,8,0.7439,810.64,23.42,846.25,85.47
591,19.7,person,person,176,0.8519,1013.72,65.99,1058.28,146.81
591,19.7,person,person,405,0.805,1002.62,0.63,1037.09,50.46
591,19.7,person,person,436,0.4249,63.84,424.12,106.06,476.32
591,19.7,ball,sports ball,523,0.4253,1222.41,269.21,1232.09,277.19
591,19.7,racket,tennis racket,562,0.6173,1253.13,374.01,1282.7,399.16
591,19.7,ball,sports ball,114,0.3061,1022.87,273.19,1034.07,281.75
591,19.7,racket,tennis racket,565,0.5867,943.75,471.2,984.41,500.62
592,19.733,person,person,1,0.9053,1228.51,309.17,1323.8,479.69
592,19.733,person,person,139,0.9061,880.11,361.88,995.03,527.72
592,19.733,person,person,236,0.8304,727.93,70.89,766.75,158.32
592,19.733,person,person,8,0.7447,811.38,23.37,846.79,85.12
592,19.733,person,person,176,0.8597,1013.16,66.02,1057.85,146.96
592,19.733,person,person,405,0.8093,1001.92,0.73,1036.48,50.52
592,19.733,person,person,436,0.4163,63.76,424.11,106.11,476.32
592,19.733,ball,sports ball,523,0.4306,1222.41,269.26,1232.04,277.19
592,19.733,racket,tennis racket,562,0.5786,1248.87,371.17,1280.27,397.8
592,19.733,ball,sports ball,114,0.3055,1022.86,273.19,1034.07,281.75
592,19.733,racket,tennis racket,565,0.7014,947.1,470.05,986.96,498.78
592,19.733,person,person,553,0.2541,390.01,66.64,409.28,112.27
593,19.767,person,person,1,0.8943,1225.31,309.0,1322.82,479.77
593,19.767,person,person,139,0.9072,881.7,362.79,998.15,528.82
593,19.767,person,person,236,0.8378,727.32,71.11,765.47,158.18
593,19.767,person,person,8,0.7216,811.6,23.28,846.82,84.9
593,19.767,person,person,176,0.8547,1012.59,65.53,1057.51,146.93
593,19.767,person,person,405,0.802,1001.07,0.64,1035.77,50.5
593,19.767,person,person,436,0.4013,63.62,424.11,106.22,476.54
593,19.767,ball,sports ball,523,0.4272,1222.4,269.3,1232.0,277.2
593,19.767,racket,tennis racket,562,0.5857,1243.59,365.35,1277.48,394.12
593,19.767,ball,sports ball,114,0.289,1022.86,273.19,1034.08,281.76
593,19.767,racket,tennis racket,565,0.6908,951.12,469.65,991.41,498.54
593,19.767,person,person,553,0.2624,390.29,66.22,410.26,113.51
593,19.767,person,person,510,0.2628,1422.53,51.81,1441.58,84.61
594,19.8,person,person,1,0.8858,1223.24,308.26,1322.59,479.78
594,19.8,person,person,139,0.9065,884.23,363.11,1001.97,529.02
594,19.8,person,person,236,0.8307,726.11,71.25,763.96,158.09
594,19.8,person,person,8,0.7433,811.75,23.21,846.9,84.89
594,19.8,person,person,176,0.8571,1012.01,65.26,1056.98,147.03
594,19.8,person,person,405,0.7892,999.98,0.65,1034.57,50.38
594,19.8,person,person,436,0.4175,63.67,424.08,106.3,476.39
594,19.8,ball,sports ball,523,0.4181,1222.37,269.37,1232.0,277.27
594,19.8,racket,tennis racket,562,0.5463,1241.37,358.99,1273.2,385.94
594,19.8,ball,sports ball,114,0.2754,1022.75,273.23,1034.0,281.82
594,19.8,racket,tennis racket,565,0.6874,955.76,469.67,996.74,498.93
594,19.8,person,person,553,0.3271,390.2,66.52,410.37,114.39
594,19.8,person,person,510,0.2774,1422.48,51.99,1441.48,84.29
595,19.833,person,person,1,0.8885,1220.97,308.51,1321.32,479.65
595,19.833,person,person,139,0.9104,888.6,363.02,1007.54,528.76
595,19.833,person,person,236,0.8363,725.31,71.42,763.03,158.02
595,19.833,person,person,8,0.7364,811.82,23.06,846.9,84.89
595,19.833,person,person,176,0.8573,1011.63,64.87,1056.39,146.47
595,19.833,person,person,405,0.8029,997.86,0.64,1031.93,50.39
595,19.833,person,person,436,0.4084,63.65,424.03,106.4,476.36
595,19.833,ball,sports ball,523,0.4094,1222.29,269.32,1232.03,277.29
595,19.833,racket,tennis racket,562,0.6537,1238.88,352.77,1271.53,380.64
595,19.833,ball,sports ball,114,0.2881,1022.71,273.25,1034.0,281.86
595,19.833,racket,tennis racket,565,0.6531,956.24,469.84,999.05,500.18
595,19.833,person,person,553,0.2872,389.91,66.87,410.18,115.06
596,19.867,person,person,1,0.8743,1219.31,308.02,1320.38,479.19
596,19.867,person,person,139,0.9118,894.03,363.26,1013.63,528.94
596,19.867,person,person,236,0.8345,724.55,71.42,762.39,158.12
596,19.867,person,person,8,0.7411,811.73,23.12,846.55,84.84
596,19.867,person,person,176,0.8394,1011.34,64.67,1055.75,146.02
596,19.867,person,person,405,0.8022,996.51,0.68,1029.96,50.39
596,19.867,person,person,436,0.3989,63.4,424.06,106.26,476.5
596,19.867,ball,sports ball,523,0.4231,1222.29,269.32,1232.04,277.28
596,19.867,racket,tennis racket,562,0.53,1238.31,348.67,1269.99,376.05
596,19.867,ball,sports ball,114,0.3062,1022.69,273.28,1033.95,281.88
596,19.867,racket,tennis racket,565,0.5648,957.03,471.29,1001.07,502.33
596,19.867,person,person,553,0.2957,390.12,67.55,410.56,115.92
597,19.9,person,person,1,0.8735,1218.61,307.85,1320.31,479.06
597,19.9,person,person,139,0.9117,895.77,363.34,1015.99,528.96
597,19.9,person,person,236,0.8341,724.29,71.42,762.21,158.17
597,19.9,person,person,8,0.7386,811.67,23.11,846.32,84.83
597,19.9,person,person,176,0.8387,1011.35,64.6,1055.5,145.87
597,19.9,person,person,405,0.8018,996.2,0.7,1029.1,50.4
597,19.9,person,person,436,0.3983,63.31,424.07,106.24,476.57
597,19.9,ball,sports ball,523,0.4242,1222.29,269.31,1232.05,277.27
597,19.9,racket,tennis racket,562,0.5262,1238.38,347.28,1269.36,374.39
597,19.9,ball,sports ball,114,0.3024,1022.68,273.3,1033.94,281.9
597,19.9,racket,tennis racket,565,0.5655,957.16,471.87,1001.75,503.12
597,19.9,person,person,553,0.3,390.08,67.82,410.6,116.25
597,19.9,racket,tennis racket,567,0.3015,1221.4,381.52,1254.14,394.31
598,19.933,person,person,1,0.8868,1216.61,308.31,1318.54,478.8
598,19.933,person,person,139,0.8971,900.03,363.89,1020.44,529.43
598,19.933,person,person,236,0.8262,723.55,71.55,761.61,158.15
598,19.933,person,person,8,0.7542,811.64,23.07,846.12,84.81
598,19.933,person,person,176,0.8148,1009.15,64.2,1053.66,145.55
598,19.933,person,person,405,0.7867,996.18,0.65,1028.71,50.56
598,19.933,person,person,436,0.4312,63.42,424.05,106.21,476.28
598,19.933,ball,sports ball,523,0.4313,1222.27,269.3,1232.07,277.28
598,19.933,racket,tennis racket,562,0.563,1238.04,346.03,1267.4,372.16
598,19.933,ball,sports ball,114,0.3129,1022.66,273.3,1033.9,281.89
598,19.933,racket,tennis racket,565,0.627,959.28,475.56,1002.67,505.86
598,19.933,person,person,553,0.2549,390.28,68.49,410.51,116.14
598,19.933,racket,tennis racket,567,0.4354,1216.49,381.44,1248.49,393.93
599,19.967,person,person,1,0.9141,1213.64,308.41,1315.77,478.14
599,19.967,person,person,139,0.9172,905.26,364.08,1026.15,530.96
599,19.967,person,person,236,0.8307,722.77,71.72,761.01,158.1
599,19.967,person,person,8,0.7425,811.81,23.07,846.16,84.8
599,19.967,person,person,176,0.8116,1005.92,64.21,1050.94,145.41
599,19.967,person,person,405,0.7813,996.25,0.77,1028.36,50.66
599,19.967,person,person,436,0.4321,63.44,424.05,106.22,476.18
599,19.967,ball,sports ball,523,0.4211,1222.25,269.29,1232.09,277.29
599,19.967,ball,sports ball,114,0.2729,1022.66,273.3,1033.9,281.89
599,19.967,racket,tennis racket,565,0.5617,958.14,478.36,1002.47,509.31
599,19.967,person,person,553,0.3145,391.78,68.04,412.52,115.77
600,20.0,person,person,1,0.911,1212.81,307.98,1314.53,476.91
600,20.0,person,person,139,0.8903,910.24,364.54,1033.27,535.27
600,20.0,person,person,236,0.8315,721.84,71.73,760.37,158.07
600,20.0,person,person,8,0.712,812.2,22.99,846.37,84.64
600,20.0,person,person,176,0.6686,1007.76,64.1,1052.22,145.28
600,20.0,person,person,405,0.7756,996.63,0.65,1028.37,50.52
600,20.0,person,person,436,0.3676,62.8,424.07,105.96,476.85
600,20.0,ball,sports ball,523,0.4525,1222.37,269.22,1232.13,277.18
600,20.0,ball,sports ball,114,0.3477,1022.71,273.27,1033.99,281.91
600,20.0,racket,tennis racket,565,0.3225,957.07,481.77,1001.41,512.73
600,20.0,person,person,553,0.3223,392.43,67.42,413.53,115.27
601,20.033,person,person,1,0.8748,1208.38,307.23,1310.5,475.72
601,20.033,person,person,139,0.9021,913.68,365.97,1038.96,541.02
601,20.033,person,person,236,0.834,720.59,71.8,759.09,157.38
601,20.033,person,person,8,0.7252,812.17,22.93,846.17,84.57
601,20.033,person,person,176,0.6403,1008.5,64.15,1052.17,145.38
601,20.033,person,person,405,0.7561,996.85,0.52,1028.33,50.4
601,20.033,person,person,436,0.3641,62.71,424.02,105.84,476.91
601,20.033,ball,sports ball,523,0.4833,1222.38,269.19,1232.18,277.18
601,20.033,ball,sports ball,114,0.3668,1022.72,273.25,1034.02,281.92
601,20.033,racket,tennis racket,565,0.5203,954.84,486.49,998.88,517.38
602,20.067,person,person,1,0.8868,1207.51,306.78,1309.19,474.68
602,20.067,person,person,139,0.8881,916.11,367.42,1045.15,549.35
602,20.067,person,person,236,0.8425,719.35,71.79,758.19,156.79
602,20.067,person,person,8,0.7052,812.19,23.4,846.04,85.12
602,20.067,person,person,176,0.6396,1008.84,64.14,1051.77,145.7
602,20.067,person,person,405,0.7265,996.96,0.61,1028.06,50.2
602,20.067,person,person,436,0.3768,62.77,424.01,105.67,476.73
602,20.067,ball,sports ball,523,0.4879,1222.44,269.2,1232.22,277.19
602,20.067,ball,sports ball,114,0.3388,1022.74,273.26,1034.0,281.91
602,20.067,racket,tennis racket,565,0.5332,951.12,491.07,996.1,522.88
602,20.067,person,person,553,0.2837,394.85,66.35,415.11,112.24
603,20.1,person,person,1,0.8878,1207.42,306.59,1308.88,474.28
603,20.1,person,person,139,0.8886,917.24,367.96,1047.08,552.5
603,20.1,person,person,236,0.8425,718.74,71.77,758.03,156.58
603,20.1,person,person,8,0.7072,812.19,23.22,845.93,85.07
603,20.1,person,person,176,0.6482,1009.2,64.11,1051.38,145.81
603,20.1,person,person,405,0.7253,997.09,0.63,1027.95,50.12
603,20.1,person,person,436,0.3802,62.75,424.02,105.48,476.67
603,20.1,ball,sports ball,523,0.4836,1222.45,269.21,1232.23,277.19
603,20.1,ball,sports ball,114,0.3526,1022.75,273.25,1033.99,281.9
603,20.1,racket,tennis racket,565,0.5311,949.83,492.72,994.9,524.86
603,20.1,racket,tennis racket,576,0.4249,1187.45,364.78,1229.19,379.32
603,20.1,person,person,553,0.3293,395.36,66.04,415.7,112.05
